  alphablitforpostal.cpp
C:\Users\ookam\Code\survival\postal-code\RSPiX\Src\BLUE\unix\UnixSystem.h(247,5): warning C4996: '_snprintf': This function or variable may be unsafe. Consider using _snprintf_s instead. To disable deprecation, use _CRT_SECURE_NO_WARNINGS. See online help for details.
  (compiling source file 'alphablitforpostal.cpp')
  
C:\Users\ookam\Code\survival\postal-code\RSPiX\Src\BLUE\unix\UnixSystem.h(253,5): warning C4996: '_snprintf': This function or variable may be unsafe. Consider using _snprintf_s instead. To disable deprecation, use _CRT_SECURE_NO_WARNINGS. See online help for details.
  (compiling source file 'alphablitforpostal.cpp')
  
C:\Users\ookam\Code\survival\postal-code\RSPiX\Src\BLUE\unix\UnixSystem.h(259,5): warning C4996: '_snprintf': This function or variable may be unsafe. Consider using _snprintf_s instead. To disable deprecation, use _CRT_SECURE_NO_WARNINGS. See online help for details.
  (compiling source file 'alphablitforpostal.cpp')
  
C:\Users\ookam\Code\survival\postal-code\RSPiX\Src\ORANGE\QuickMath\QuickMath.h(192,12): warning C4244: '=': conversion from 'S64' to 'S32', possible loss of data
  (compiling source file 'alphablitforpostal.cpp')
  
C:\Users\ookam\Code\survival\postal-code\RSPiX\Src\ORANGE\QuickMath\QuickMath.h(193,12): warning C4244: '=': conversion from 'S64' to 'S32', possible loss of data
  (compiling source file 'alphablitforpostal.cpp')
  
C:\Users\ookam\Code\survival\postal-code\RSPiX\Src\ORANGE\QuickMath\VectorMath.h(86,2): warning C5208: unnamed class used in typedef name cannot declare members other than non-static data members, member enumerations, or member classes
  (compiling source file 'alphablitforpostal.cpp')
  
C:\Users\ookam\Code\survival\postal-code\RSPiX\Src\ORANGE\QuickMath\VectorMath.h(136,9): warning C4244: 'initializing': conversion from 'double' to 'float', possible loss of data
  (compiling source file 'alphablitforpostal.cpp')
  
C:\Users\ookam\Code\survival\postal-code\RSPiX\Src\ORANGE\Meter\meter.h(192,4): warning C4996: 'strcpy': This function or variable may be unsafe. Consider using strcpy_s instead. To disable deprecation, use _CRT_SECURE_NO_WARNINGS. See online help for details.
  (compiling source file 'alphablitforpostal.cpp')
  
C:\Users\ookam\Code\survival\postal-code\RSPiX\Src\ORANGE\RString\rstring.h(408,16): warning C4996: 'sprintf': This function or variable may be unsafe. Consider using sprintf_s instead. To disable deprecation, use _CRT_SECURE_NO_WARNINGS. See online help for details.
  (compiling source file 'alphablitforpostal.cpp')
  
C:\Users\ookam\Code\survival\postal-code\RSPiX\Src\ORANGE\RString\rstring.h(416,16): warning C4996: 'sprintf': This function or variable may be unsafe. Consider using sprintf_s instead. To disable deprecation, use _CRT_SECURE_NO_WARNINGS. See online help for details.
  (compiling source file 'alphablitforpostal.cpp')
  
C:\Users\ookam\Code\survival\postal-code\RSPiX\Src\ORANGE\RString\rstring.h(424,16): warning C4996: 'sprintf': This function or variable may be unsafe. Consider using sprintf_s instead. To disable deprecation, use _CRT_SECURE_NO_WARNINGS. See online help for details.
  (compiling source file 'alphablitforpostal.cpp')
  
C:\Users\ookam\Code\survival\postal-code\RSPiX\Src\ORANGE\RString\rstring.h(432,16): warning C4996: 'sprintf': This function or variable may be unsafe. Consider using sprintf_s instead. To disable deprecation, use _CRT_SECURE_NO_WARNINGS. See online help for details.
  (compiling source file 'alphablitforpostal.cpp')
  
C:\Users\ookam\Code\survival\postal-code\RSPiX\Src\ORANGE\RString\rstring.h(499,17): warning C4996: 'sprintf': This function or variable may be unsafe. Consider using sprintf_s instead. To disable deprecation, use _CRT_SECURE_NO_WARNINGS. See online help for details.
  (compiling source file 'alphablitforpostal.cpp')
  
C:\Users\ookam\Code\survival\postal-code\RSPiX\Src\ORANGE\RString\rstring.h(507,17): warning C4996: 'sprintf': This function or variable may be unsafe. Consider using sprintf_s instead. To disable deprecation, use _CRT_SECURE_NO_WARNINGS. See online help for details.
  (compiling source file 'alphablitforpostal.cpp')
  
C:\Users\ookam\Code\survival\postal-code\RSPiX\Src\ORANGE\RString\rstring.h(515,17): warning C4996: 'sprintf': This function or variable may be unsafe. Consider using sprintf_s instead. To disable deprecation, use _CRT_SECURE_NO_WARNINGS. See online help for details.
  (compiling source file 'alphablitforpostal.cpp')
  
C:\Users\ookam\Code\survival\postal-code\RSPiX\Src\ORANGE\RString\rstring.h(523,17): warning C4996: 'sprintf': This function or variable may be unsafe. Consider using sprintf_s instead. To disable deprecation, use _CRT_SECURE_NO_WARNINGS. See online help for details.
  (compiling source file 'alphablitforpostal.cpp')
  
C:\Users\ookam\Code\survival\postal-code\settings.h(41,4): warning C4091: 'typedef ': ignored on left of 'CSettings::<unnamed-enum-MemFileSize>' when no variable is declared
  (compiling source file 'alphablitforpostal.cpp')
  
C:\Users\ookam\Code\survival\postal-code\WishPiX\Prefs\prefline.h(56,16): warning C4091: 'typedef ': ignored on left of 'RPrefsLine::ePrefsLineType' when no variable is declared
  (compiling source file 'alphablitforpostal.cpp')
  
C:\Users\ookam\Code\survival\postal-code\WishPiX\Prefs\prefs.h(47,16): warning C4091: 'typedef ': ignored on left of 'RPrefs::ePrefs' when no variable is declared
  (compiling source file 'alphablitforpostal.cpp')
  
C:\Users\ookam\Code\survival\postal-code\StockPile.h(94,4): warning C4091: 'typedef ': ignored on left of 'CStockPile::<unnamed-enum-Bullets>' when no variable is declared
  (compiling source file 'alphablitforpostal.cpp')
  
C:\Users\ookam\Code\survival\postal-code\alphablitforpostal.cpp(266,13): warning C4018: '<': signed/unsigned mismatch
C:\Users\ookam\Code\survival\postal-code\alphablitforpostal.cpp(268,13): warning C4996: 'fopen': This function or variable may be unsafe. Consider using fopen_s instead. To disable deprecation, use _CRT_SECURE_NO_WARNINGS. See online help for details.
C:\Users\ookam\Code\survival\postal-code\alphablitforpostal.cpp(414,13): warning C4018: '<': signed/unsigned mismatch
C:\Users\ookam\Code\survival\postal-code\alphablitforpostal.cpp(415,13): warning C4018: '<': signed/unsigned mismatch
  AnimThing.cpp
C:\Users\ookam\Code\survival\postal-code\AnimThing.cpp(68,9): warning C4603: 'ANIMTHING_CPP': macro is not defined or definition is different after precompiled header use
  (compiling source file '/AnimThing.cpp')
      C:\Users\ookam\Code\survival\postal-code\AnimThing.cpp(68,9):
      Add macro to precompiled header instead of defining here
      C:\Users\ookam\Code\survival\postal-code\AnimThing.cpp(70,1):
      use of precompiled header
  
C:\Users\ookam\Code\survival\postal-code\settings.h(41,4): warning C4091: 'typedef ': ignored on left of 'CSettings::<unnamed-enum-MemFileSize>' when no variable is declared
  (compiling source file '/AnimThing.cpp')
  
C:\Users\ookam\Code\survival\postal-code\WishPiX\Prefs\prefline.h(56,16): warning C4091: 'typedef ': ignored on left of 'RPrefsLine::ePrefsLineType' when no variable is declared
  (compiling source file '/AnimThing.cpp')
  
C:\Users\ookam\Code\survival\postal-code\WishPiX\Prefs\prefs.h(47,16): warning C4091: 'typedef ': ignored on left of 'RPrefs::ePrefs' when no variable is declared
  (compiling source file '/AnimThing.cpp')
  
C:\Users\ookam\Code\survival\postal-code\StockPile.h(94,4): warning C4091: 'typedef ': ignored on left of 'CStockPile::<unnamed-enum-Bullets>' when no variable is declared
  (compiling source file '/AnimThing.cpp')
  
C:\Users\ookam\Code\survival\postal-code\sprites.h(110,4): warning C4091: 'typedef ': ignored on left of 'CSprite::<unnamed-enum-InAlpha>' when no variable is declared
  (compiling source file '/AnimThing.cpp')
  
C:\Users\ookam\Code\survival\postal-code\sprites.h(126,4): warning C4091: 'typedef ': ignored on left of 'CSprite::<unnamed-enum-OutRendered>' when no variable is declared
  (compiling source file '/AnimThing.cpp')
  
C:\Users\ookam\Code\survival\postal-code\sprites.h(132,4): warning C4091: 'typedef ': ignored on left of 'CSprite::<unnamed-enum-PrivInserted>' when no variable is declared
  (compiling source file '/AnimThing.cpp')
  
C:\Users\ookam\Code\survival\postal-code\thing.h(385,4): warning C4091: 'typedef ': ignored on left of 'CThing::<unnamed-enum-CHoodID>' when no variable is declared
  (compiling source file '/AnimThing.cpp')
  
C:\Users\ookam\Code\survival\postal-code\realm.h(504,4): warning C4091: 'typedef ': ignored on left of 'CRealm::<unnamed-enum-Standard>' when no variable is declared
  (compiling source file '/AnimThing.cpp')
  
C:\Users\ookam\Code\survival\postal-code\weapon.h(95,2): warning C4091: 'typedef ': ignored on left of 'CWeapon::<unnamed-enum-State_Idle>' when no variable is declared
  (compiling source file '/AnimThing.cpp')
  
C:\Users\ookam\Code\survival\postal-code\character.h(460,32): warning C4244: 'argument': conversion from 'double' to 'int16_t', possible loss of data
  (compiling source file '/AnimThing.cpp')
  
C:\Users\ookam\Code\survival\postal-code\character.h(460,19): warning C4244: 'argument': conversion from 'double' to 'int16_t', possible loss of data
  (compiling source file '/AnimThing.cpp')
  
C:\Users\ookam\Code\survival\postal-code\AnimThing.cpp(254,4): warning C4244: 'argument': conversion from 'double' to 'int16_t', possible loss of data
  (compiling source file '/AnimThing.cpp')
  
C:\Users\ookam\Code\survival\postal-code\AnimThing.cpp(253,4): warning C4244: 'argument': conversion from 'double' to 'int16_t', possible loss of data
  (compiling source file '/AnimThing.cpp')
  
C:\Users\ookam\Code\survival\postal-code\AnimThing.cpp(252,4): warning C4244: 'argument': conversion from 'double' to 'int16_t', possible loss of data
  (compiling source file '/AnimThing.cpp')
  
C:\Users\ookam\Code\survival\postal-code\AnimThing.cpp(263,26): warning C4244: '=': conversion from 'double' to 'int16_t', possible loss of data
  (compiling source file '/AnimThing.cpp')
  
C:\Users\ookam\Code\survival\postal-code\AnimThing.cpp(475,3): warning C4244: 'argument': conversion from 'double' to 'int16_t', possible loss of data
  (compiling source file '/AnimThing.cpp')
  
C:\Users\ookam\Code\survival\postal-code\AnimThing.cpp(474,3): warning C4244: 'argument': conversion from 'double' to 'int16_t', possible loss of data
  (compiling source file '/AnimThing.cpp')
  
C:\Users\ookam\Code\survival\postal-code\AnimThing.cpp(473,3): warning C4244: 'argument': conversion from 'double' to 'int16_t', possible loss of data
  (compiling source file '/AnimThing.cpp')
  
  ball.cpp
C:\Users\ookam\Code\survival\postal-code\ball.cpp(84,9): warning C4603: 'BALL_CPP': macro is not defined or definition is different after precompiled header use
  (compiling source file '/ball.cpp')
      C:\Users\ookam\Code\survival\postal-code\ball.cpp(84,9):
      Add macro to precompiled header instead of defining here
      C:\Users\ookam\Code\survival\postal-code\ball.cpp(86,1):
      use of precompiled header
  
C:\Users\ookam\Code\survival\postal-code\settings.h(41,4): warning C4091: 'typedef ': ignored on left of 'CSettings::<unnamed-enum-MemFileSize>' when no variable is declared
  (compiling source file '/ball.cpp')
  
C:\Users\ookam\Code\survival\postal-code\WishPiX\Prefs\prefline.h(56,16): warning C4091: 'typedef ': ignored on left of 'RPrefsLine::ePrefsLineType' when no variable is declared
  (compiling source file '/ball.cpp')
  
C:\Users\ookam\Code\survival\postal-code\WishPiX\Prefs\prefs.h(47,16): warning C4091: 'typedef ': ignored on left of 'RPrefs::ePrefs' when no variable is declared
  (compiling source file '/ball.cpp')
  
C:\Users\ookam\Code\survival\postal-code\StockPile.h(94,4): warning C4091: 'typedef ': ignored on left of 'CStockPile::<unnamed-enum-Bullets>' when no variable is declared
  (compiling source file '/ball.cpp')
  
C:\Users\ookam\Code\survival\postal-code\sprites.h(110,4): warning C4091: 'typedef ': ignored on left of 'CSprite::<unnamed-enum-InAlpha>' when no variable is declared
  (compiling source file '/ball.cpp')
  
C:\Users\ookam\Code\survival\postal-code\sprites.h(126,4): warning C4091: 'typedef ': ignored on left of 'CSprite::<unnamed-enum-OutRendered>' when no variable is declared
  (compiling source file '/ball.cpp')
  
C:\Users\ookam\Code\survival\postal-code\sprites.h(132,4): warning C4091: 'typedef ': ignored on left of 'CSprite::<unnamed-enum-PrivInserted>' when no variable is declared
  (compiling source file '/ball.cpp')
  
C:\Users\ookam\Code\survival\postal-code\thing.h(385,4): warning C4091: 'typedef ': ignored on left of 'CThing::<unnamed-enum-CHoodID>' when no variable is declared
  (compiling source file '/ball.cpp')
  
C:\Users\ookam\Code\survival\postal-code\realm.h(504,4): warning C4091: 'typedef ': ignored on left of 'CRealm::<unnamed-enum-Standard>' when no variable is declared
  (compiling source file '/ball.cpp')
  
C:\Users\ookam\Code\survival\postal-code\ball.cpp(248,44): warning C4244: 'argument': conversion from 'double' to 'int16_t', possible loss of data
  (compiling source file '/ball.cpp')
  
C:\Users\ookam\Code\survival\postal-code\ball.cpp(248,38): warning C4244: 'argument': conversion from 'double' to 'int16_t', possible loss of data
  (compiling source file '/ball.cpp')
  
C:\Users\ookam\Code\survival\postal-code\ball.cpp(314,58): warning C4244: 'argument': conversion from 'double' to 'int16_t', possible loss of data
  (compiling source file '/ball.cpp')
  
C:\Users\ookam\Code\survival\postal-code\ball.cpp(314,51): warning C4244: 'argument': conversion from 'double' to 'int16_t', possible loss of data
  (compiling source file '/ball.cpp')
  
C:\Users\ookam\Code\survival\postal-code\ball.cpp(372,3): warning C4244: 'argument': conversion from 'double' to 'int16_t', possible loss of data
  (compiling source file '/ball.cpp')
  
C:\Users\ookam\Code\survival\postal-code\ball.cpp(371,3): warning C4244: 'argument': conversion from 'double' to 'int16_t', possible loss of data
  (compiling source file '/ball.cpp')
  
C:\Users\ookam\Code\survival\postal-code\ball.cpp(370,3): warning C4244: 'argument': conversion from 'double' to 'int16_t', possible loss of data
  (compiling source file '/ball.cpp')
  
C:\Users\ookam\Code\survival\postal-code\ball.cpp(377,25): warning C4244: '=': conversion from 'double' to 'int16_t', possible loss of data
  (compiling source file '/ball.cpp')
  
C:\Users\ookam\Code\survival\postal-code\ball.cpp(384,23): warning C4244: 'argument': conversion from 'double' to 'int16_t', possible loss of data
  (compiling source file '/ball.cpp')
  
C:\Users\ookam\Code\survival\postal-code\ball.cpp(385,23): warning C4244: 'argument': conversion from 'double' to 'int16_t', possible loss of data
  (compiling source file '/ball.cpp')
  
C:\Users\ookam\Code\survival\postal-code\ball.cpp(586,3): warning C4244: 'argument': conversion from 'double' to 'int16_t', possible loss of data
  (compiling source file '/ball.cpp')
  
C:\Users\ookam\Code\survival\postal-code\ball.cpp(585,3): warning C4244: 'argument': conversion from 'double' to 'int16_t', possible loss of data
  (compiling source file '/ball.cpp')
  
C:\Users\ookam\Code\survival\postal-code\ball.cpp(584,3): warning C4244: 'argument': conversion from 'double' to 'int16_t', possible loss of data
  (compiling source file '/ball.cpp')
  
  barrel.cpp
C:\Users\ookam\Code\survival\postal-code\barrel.cpp(109,9): warning C4603: 'BARREL_CPP': macro is not defined or definition is different after precompiled header use
  (compiling source file '/barrel.cpp')
      C:\Users\ookam\Code\survival\postal-code\barrel.cpp(109,9):
      Add macro to precompiled header instead of defining here
      C:\Users\ookam\Code\survival\postal-code\barrel.cpp(111,1):
      use of precompiled header
  
C:\Users\ookam\Code\survival\postal-code\settings.h(41,4): warning C4091: 'typedef ': ignored on left of 'CSettings::<unnamed-enum-MemFileSize>' when no variable is declared
  (compiling source file '/barrel.cpp')
  
C:\Users\ookam\Code\survival\postal-code\WishPiX\Prefs\prefline.h(56,16): warning C4091: 'typedef ': ignored on left of 'RPrefsLine::ePrefsLineType' when no variable is declared
  (compiling source file '/barrel.cpp')
  
C:\Users\ookam\Code\survival\postal-code\WishPiX\Prefs\prefs.h(47,16): warning C4091: 'typedef ': ignored on left of 'RPrefs::ePrefs' when no variable is declared
  (compiling source file '/barrel.cpp')
  
C:\Users\ookam\Code\survival\postal-code\StockPile.h(94,4): warning C4091: 'typedef ': ignored on left of 'CStockPile::<unnamed-enum-Bullets>' when no variable is declared
  (compiling source file '/barrel.cpp')
  
C:\Users\ookam\Code\survival\postal-code\sprites.h(110,4): warning C4091: 'typedef ': ignored on left of 'CSprite::<unnamed-enum-InAlpha>' when no variable is declared
  (compiling source file '/barrel.cpp')
  
C:\Users\ookam\Code\survival\postal-code\sprites.h(126,4): warning C4091: 'typedef ': ignored on left of 'CSprite::<unnamed-enum-OutRendered>' when no variable is declared
  (compiling source file '/barrel.cpp')
  
C:\Users\ookam\Code\survival\postal-code\sprites.h(132,4): warning C4091: 'typedef ': ignored on left of 'CSprite::<unnamed-enum-PrivInserted>' when no variable is declared
  (compiling source file '/barrel.cpp')
  
C:\Users\ookam\Code\survival\postal-code\thing.h(385,4): warning C4091: 'typedef ': ignored on left of 'CThing::<unnamed-enum-CHoodID>' when no variable is declared
  (compiling source file '/barrel.cpp')
  
C:\Users\ookam\Code\survival\postal-code\realm.h(504,4): warning C4091: 'typedef ': ignored on left of 'CRealm::<unnamed-enum-Standard>' when no variable is declared
  (compiling source file '/barrel.cpp')
  
C:\Users\ookam\Code\survival\postal-code\weapon.h(95,2): warning C4091: 'typedef ': ignored on left of 'CWeapon::<unnamed-enum-State_Idle>' when no variable is declared
  (compiling source file '/barrel.cpp')
  
C:\Users\ookam\Code\survival\postal-code\fire.h(101,2): warning C4091: 'typedef ': ignored on left of 'CFire::<unnamed-enum-LargeFire>' when no variable is declared
  (compiling source file '/barrel.cpp')
  
C:\Users\ookam\Code\survival\postal-code\bouy.h(404,5): warning C4996: 'sprintf': This function or variable may be unsafe. Consider using sprintf_s instead. To disable deprecation, use _CRT_SECURE_NO_WARNINGS. See online help for details.
  (compiling source file '/barrel.cpp')
  
C:\Users\ookam\Code\survival\postal-code\character.h(460,32): warning C4244: 'argument': conversion from 'double' to 'int16_t', possible loss of data
  (compiling source file '/barrel.cpp')
  
C:\Users\ookam\Code\survival\postal-code\character.h(460,19): warning C4244: 'argument': conversion from 'double' to 'int16_t', possible loss of data
  (compiling source file '/barrel.cpp')
  
C:\Users\ookam\Code\survival\postal-code\barrel.cpp(461,37): warning C4244: 'argument': conversion from 'double' to 'int16_t', possible loss of data
  (compiling source file '/barrel.cpp')
  
C:\Users\ookam\Code\survival\postal-code\barrel.cpp(461,31): warning C4244: 'argument': conversion from 'double' to 'int16_t', possible loss of data
  (compiling source file '/barrel.cpp')
  
C:\Users\ookam\Code\survival\postal-code\barrel.cpp(461,25): warning C4244: 'argument': conversion from 'double' to 'int16_t', possible loss of data
  (compiling source file '/barrel.cpp')
  
C:\Users\ookam\Code\survival\postal-code\barrel.cpp(504,73): warning C4244: 'argument': conversion from 'double' to 'int16_t', possible loss of data
  (compiling source file '/barrel.cpp')
  
C:\Users\ookam\Code\survival\postal-code\barrel.cpp(504,57): warning C4244: 'argument': conversion from 'double' to 'int16_t', possible loss of data
  (compiling source file '/barrel.cpp')
  
C:\Users\ookam\Code\survival\postal-code\barrel.cpp(504,35): warning C4244: 'argument': conversion from 'double' to 'int16_t', possible loss of data
  (compiling source file '/barrel.cpp')
  
C:\Users\ookam\Code\survival\postal-code\barrel.cpp(522,33): warning C4244: '=': conversion from 'double' to 'int32_t', possible loss of data
  (compiling source file '/barrel.cpp')
  
C:\Users\ookam\Code\survival\postal-code\barrel.cpp(523,40): warning C4244: '=': conversion from 'double' to 'int32_t', possible loss of data
  (compiling source file '/barrel.cpp')
  
C:\Users\ookam\Code\survival\postal-code\barrel.cpp(524,33): warning C4244: '=': conversion from 'double' to 'int32_t', possible loss of data
  (compiling source file '/barrel.cpp')
  
C:\Users\ookam\Code\survival\postal-code\barrel.cpp(672,35): warning C4244: 'argument': conversion from 'double' to 'int16_t', possible loss of data
  (compiling source file '/barrel.cpp')
  
C:\Users\ookam\Code\survival\postal-code\barrel.cpp(672,29): warning C4244: 'argument': conversion from 'double' to 'int16_t', possible loss of data
  (compiling source file '/barrel.cpp')
  
C:\Users\ookam\Code\survival\postal-code\barrel.cpp(672,23): warning C4244: 'argument': conversion from 'double' to 'int16_t', possible loss of data
  (compiling source file '/barrel.cpp')
  
C:\Users\ookam\Code\survival\postal-code\barrel.cpp(688,5): warning C4244: 'argument': conversion from 'double' to 'int16_t', possible loss of data
  (compiling source file '/barrel.cpp')
  
C:\Users\ookam\Code\survival\postal-code\barrel.cpp(687,31): warning C4244: 'argument': conversion from 'double' to 'int16_t', possible loss of data
  (compiling source file '/barrel.cpp')
  
C:\Users\ookam\Code\survival\postal-code\barrel.cpp(686,5): warning C4244: 'argument': conversion from 'double' to 'int16_t', possible loss of data
  (compiling source file '/barrel.cpp')
  
C:\Users\ookam\Code\survival\postal-code\barrel.cpp(754,35): warning C4244: 'argument': conversion from 'double' to 'int16_t', possible loss of data
  (compiling source file '/barrel.cpp')
  
C:\Users\ookam\Code\survival\postal-code\barrel.cpp(754,29): warning C4244: 'argument': conversion from 'double' to 'int16_t', possible loss of data
  (compiling source file '/barrel.cpp')
  
C:\Users\ookam\Code\survival\postal-code\barrel.cpp(754,23): warning C4244: 'argument': conversion from 'double' to 'int16_t', possible loss of data
  (compiling source file '/barrel.cpp')
  
  bouy.cpp
C:\Users\ookam\Code\survival\postal-code\bouy.cpp(159,9): warning C4603: 'BOUY_CPP': macro is not defined or definition is different after precompiled header use
  (compiling source file '/bouy.cpp')
      C:\Users\ookam\Code\survival\postal-code\bouy.cpp(159,9):
      Add macro to precompiled header instead of defining here
      C:\Users\ookam\Code\survival\postal-code\bouy.cpp(161,1):
      use of precompiled header
  
C:\Users\ookam\Code\survival\postal-code\settings.h(41,4): warning C4091: 'typedef ': ignored on left of 'CSettings::<unnamed-enum-MemFileSize>' when no variable is declared
  (compiling source file '/bouy.cpp')
  
C:\Users\ookam\Code\survival\postal-code\WishPiX\Prefs\prefline.h(56,16): warning C4091: 'typedef ': ignored on left of 'RPrefsLine::ePrefsLineType' when no variable is declared
  (compiling source file '/bouy.cpp')
  
C:\Users\ookam\Code\survival\postal-code\WishPiX\Prefs\prefs.h(47,16): warning C4091: 'typedef ': ignored on left of 'RPrefs::ePrefs' when no variable is declared
  (compiling source file '/bouy.cpp')
  
C:\Users\ookam\Code\survival\postal-code\StockPile.h(94,4): warning C4091: 'typedef ': ignored on left of 'CStockPile::<unnamed-enum-Bullets>' when no variable is declared
  (compiling source file '/bouy.cpp')
  
C:\Users\ookam\Code\survival\postal-code\sprites.h(110,4): warning C4091: 'typedef ': ignored on left of 'CSprite::<unnamed-enum-InAlpha>' when no variable is declared
  (compiling source file '/bouy.cpp')
  
C:\Users\ookam\Code\survival\postal-code\sprites.h(126,4): warning C4091: 'typedef ': ignored on left of 'CSprite::<unnamed-enum-OutRendered>' when no variable is declared
  (compiling source file '/bouy.cpp')
  
C:\Users\ookam\Code\survival\postal-code\sprites.h(132,4): warning C4091: 'typedef ': ignored on left of 'CSprite::<unnamed-enum-PrivInserted>' when no variable is declared
  (compiling source file '/bouy.cpp')
  
C:\Users\ookam\Code\survival\postal-code\thing.h(385,4): warning C4091: 'typedef ': ignored on left of 'CThing::<unnamed-enum-CHoodID>' when no variable is declared
  (compiling source file '/bouy.cpp')
  
C:\Users\ookam\Code\survival\postal-code\realm.h(504,4): warning C4091: 'typedef ': ignored on left of 'CRealm::<unnamed-enum-Standard>' when no variable is declared
  (compiling source file '/bouy.cpp')
  
C:\Users\ookam\Code\survival\postal-code\bouy.h(404,5): warning C4996: 'sprintf': This function or variable may be unsafe. Consider using sprintf_s instead. To disable deprecation, use _CRT_SECURE_NO_WARNINGS. See online help for details.
  (compiling source file '/bouy.cpp')
  
C:\Users\ookam\Code\survival\postal-code\bouy.cpp(539,25): warning C4244: '=': conversion from 'double' to 'int16_t', possible loss of data
  (compiling source file '/bouy.cpp')
  
C:\Users\ookam\Code\survival\postal-code\bouy.cpp(559,3): warning C4244: 'argument': conversion from 'double' to 'int16_t', possible loss of data
  (compiling source file '/bouy.cpp')
  
C:\Users\ookam\Code\survival\postal-code\bouy.cpp(558,3): warning C4244: 'argument': conversion from 'double' to 'int16_t', possible loss of data
  (compiling source file '/bouy.cpp')
  
C:\Users\ookam\Code\survival\postal-code\bouy.cpp(557,3): warning C4244: 'argument': conversion from 'double' to 'int16_t', possible loss of data
  (compiling source file '/bouy.cpp')
  
C:\Users\ookam\Code\survival\postal-code\bouy.cpp(811,29): warning C4244: '=': conversion from 'int16_t' to 'uint8_t', possible loss of data
  (compiling source file '/bouy.cpp')
  
C:\Users\ookam\Code\survival\postal-code\bouy.cpp(817,14): warning C4244: '=': conversion from 'int16_t' to 'uint8_t', possible loss of data
  (compiling source file '/bouy.cpp')
  
  character.cpp
C:\Users\ookam\Code\survival\postal-code\character.cpp(309,9): warning C4603: 'CHARACTER_CPP': macro is not defined or definition is different after precompiled header use
  (compiling source file '/character.cpp')
      C:\Users\ookam\Code\survival\postal-code\character.cpp(309,9):
      Add macro to precompiled header instead of defining here
      C:\Users\ookam\Code\survival\postal-code\character.cpp(311,1):
      use of precompiled header
  
C:\Users\ookam\Code\survival\postal-code\settings.h(41,4): warning C4091: 'typedef ': ignored on left of 'CSettings::<unnamed-enum-MemFileSize>' when no variable is declared
  (compiling source file '/character.cpp')
  
C:\Users\ookam\Code\survival\postal-code\WishPiX\Prefs\prefline.h(56,16): warning C4091: 'typedef ': ignored on left of 'RPrefsLine::ePrefsLineType' when no variable is declared
  (compiling source file '/character.cpp')
  
C:\Users\ookam\Code\survival\postal-code\WishPiX\Prefs\prefs.h(47,16): warning C4091: 'typedef ': ignored on left of 'RPrefs::ePrefs' when no variable is declared
  (compiling source file '/character.cpp')
  
C:\Users\ookam\Code\survival\postal-code\StockPile.h(94,4): warning C4091: 'typedef ': ignored on left of 'CStockPile::<unnamed-enum-Bullets>' when no variable is declared
  (compiling source file '/character.cpp')
  
C:\Users\ookam\Code\survival\postal-code\sprites.h(110,4): warning C4091: 'typedef ': ignored on left of 'CSprite::<unnamed-enum-InAlpha>' when no variable is declared
  (compiling source file '/character.cpp')
  
C:\Users\ookam\Code\survival\postal-code\sprites.h(126,4): warning C4091: 'typedef ': ignored on left of 'CSprite::<unnamed-enum-OutRendered>' when no variable is declared
  (compiling source file '/character.cpp')
  
C:\Users\ookam\Code\survival\postal-code\sprites.h(132,4): warning C4091: 'typedef ': ignored on left of 'CSprite::<unnamed-enum-PrivInserted>' when no variable is declared
  (compiling source file '/character.cpp')
  
C:\Users\ookam\Code\survival\postal-code\thing.h(385,4): warning C4091: 'typedef ': ignored on left of 'CThing::<unnamed-enum-CHoodID>' when no variable is declared
  (compiling source file '/character.cpp')
  
C:\Users\ookam\Code\survival\postal-code\realm.h(504,4): warning C4091: 'typedef ': ignored on left of 'CRealm::<unnamed-enum-Standard>' when no variable is declared
  (compiling source file '/character.cpp')
  
C:\Users\ookam\Code\survival\postal-code\weapon.h(95,2): warning C4091: 'typedef ': ignored on left of 'CWeapon::<unnamed-enum-State_Idle>' when no variable is declared
  (compiling source file '/character.cpp')
  
C:\Users\ookam\Code\survival\postal-code\character.h(460,32): warning C4244: 'argument': conversion from 'double' to 'int16_t', possible loss of data
  (compiling source file '/character.cpp')
  
C:\Users\ookam\Code\survival\postal-code\character.h(460,19): warning C4244: 'argument': conversion from 'double' to 'int16_t', possible loss of data
  (compiling source file '/character.cpp')
  
C:\Users\ookam\Code\survival\postal-code\mine.h(82,2): warning C4091: 'typedef ': ignored on left of 'CMine::<unnamed-enum-ProximityMine>' when no variable is declared
  (compiling source file '/character.cpp')
  
C:\Users\ookam\Code\survival\postal-code\fire.h(101,2): warning C4091: 'typedef ': ignored on left of 'CFire::<unnamed-enum-LargeFire>' when no variable is declared
  (compiling source file '/character.cpp')
  
C:\Users\ookam\Code\survival\postal-code\net.h(90,3): warning C4091: 'typedef ': ignored on left of 'Net::<unnamed-enum-MaxNumIDs>' when no variable is declared
  (compiling source file '/character.cpp')
  
C:\Users\ookam\Code\survival\postal-code\netmsgr.h(177,4): warning C4091: 'typedef ': ignored on left of 'NetMsg::<unnamed-enum-NOTHING>' when no variable is declared
  (compiling source file '/character.cpp')
  
C:\Users\ookam\Code\survival\postal-code\netmsgr.h(218,4): warning C4091: 'typedef ': ignored on left of 'NetMsg::<unnamed-enum-TooManyPlayers>' when no variable is declared
  (compiling source file '/character.cpp')
  
C:\Users\ookam\Code\survival\postal-code\netmsgr.h(226,4): warning C4091: 'typedef ': ignored on left of 'NetMsg::<unnamed-enum-UserAbortedGame>' when no variable is declared
  (compiling source file '/character.cpp')
  
C:\Users\ookam\Code\survival\postal-code\netmsgr.h(1267,4): warning C4091: 'typedef ': ignored on left of 'CNetMsgr::<unnamed-enum-MagicNum>' when no variable is declared
  (compiling source file '/character.cpp')
  
C:\Users\ookam\Code\survival\postal-code\character.cpp(424,12): warning C4244: '*=': conversion from 'double' to 'int32_t', possible loss of data
  (compiling source file '/character.cpp')
  
C:\Users\ookam\Code\survival\postal-code\character.cpp(590,47): warning C4244: 'argument': conversion from 'double' to 'int16_t', possible loss of data
  (compiling source file '/character.cpp')
  
C:\Users\ookam\Code\survival\postal-code\character.cpp(947,34): warning C4244: 'argument': conversion from 'double' to 'int16_t', possible loss of data
  (compiling source file '/character.cpp')
  
C:\Users\ookam\Code\survival\postal-code\character.cpp(947,21): warning C4244: 'argument': conversion from 'double' to 'int16_t', possible loss of data
  (compiling source file '/character.cpp')
  
C:\Users\ookam\Code\survival\postal-code\character.cpp(947,14): warning C4244: 'argument': conversion from 'double' to 'int16_t', possible loss of data
  (compiling source file '/character.cpp')
  
C:\Users\ookam\Code\survival\postal-code\character.cpp(963,5): warning C4244: 'argument': conversion from 'double' to 'int16_t', possible loss of data
  (compiling source file '/character.cpp')
  
C:\Users\ookam\Code\survival\postal-code\character.cpp(962,5): warning C4244: 'argument': conversion from 'double' to 'int16_t', possible loss of data
  (compiling source file '/character.cpp')
  
C:\Users\ookam\Code\survival\postal-code\character.cpp(961,5): warning C4244: 'argument': conversion from 'double' to 'int16_t', possible loss of data
  (compiling source file '/character.cpp')
  
C:\Users\ookam\Code\survival\postal-code\character.cpp(940,3): warning C4996: 'strcpy': This function or variable may be unsafe. Consider using strcpy_s instead. To disable deprecation, use _CRT_SECURE_NO_WARNINGS. See online help for details.
  (compiling source file '/character.cpp')
  
C:\Users\ookam\Code\survival\postal-code\character.cpp(1010,49): warning C4244: 'argument': conversion from 'double' to 'int16_t', possible loss of data
  (compiling source file '/character.cpp')
  
C:\Users\ookam\Code\survival\postal-code\character.cpp(1010,42): warning C4244: 'argument': conversion from 'double' to 'int16_t', possible loss of data
  (compiling source file '/character.cpp')
  
C:\Users\ookam\Code\survival\postal-code\character.cpp(1012,31): warning C4244: 'argument': conversion from 'double' to 'int16_t', possible loss of data
  (compiling source file '/character.cpp')
  
C:\Users\ookam\Code\survival\postal-code\character.cpp(1012,20): warning C4244: 'argument': conversion from 'double' to 'int16_t', possible loss of data
  (compiling source file '/character.cpp')
  
C:\Users\ookam\Code\survival\postal-code\character.cpp(1012,13): warning C4244: 'argument': conversion from 'double' to 'int16_t', possible loss of data
  (compiling source file '/character.cpp')
  
C:\Users\ookam\Code\survival\postal-code\character.cpp(1017,32): warning C4244: 'argument': conversion from 'double' to 'int16_t', possible loss of data
  (compiling source file '/character.cpp')
  
C:\Users\ookam\Code\survival\postal-code\character.cpp(1017,21): warning C4244: 'argument': conversion from 'double' to 'int16_t', possible loss of data
  (compiling source file '/character.cpp')
  
C:\Users\ookam\Code\survival\postal-code\character.cpp(1017,14): warning C4244: 'argument': conversion from 'double' to 'int16_t', possible loss of data
  (compiling source file '/character.cpp')
  
C:\Users\ookam\Code\survival\postal-code\character.cpp(996,3): warning C4996: 'strcpy': This function or variable may be unsafe. Consider using strcpy_s instead. To disable deprecation, use _CRT_SECURE_NO_WARNINGS. See online help for details.
  (compiling source file '/character.cpp')
  
C:\Users\ookam\Code\survival\postal-code\character.cpp(1298,63): warning C4244: 'argument': conversion from 'double' to 'int16_t', possible loss of data
  (compiling source file '/character.cpp')
  
C:\Users\ookam\Code\survival\postal-code\character.cpp(1298,52): warning C4244: 'argument': conversion from 'double' to 'int16_t', possible loss of data
  (compiling source file '/character.cpp')
  
C:\Users\ookam\Code\survival\postal-code\character.cpp(1369,22): warning C4244: 'initializing': conversion from 'double' to 'int16_t', possible loss of data
  (compiling source file '/character.cpp')
  
C:\Users\ookam\Code\survival\postal-code\character.cpp(1376,9): warning C4244: 'argument': conversion from 'double' to 'int16_t', possible loss of data
  (compiling source file '/character.cpp')
  
C:\Users\ookam\Code\survival\postal-code\character.cpp(1375,9): warning C4244: 'argument': conversion from 'double' to 'int16_t', possible loss of data
  (compiling source file '/character.cpp')
  
C:\Users\ookam\Code\survival\postal-code\character.cpp(1374,9): warning C4244: 'argument': conversion from 'double' to 'int16_t', possible loss of data
  (compiling source file '/character.cpp')
  
C:\Users\ookam\Code\survival\postal-code\character.cpp(1457,32): warning C4244: 'argument': conversion from 'double' to 'int16_t', possible loss of data
  (compiling source file '/character.cpp')
  
C:\Users\ookam\Code\survival\postal-code\character.cpp(1458,59): warning C4244: '=': conversion from 'double' to 'int16_t', possible loss of data
  (compiling source file '/character.cpp')
  
C:\Users\ookam\Code\survival\postal-code\character.cpp(1460,59): warning C4244: '=': conversion from 'double' to 'int16_t', possible loss of data
  (compiling source file '/character.cpp')
  
C:\Users\ookam\Code\survival\postal-code\character.cpp(1490,9): warning C4244: 'argument': conversion from 'double' to 'int16_t', possible loss of data
  (compiling source file '/character.cpp')
  
C:\Users\ookam\Code\survival\postal-code\character.cpp(1489,9): warning C4244: 'argument': conversion from 'double' to 'int16_t', possible loss of data
  (compiling source file '/character.cpp')
  
C:\Users\ookam\Code\survival\postal-code\character.cpp(1488,9): warning C4244: 'argument': conversion from 'double' to 'int16_t', possible loss of data
  (compiling source file '/character.cpp')
  
C:\Users\ookam\Code\survival\postal-code\character.cpp(1544,16): warning C4244: 'initializing': conversion from 'double' to 'float', possible loss of data
  (compiling source file '/character.cpp')
  
C:\Users\ookam\Code\survival\postal-code\character.cpp(1545,16): warning C4244: 'initializing': conversion from 'double' to 'float', possible loss of data
  (compiling source file '/character.cpp')
  
C:\Users\ookam\Code\survival\postal-code\character.cpp(1554,21): warning C4244: 'initializing': conversion from 'double' to 'float', possible loss of data
  (compiling source file '/character.cpp')
  
C:\Users\ookam\Code\survival\postal-code\character.cpp(1604,20): warning C4244: '=': conversion from 'float' to 'int32_t', possible loss of data
  (compiling source file '/character.cpp')
  
C:\Users\ookam\Code\survival\postal-code\character.cpp(1606,20): warning C4244: '=': conversion from 'float' to 'int32_t', possible loss of data
  (compiling source file '/character.cpp')
  
C:\Users\ookam\Code\survival\postal-code\character.cpp(1611,20): warning C4244: '=': conversion from 'float' to 'int32_t', possible loss of data
  (compiling source file '/character.cpp')
  
C:\Users\ookam\Code\survival\postal-code\character.cpp(1613,20): warning C4244: '=': conversion from 'float' to 'int32_t', possible loss of data
  (compiling source file '/character.cpp')
  
C:\Users\ookam\Code\survival\postal-code\character.cpp(1619,20): warning C4244: '=': conversion from 'float' to 'int32_t', possible loss of data
  (compiling source file '/character.cpp')
  
C:\Users\ookam\Code\survival\postal-code\character.cpp(1621,20): warning C4244: '=': conversion from 'float' to 'int32_t', possible loss of data
  (compiling source file '/character.cpp')
  
C:\Users\ookam\Code\survival\postal-code\character.cpp(1626,20): warning C4244: '=': conversion from 'float' to 'int32_t', possible loss of data
  (compiling source file '/character.cpp')
  
C:\Users\ookam\Code\survival\postal-code\character.cpp(1628,20): warning C4244: '=': conversion from 'float' to 'int32_t', possible loss of data
  (compiling source file '/character.cpp')
  
C:\Users\ookam\Code\survival\postal-code\character.cpp(1634,20): warning C4244: '=': conversion from 'float' to 'int32_t', possible loss of data
  (compiling source file '/character.cpp')
  
C:\Users\ookam\Code\survival\postal-code\character.cpp(1636,20): warning C4244: '=': conversion from 'float' to 'int32_t', possible loss of data
  (compiling source file '/character.cpp')
  
C:\Users\ookam\Code\survival\postal-code\character.cpp(1641,20): warning C4244: '=': conversion from 'float' to 'int32_t', possible loss of data
  (compiling source file '/character.cpp')
  
C:\Users\ookam\Code\survival\postal-code\character.cpp(1643,20): warning C4244: '=': conversion from 'float' to 'int32_t', possible loss of data
  (compiling source file '/character.cpp')
  
C:\Users\ookam\Code\survival\postal-code\character.cpp(1714,11): warning C4244: '=': conversion from 'float' to 'int16_t', possible loss of data
  (compiling source file '/character.cpp')
  
C:\Users\ookam\Code\survival\postal-code\character.cpp(1715,11): warning C4244: '=': conversion from 'float' to 'int16_t', possible loss of data
  (compiling source file '/character.cpp')
  
C:\Users\ookam\Code\survival\postal-code\character.cpp(1716,11): warning C4244: '=': conversion from 'float' to 'int16_t', possible loss of data
  (compiling source file '/character.cpp')
  
C:\Users\ookam\Code\survival\postal-code\character.cpp(1778,16): warning C4244: 'initializing': conversion from 'double' to 'float', possible loss of data
  (compiling source file '/character.cpp')
  
C:\Users\ookam\Code\survival\postal-code\character.cpp(1779,16): warning C4244: 'initializing': conversion from 'double' to 'float', possible loss of data
  (compiling source file '/character.cpp')
  
C:\Users\ookam\Code\survival\postal-code\character.cpp(1792,20): warning C4244: '=': conversion from 'float' to 'int32_t', possible loss of data
  (compiling source file '/character.cpp')
  
C:\Users\ookam\Code\survival\postal-code\character.cpp(1794,20): warning C4244: '=': conversion from 'float' to 'int32_t', possible loss of data
  (compiling source file '/character.cpp')
  
C:\Users\ookam\Code\survival\postal-code\character.cpp(1799,20): warning C4244: '=': conversion from 'float' to 'int32_t', possible loss of data
  (compiling source file '/character.cpp')
  
C:\Users\ookam\Code\survival\postal-code\character.cpp(1801,20): warning C4244: '=': conversion from 'float' to 'int32_t', possible loss of data
  (compiling source file '/character.cpp')
  
C:\Users\ookam\Code\survival\postal-code\character.cpp(1807,20): warning C4244: '=': conversion from 'float' to 'int32_t', possible loss of data
  (compiling source file '/character.cpp')
  
C:\Users\ookam\Code\survival\postal-code\character.cpp(1809,20): warning C4244: '=': conversion from 'float' to 'int32_t', possible loss of data
  (compiling source file '/character.cpp')
  
C:\Users\ookam\Code\survival\postal-code\character.cpp(1814,20): warning C4244: '=': conversion from 'float' to 'int32_t', possible loss of data
  (compiling source file '/character.cpp')
  
C:\Users\ookam\Code\survival\postal-code\character.cpp(1816,20): warning C4244: '=': conversion from 'float' to 'int32_t', possible loss of data
  (compiling source file '/character.cpp')
  
C:\Users\ookam\Code\survival\postal-code\character.cpp(1822,20): warning C4244: '=': conversion from 'float' to 'int32_t', possible loss of data
  (compiling source file '/character.cpp')
  
C:\Users\ookam\Code\survival\postal-code\character.cpp(1824,20): warning C4244: '=': conversion from 'float' to 'int32_t', possible loss of data
  (compiling source file '/character.cpp')
  
C:\Users\ookam\Code\survival\postal-code\character.cpp(1829,20): warning C4244: '=': conversion from 'float' to 'int32_t', possible loss of data
  (compiling source file '/character.cpp')
  
C:\Users\ookam\Code\survival\postal-code\character.cpp(1831,20): warning C4244: '=': conversion from 'float' to 'int32_t', possible loss of data
  (compiling source file '/character.cpp')
  
  chunk.cpp
C:\Users\ookam\Code\survival\postal-code\chunk.cpp(55,9): warning C4603: 'CHUNK_CPP': macro is not defined or definition is different after precompiled header use
  (compiling source file '/chunk.cpp')
      C:\Users\ookam\Code\survival\postal-code\chunk.cpp(55,9):
      Add macro to precompiled header instead of defining here
      C:\Users\ookam\Code\survival\postal-code\chunk.cpp(57,1):
      use of precompiled header
  
C:\Users\ookam\Code\survival\postal-code\settings.h(41,4): warning C4091: 'typedef ': ignored on left of 'CSettings::<unnamed-enum-MemFileSize>' when no variable is declared
  (compiling source file '/chunk.cpp')
  
C:\Users\ookam\Code\survival\postal-code\WishPiX\Prefs\prefline.h(56,16): warning C4091: 'typedef ': ignored on left of 'RPrefsLine::ePrefsLineType' when no variable is declared
  (compiling source file '/chunk.cpp')
  
C:\Users\ookam\Code\survival\postal-code\WishPiX\Prefs\prefs.h(47,16): warning C4091: 'typedef ': ignored on left of 'RPrefs::ePrefs' when no variable is declared
  (compiling source file '/chunk.cpp')
  
C:\Users\ookam\Code\survival\postal-code\StockPile.h(94,4): warning C4091: 'typedef ': ignored on left of 'CStockPile::<unnamed-enum-Bullets>' when no variable is declared
  (compiling source file '/chunk.cpp')
  
C:\Users\ookam\Code\survival\postal-code\sprites.h(110,4): warning C4091: 'typedef ': ignored on left of 'CSprite::<unnamed-enum-InAlpha>' when no variable is declared
  (compiling source file '/chunk.cpp')
  
C:\Users\ookam\Code\survival\postal-code\sprites.h(126,4): warning C4091: 'typedef ': ignored on left of 'CSprite::<unnamed-enum-OutRendered>' when no variable is declared
  (compiling source file '/chunk.cpp')
  
C:\Users\ookam\Code\survival\postal-code\sprites.h(132,4): warning C4091: 'typedef ': ignored on left of 'CSprite::<unnamed-enum-PrivInserted>' when no variable is declared
  (compiling source file '/chunk.cpp')
  
C:\Users\ookam\Code\survival\postal-code\thing.h(385,4): warning C4091: 'typedef ': ignored on left of 'CThing::<unnamed-enum-CHoodID>' when no variable is declared
  (compiling source file '/chunk.cpp')
  
C:\Users\ookam\Code\survival\postal-code\realm.h(504,4): warning C4091: 'typedef ': ignored on left of 'CRealm::<unnamed-enum-Standard>' when no variable is declared
  (compiling source file '/chunk.cpp')
  
C:\Users\ookam\Code\survival\postal-code\chunk.cpp(135,32): warning C4244: 'argument': conversion from 'double' to 'int16_t', possible loss of data
  (compiling source file '/chunk.cpp')
  
C:\Users\ookam\Code\survival\postal-code\chunk.cpp(135,26): warning C4244: 'argument': conversion from 'double' to 'int16_t', possible loss of data
  (compiling source file '/chunk.cpp')
  
C:\Users\ookam\Code\survival\postal-code\chunk.cpp(139,25): warning C4244: 'argument': conversion from 'double' to 'int16_t', possible loss of data
  (compiling source file '/chunk.cpp')
  
C:\Users\ookam\Code\survival\postal-code\chunk.cpp(139,19): warning C4244: 'argument': conversion from 'double' to 'int16_t', possible loss of data
  (compiling source file '/chunk.cpp')
  
C:\Users\ookam\Code\survival\postal-code\chunk.cpp(139,13): warning C4244: 'argument': conversion from 'double' to 'int16_t', possible loss of data
  (compiling source file '/chunk.cpp')
  
C:\Users\ookam\Code\survival\postal-code\chunk.cpp(196,24): warning C4244: 'argument': conversion from 'double' to 'int16_t', possible loss of data
  (compiling source file '/chunk.cpp')
  
C:\Users\ookam\Code\survival\postal-code\chunk.cpp(196,18): warning C4244: 'argument': conversion from 'double' to 'int16_t', possible loss of data
  (compiling source file '/chunk.cpp')
  
C:\Users\ookam\Code\survival\postal-code\chunk.cpp(196,12): warning C4244: 'argument': conversion from 'double' to 'int16_t', possible loss of data
  (compiling source file '/chunk.cpp')
  
C:\Users\ookam\Code\survival\postal-code\chunk.cpp(202,25): warning C4244: '=': conversion from 'double' to 'int16_t', possible loss of data
  (compiling source file '/chunk.cpp')
  
C:\Users\ookam\Code\survival\postal-code\chunk.cpp(240,27): warning C4244: 'argument': conversion from 'double' to 'int16_t', possible loss of data
  (compiling source file '/chunk.cpp')
  
C:\Users\ookam\Code\survival\postal-code\chunk.cpp(244,23): warning C4244: 'argument': conversion from 'double' to 'int16_t', possible loss of data
  (compiling source file '/chunk.cpp')
  
  deathWad.cpp
C:\Users\ookam\Code\survival\postal-code\deathWad.cpp(56,9): warning C4603: 'DEATHWAD_CPP': macro is not defined or definition is different after precompiled header use
  (compiling source file '/deathWad.cpp')
      C:\Users\ookam\Code\survival\postal-code\deathWad.cpp(56,9):
      Add macro to precompiled header instead of defining here
      C:\Users\ookam\Code\survival\postal-code\deathWad.cpp(58,1):
      use of precompiled header
  
C:\Users\ookam\Code\survival\postal-code\settings.h(41,4): warning C4091: 'typedef ': ignored on left of 'CSettings::<unnamed-enum-MemFileSize>' when no variable is declared
  (compiling source file '/deathWad.cpp')
  
C:\Users\ookam\Code\survival\postal-code\WishPiX\Prefs\prefline.h(56,16): warning C4091: 'typedef ': ignored on left of 'RPrefsLine::ePrefsLineType' when no variable is declared
  (compiling source file '/deathWad.cpp')
  
C:\Users\ookam\Code\survival\postal-code\WishPiX\Prefs\prefs.h(47,16): warning C4091: 'typedef ': ignored on left of 'RPrefs::ePrefs' when no variable is declared
  (compiling source file '/deathWad.cpp')
  
C:\Users\ookam\Code\survival\postal-code\StockPile.h(94,4): warning C4091: 'typedef ': ignored on left of 'CStockPile::<unnamed-enum-Bullets>' when no variable is declared
  (compiling source file '/deathWad.cpp')
  
C:\Users\ookam\Code\survival\postal-code\sprites.h(110,4): warning C4091: 'typedef ': ignored on left of 'CSprite::<unnamed-enum-InAlpha>' when no variable is declared
  (compiling source file '/deathWad.cpp')
  
C:\Users\ookam\Code\survival\postal-code\sprites.h(126,4): warning C4091: 'typedef ': ignored on left of 'CSprite::<unnamed-enum-OutRendered>' when no variable is declared
  (compiling source file '/deathWad.cpp')
  
C:\Users\ookam\Code\survival\postal-code\sprites.h(132,4): warning C4091: 'typedef ': ignored on left of 'CSprite::<unnamed-enum-PrivInserted>' when no variable is declared
  (compiling source file '/deathWad.cpp')
  
C:\Users\ookam\Code\survival\postal-code\thing.h(385,4): warning C4091: 'typedef ': ignored on left of 'CThing::<unnamed-enum-CHoodID>' when no variable is declared
  (compiling source file '/deathWad.cpp')
  
C:\Users\ookam\Code\survival\postal-code\realm.h(504,4): warning C4091: 'typedef ': ignored on left of 'CRealm::<unnamed-enum-Standard>' when no variable is declared
  (compiling source file '/deathWad.cpp')
  
C:\Users\ookam\Code\survival\postal-code\weapon.h(95,2): warning C4091: 'typedef ': ignored on left of 'CWeapon::<unnamed-enum-State_Idle>' when no variable is declared
  (compiling source file '/deathWad.cpp')
  
C:\Users\ookam\Code\survival\postal-code\character.h(460,32): warning C4244: 'argument': conversion from 'double' to 'int16_t', possible loss of data
  (compiling source file '/deathWad.cpp')
  
C:\Users\ookam\Code\survival\postal-code\character.h(460,19): warning C4244: 'argument': conversion from 'double' to 'int16_t', possible loss of data
  (compiling source file '/deathWad.cpp')
  
C:\Users\ookam\Code\survival\postal-code\fire.h(101,2): warning C4091: 'typedef ': ignored on left of 'CFire::<unnamed-enum-LargeFire>' when no variable is declared
  (compiling source file '/deathWad.cpp')
  
C:\Users\ookam\Code\survival\postal-code\deathWad.cpp(308,7): warning C4244: 'argument': conversion from 'double' to 'int16_t', possible loss of data
  (compiling source file '/deathWad.cpp')
  
C:\Users\ookam\Code\survival\postal-code\deathWad.cpp(307,7): warning C4244: 'argument': conversion from 'double' to 'int16_t', possible loss of data
  (compiling source file '/deathWad.cpp')
  
C:\Users\ookam\Code\survival\postal-code\deathWad.cpp(304,7): warning C4244: 'argument': conversion from 'double' to 'int16_t', possible loss of data
  (compiling source file '/deathWad.cpp')
  
C:\Users\ookam\Code\survival\postal-code\deathWad.cpp(303,7): warning C4244: 'argument': conversion from 'double' to 'int16_t', possible loss of data
  (compiling source file '/deathWad.cpp')
  
C:\Users\ookam\Code\survival\postal-code\deathWad.cpp(302,7): warning C4244: 'argument': conversion from 'double' to 'int16_t', possible loss of data
  (compiling source file '/deathWad.cpp')
  
C:\Users\ookam\Code\survival\postal-code\deathWad.cpp(356,64): warning C4244: 'argument': conversion from 'double' to 'float', possible loss of data
  (compiling source file '/deathWad.cpp')
  
C:\Users\ookam\Code\survival\postal-code\deathWad.cpp(356,58): warning C4244: 'argument': conversion from 'double' to 'float', possible loss of data
  (compiling source file '/deathWad.cpp')
  
C:\Users\ookam\Code\survival\postal-code\deathWad.cpp(356,52): warning C4244: 'argument': conversion from 'double' to 'float', possible loss of data
  (compiling source file '/deathWad.cpp')
  
C:\Users\ookam\Code\survival\postal-code\deathWad.cpp(434,33): warning C4244: '=': conversion from 'double' to 'int32_t', possible loss of data
  (compiling source file '/deathWad.cpp')
  
C:\Users\ookam\Code\survival\postal-code\deathWad.cpp(435,33): warning C4244: '=': conversion from 'double' to 'int32_t', possible loss of data
  (compiling source file '/deathWad.cpp')
  
C:\Users\ookam\Code\survival\postal-code\deathWad.cpp(436,33): warning C4244: '=': conversion from 'double' to 'int32_t', possible loss of data
  (compiling source file '/deathWad.cpp')
  
C:\Users\ookam\Code\survival\postal-code\deathWad.cpp(464,23): warning C4244: 'argument': conversion from 'double' to 'int16_t', possible loss of data
  (compiling source file '/deathWad.cpp')
  
C:\Users\ookam\Code\survival\postal-code\deathWad.cpp(485,26): warning C4244: '=': conversion from 'double' to 'int16_t', possible loss of data
  (compiling source file '/deathWad.cpp')
  
C:\Users\ookam\Code\survival\postal-code\deathWad.cpp(663,33): warning C4244: 'argument': conversion from 'T' to 'int32_t', possible loss of data
C:\Users\ookam\Code\survival\postal-code\deathWad.cpp(663,33): warning C4244:         with
C:\Users\ookam\Code\survival\postal-code\deathWad.cpp(663,33): warning C4244:         [
C:\Users\ookam\Code\survival\postal-code\deathWad.cpp(663,33): warning C4244:             T=float
C:\Users\ookam\Code\survival\postal-code\deathWad.cpp(663,33): warning C4244:         ]
  (compiling source file '/deathWad.cpp')
  
C:\Users\ookam\Code\survival\postal-code\deathWad.cpp(679,31): warning C4244: 'argument': conversion from 'double' to 'int16_t', possible loss of data
  (compiling source file '/deathWad.cpp')
  
C:\Users\ookam\Code\survival\postal-code\deathWad.cpp(679,27): warning C4244: 'argument': conversion from 'double' to 'int16_t', possible loss of data
  (compiling source file '/deathWad.cpp')
  
C:\Users\ookam\Code\survival\postal-code\deathWad.cpp(725,46): warning C4244: 'argument': conversion from 'double' to 'int16_t', possible loss of data
  (compiling source file '/deathWad.cpp')
  
C:\Users\ookam\Code\survival\postal-code\deathWad.cpp(725,30): warning C4244: 'argument': conversion from 'T' to 'int16_t', possible loss of data
C:\Users\ookam\Code\survival\postal-code\deathWad.cpp(725,30): warning C4244:         with
C:\Users\ookam\Code\survival\postal-code\deathWad.cpp(725,30): warning C4244:         [
C:\Users\ookam\Code\survival\postal-code\deathWad.cpp(725,30): warning C4244:             T=double
C:\Users\ookam\Code\survival\postal-code\deathWad.cpp(725,30): warning C4244:         ]
  (compiling source file '/deathWad.cpp')
  
C:\Users\ookam\Code\survival\postal-code\deathWad.cpp(725,21): warning C4244: 'argument': conversion from 'double' to 'int16_t', possible loss of data
  (compiling source file '/deathWad.cpp')
  
C:\Users\ookam\Code\survival\postal-code\deathWad.cpp(730,33): warning C4244: 'argument': conversion from 'double' to 'float', possible loss of data
  (compiling source file '/deathWad.cpp')
  
C:\Users\ookam\Code\survival\postal-code\deathWad.cpp(730,27): warning C4244: 'argument': conversion from 'double' to 'float', possible loss of data
  (compiling source file '/deathWad.cpp')
  
C:\Users\ookam\Code\survival\postal-code\deathWad.cpp(730,21): warning C4244: 'argument': conversion from 'double' to 'float', possible loss of data
  (compiling source file '/deathWad.cpp')
  
C:\Users\ookam\Code\survival\postal-code\deathWad.cpp(739,64): warning C4244: 'argument': conversion from 'double' to 'int16_t', possible loss of data
  (compiling source file '/deathWad.cpp')
  
C:\Users\ookam\Code\survival\postal-code\deathWad.cpp(739,50): warning C4244: 'argument': conversion from 'double' to 'int16_t', possible loss of data
  (compiling source file '/deathWad.cpp')
  
C:\Users\ookam\Code\survival\postal-code\deathWad.cpp(739,27): warning C4244: 'argument': conversion from 'double' to 'int16_t', possible loss of data
  (compiling source file '/deathWad.cpp')
  
C:\Users\ookam\Code\survival\postal-code\deathWad.cpp(767,30): warning C4244: 'argument': conversion from 'double' to 'int16_t', possible loss of data
  (compiling source file '/deathWad.cpp')
  
C:\Users\ookam\Code\survival\postal-code\deathWad.cpp(767,24): warning C4244: 'argument': conversion from 'double' to 'int16_t', possible loss of data
  (compiling source file '/deathWad.cpp')
  
C:\Users\ookam\Code\survival\postal-code\deathWad.cpp(767,18): warning C4244: 'argument': conversion from 'double' to 'int16_t', possible loss of data
  (compiling source file '/deathWad.cpp')
  
C:\Users\ookam\Code\survival\postal-code\deathWad.cpp(775,39): warning C4244: 'argument': conversion from 'double' to 'int16_t', possible loss of data
  (compiling source file '/deathWad.cpp')
  
C:\Users\ookam\Code\survival\postal-code\deathWad.cpp(775,33): warning C4244: 'argument': conversion from 'double' to 'int16_t', possible loss of data
  (compiling source file '/deathWad.cpp')
  
C:\Users\ookam\Code\survival\postal-code\deathWad.cpp(775,27): warning C4244: 'argument': conversion from 'double' to 'int16_t', possible loss of data
  (compiling source file '/deathWad.cpp')
  
C:\Users\ookam\Code\survival\postal-code\deathWad.cpp(775,21): warning C4244: 'argument': conversion from 'double' to 'int16_t', possible loss of data
  (compiling source file '/deathWad.cpp')
  
C:\Users\ookam\Code\survival\postal-code\deathWad.cpp(792,32): warning C4244: 'argument': conversion from 'double' to 'float', possible loss of data
  (compiling source file '/deathWad.cpp')
  
C:\Users\ookam\Code\survival\postal-code\deathWad.cpp(792,26): warning C4244: 'argument': conversion from 'double' to 'float', possible loss of data
  (compiling source file '/deathWad.cpp')
  
C:\Users\ookam\Code\survival\postal-code\deathWad.cpp(792,20): warning C4244: 'argument': conversion from 'double' to 'float', possible loss of data
  (compiling source file '/deathWad.cpp')
  
C:\Users\ookam\Code\survival\postal-code\deathWad.cpp(799,32): warning C4244: 'argument': conversion from 'double' to 'float', possible loss of data
  (compiling source file '/deathWad.cpp')
  
C:\Users\ookam\Code\survival\postal-code\deathWad.cpp(799,26): warning C4244: 'argument': conversion from 'double' to 'float', possible loss of data
  (compiling source file '/deathWad.cpp')
  
C:\Users\ookam\Code\survival\postal-code\deathWad.cpp(799,20): warning C4244: 'argument': conversion from 'double' to 'float', possible loss of data
  (compiling source file '/deathWad.cpp')
  
C:\Users\ookam\Code\survival\postal-code\deathWad.cpp(820,51): warning C4244: 'argument': conversion from 'double' to 'int16_t', possible loss of data
  (compiling source file '/deathWad.cpp')
  
  demon.cpp
C:\Users\ookam\Code\survival\postal-code\demon.cpp(96,9): warning C4603: 'DEMON_CPP': macro is not defined or definition is different after precompiled header use
  (compiling source file '/demon.cpp')
      C:\Users\ookam\Code\survival\postal-code\demon.cpp(96,9):
      Add macro to precompiled header instead of defining here
      C:\Users\ookam\Code\survival\postal-code\demon.cpp(98,1):
      use of precompiled header
  
C:\Users\ookam\Code\survival\postal-code\settings.h(41,4): warning C4091: 'typedef ': ignored on left of 'CSettings::<unnamed-enum-MemFileSize>' when no variable is declared
  (compiling source file '/demon.cpp')
  
C:\Users\ookam\Code\survival\postal-code\WishPiX\Prefs\prefline.h(56,16): warning C4091: 'typedef ': ignored on left of 'RPrefsLine::ePrefsLineType' when no variable is declared
  (compiling source file '/demon.cpp')
  
C:\Users\ookam\Code\survival\postal-code\WishPiX\Prefs\prefs.h(47,16): warning C4091: 'typedef ': ignored on left of 'RPrefs::ePrefs' when no variable is declared
  (compiling source file '/demon.cpp')
  
C:\Users\ookam\Code\survival\postal-code\StockPile.h(94,4): warning C4091: 'typedef ': ignored on left of 'CStockPile::<unnamed-enum-Bullets>' when no variable is declared
  (compiling source file '/demon.cpp')
  
C:\Users\ookam\Code\survival\postal-code\sprites.h(110,4): warning C4091: 'typedef ': ignored on left of 'CSprite::<unnamed-enum-InAlpha>' when no variable is declared
  (compiling source file '/demon.cpp')
  
C:\Users\ookam\Code\survival\postal-code\sprites.h(126,4): warning C4091: 'typedef ': ignored on left of 'CSprite::<unnamed-enum-OutRendered>' when no variable is declared
  (compiling source file '/demon.cpp')
  
C:\Users\ookam\Code\survival\postal-code\sprites.h(132,4): warning C4091: 'typedef ': ignored on left of 'CSprite::<unnamed-enum-PrivInserted>' when no variable is declared
  (compiling source file '/demon.cpp')
  
C:\Users\ookam\Code\survival\postal-code\thing.h(385,4): warning C4091: 'typedef ': ignored on left of 'CThing::<unnamed-enum-CHoodID>' when no variable is declared
  (compiling source file '/demon.cpp')
  
C:\Users\ookam\Code\survival\postal-code\realm.h(504,4): warning C4091: 'typedef ': ignored on left of 'CRealm::<unnamed-enum-Standard>' when no variable is declared
  (compiling source file '/demon.cpp')
  
C:\Users\ookam\Code\survival\postal-code\weapon.h(95,2): warning C4091: 'typedef ': ignored on left of 'CWeapon::<unnamed-enum-State_Idle>' when no variable is declared
  (compiling source file '/demon.cpp')
  
C:\Users\ookam\Code\survival\postal-code\character.h(460,32): warning C4244: 'argument': conversion from 'double' to 'int16_t', possible loss of data
  (compiling source file '/demon.cpp')
  
C:\Users\ookam\Code\survival\postal-code\character.h(460,19): warning C4244: 'argument': conversion from 'double' to 'int16_t', possible loss of data
  (compiling source file '/demon.cpp')
  
C:\Users\ookam\Code\survival\postal-code\demon.cpp(693,3): warning C4244: 'argument': conversion from 'double' to 'int16_t', possible loss of data
  (compiling source file '/demon.cpp')
  
C:\Users\ookam\Code\survival\postal-code\demon.cpp(692,3): warning C4244: 'argument': conversion from 'double' to 'int16_t', possible loss of data
  (compiling source file '/demon.cpp')
  
C:\Users\ookam\Code\survival\postal-code\demon.cpp(691,3): warning C4244: 'argument': conversion from 'double' to 'int16_t', possible loss of data
  (compiling source file '/demon.cpp')
  
C:\Users\ookam\Code\survival\postal-code\demon.cpp(749,3): warning C4244: 'argument': conversion from 'double' to 'int16_t', possible loss of data
  (compiling source file '/demon.cpp')
  
C:\Users\ookam\Code\survival\postal-code\demon.cpp(748,3): warning C4244: 'argument': conversion from 'double' to 'int16_t', possible loss of data
  (compiling source file '/demon.cpp')
  
C:\Users\ookam\Code\survival\postal-code\demon.cpp(747,3): warning C4244: 'argument': conversion from 'double' to 'int16_t', possible loss of data
  (compiling source file '/demon.cpp')
  
C:\Users\ookam\Code\survival\postal-code\demon.cpp(754,25): warning C4244: '=': conversion from 'double' to 'int16_t', possible loss of data
  (compiling source file '/demon.cpp')
  
  dispenser.cpp
C:\Users\ookam\Code\survival\postal-code\dispenser.cpp(138,9): warning C4603: 'DISPENSER_CPP': macro is not defined or definition is different after precompiled header use
  (compiling source file '/dispenser.cpp')
      C:\Users\ookam\Code\survival\postal-code\dispenser.cpp(138,9):
      Add macro to precompiled header instead of defining here
      C:\Users\ookam\Code\survival\postal-code\dispenser.cpp(140,1):
      use of precompiled header
  
C:\Users\ookam\Code\survival\postal-code\settings.h(41,4): warning C4091: 'typedef ': ignored on left of 'CSettings::<unnamed-enum-MemFileSize>' when no variable is declared
  (compiling source file '/dispenser.cpp')
  
C:\Users\ookam\Code\survival\postal-code\WishPiX\Prefs\prefline.h(56,16): warning C4091: 'typedef ': ignored on left of 'RPrefsLine::ePrefsLineType' when no variable is declared
  (compiling source file '/dispenser.cpp')
  
C:\Users\ookam\Code\survival\postal-code\WishPiX\Prefs\prefs.h(47,16): warning C4091: 'typedef ': ignored on left of 'RPrefs::ePrefs' when no variable is declared
  (compiling source file '/dispenser.cpp')
  
C:\Users\ookam\Code\survival\postal-code\StockPile.h(94,4): warning C4091: 'typedef ': ignored on left of 'CStockPile::<unnamed-enum-Bullets>' when no variable is declared
  (compiling source file '/dispenser.cpp')
  
C:\Users\ookam\Code\survival\postal-code\sprites.h(110,4): warning C4091: 'typedef ': ignored on left of 'CSprite::<unnamed-enum-InAlpha>' when no variable is declared
  (compiling source file '/dispenser.cpp')
  
C:\Users\ookam\Code\survival\postal-code\sprites.h(126,4): warning C4091: 'typedef ': ignored on left of 'CSprite::<unnamed-enum-OutRendered>' when no variable is declared
  (compiling source file '/dispenser.cpp')
  
C:\Users\ookam\Code\survival\postal-code\sprites.h(132,4): warning C4091: 'typedef ': ignored on left of 'CSprite::<unnamed-enum-PrivInserted>' when no variable is declared
  (compiling source file '/dispenser.cpp')
  
C:\Users\ookam\Code\survival\postal-code\thing.h(385,4): warning C4091: 'typedef ': ignored on left of 'CThing::<unnamed-enum-CHoodID>' when no variable is declared
  (compiling source file '/dispenser.cpp')
  
C:\Users\ookam\Code\survival\postal-code\realm.h(504,4): warning C4091: 'typedef ': ignored on left of 'CRealm::<unnamed-enum-Standard>' when no variable is declared
  (compiling source file '/dispenser.cpp')
  
C:\Users\ookam\Code\survival\postal-code\weapon.h(95,2): warning C4091: 'typedef ': ignored on left of 'CWeapon::<unnamed-enum-State_Idle>' when no variable is declared
  (compiling source file '/dispenser.cpp')
  
C:\Users\ookam\Code\survival\postal-code\character.h(460,32): warning C4244: 'argument': conversion from 'double' to 'int16_t', possible loss of data
  (compiling source file '/dispenser.cpp')
  
C:\Users\ookam\Code\survival\postal-code\character.h(460,19): warning C4244: 'argument': conversion from 'double' to 'int16_t', possible loss of data
  (compiling source file '/dispenser.cpp')
  
C:\Users\ookam\Code\survival\postal-code\dispenser.cpp(1536,26): warning C4244: '=': conversion from 'double' to 'uint32_t', possible loss of data
  (compiling source file '/dispenser.cpp')
  
C:\Users\ookam\Code\survival\postal-code\dispenser.cpp(1537,26): warning C4244: '=': conversion from 'double' to 'uint32_t', possible loss of data
  (compiling source file '/dispenser.cpp')
  
  doofus.cpp
C:\Users\ookam\Code\survival\postal-code\doofus.cpp(430,9): warning C4603: 'DOOFUS_CPP': macro is not defined or definition is different after precompiled header use
  (compiling source file '/doofus.cpp')
      C:\Users\ookam\Code\survival\postal-code\doofus.cpp(430,9):
      Add macro to precompiled header instead of defining here
      C:\Users\ookam\Code\survival\postal-code\doofus.cpp(432,1):
      use of precompiled header
  
C:\Users\ookam\Code\survival\postal-code\settings.h(41,4): warning C4091: 'typedef ': ignored on left of 'CSettings::<unnamed-enum-MemFileSize>' when no variable is declared
  (compiling source file '/doofus.cpp')
  
C:\Users\ookam\Code\survival\postal-code\WishPiX\Prefs\prefline.h(56,16): warning C4091: 'typedef ': ignored on left of 'RPrefsLine::ePrefsLineType' when no variable is declared
  (compiling source file '/doofus.cpp')
  
C:\Users\ookam\Code\survival\postal-code\WishPiX\Prefs\prefs.h(47,16): warning C4091: 'typedef ': ignored on left of 'RPrefs::ePrefs' when no variable is declared
  (compiling source file '/doofus.cpp')
  
C:\Users\ookam\Code\survival\postal-code\StockPile.h(94,4): warning C4091: 'typedef ': ignored on left of 'CStockPile::<unnamed-enum-Bullets>' when no variable is declared
  (compiling source file '/doofus.cpp')
  
C:\Users\ookam\Code\survival\postal-code\sprites.h(110,4): warning C4091: 'typedef ': ignored on left of 'CSprite::<unnamed-enum-InAlpha>' when no variable is declared
  (compiling source file '/doofus.cpp')
  
C:\Users\ookam\Code\survival\postal-code\sprites.h(126,4): warning C4091: 'typedef ': ignored on left of 'CSprite::<unnamed-enum-OutRendered>' when no variable is declared
  (compiling source file '/doofus.cpp')
  
C:\Users\ookam\Code\survival\postal-code\sprites.h(132,4): warning C4091: 'typedef ': ignored on left of 'CSprite::<unnamed-enum-PrivInserted>' when no variable is declared
  (compiling source file '/doofus.cpp')
  
C:\Users\ookam\Code\survival\postal-code\thing.h(385,4): warning C4091: 'typedef ': ignored on left of 'CThing::<unnamed-enum-CHoodID>' when no variable is declared
  (compiling source file '/doofus.cpp')
  
C:\Users\ookam\Code\survival\postal-code\realm.h(504,4): warning C4091: 'typedef ': ignored on left of 'CRealm::<unnamed-enum-Standard>' when no variable is declared
  (compiling source file '/doofus.cpp')
  
C:\Users\ookam\Code\survival\postal-code\bouy.h(404,5): warning C4996: 'sprintf': This function or variable may be unsafe. Consider using sprintf_s instead. To disable deprecation, use _CRT_SECURE_NO_WARNINGS. See online help for details.
  (compiling source file '/doofus.cpp')
  
C:\Users\ookam\Code\survival\postal-code\weapon.h(95,2): warning C4091: 'typedef ': ignored on left of 'CWeapon::<unnamed-enum-State_Idle>' when no variable is declared
  (compiling source file '/doofus.cpp')
  
C:\Users\ookam\Code\survival\postal-code\character.h(460,32): warning C4244: 'argument': conversion from 'double' to 'int16_t', possible loss of data
  (compiling source file '/doofus.cpp')
  
C:\Users\ookam\Code\survival\postal-code\character.h(460,19): warning C4244: 'argument': conversion from 'double' to 'int16_t', possible loss of data
  (compiling source file '/doofus.cpp')
  
C:\Users\ookam\Code\survival\postal-code\doofus.cpp(1029,50): warning C4244: 'argument': conversion from 'double' to 'int16_t', possible loss of data
  (compiling source file '/doofus.cpp')
  
C:\Users\ookam\Code\survival\postal-code\doofus.cpp(1029,40): warning C4244: '=': conversion from 'double' to 'int32_t', possible loss of data
  (compiling source file '/doofus.cpp')
  
C:\Users\ookam\Code\survival\postal-code\doofus.cpp(1030,35): warning C4244: '=': conversion from 'double' to 'int32_t', possible loss of data
  (compiling source file '/doofus.cpp')
  
C:\Users\ookam\Code\survival\postal-code\doofus.cpp(1031,50): warning C4244: 'argument': conversion from 'double' to 'int16_t', possible loss of data
  (compiling source file '/doofus.cpp')
  
C:\Users\ookam\Code\survival\postal-code\doofus.cpp(1031,40): warning C4244: '=': conversion from 'double' to 'int32_t', possible loss of data
  (compiling source file '/doofus.cpp')
  
C:\Users\ookam\Code\survival\postal-code\doofus.cpp(1171,74): warning C4244: 'argument': conversion from 'double' to 'int16_t', possible loss of data
  (compiling source file '/doofus.cpp')
  
C:\Users\ookam\Code\survival\postal-code\doofus.cpp(1171,59): warning C4244: 'argument': conversion from 'double' to 'int16_t', possible loss of data
  (compiling source file '/doofus.cpp')
  
C:\Users\ookam\Code\survival\postal-code\doofus.cpp(1248,26): warning C4244: '=': conversion from 'double' to 'uint32_t', possible loss of data
  (compiling source file '/doofus.cpp')
  
C:\Users\ookam\Code\survival\postal-code\doofus.cpp(1249,26): warning C4244: '=': conversion from 'double' to 'uint32_t', possible loss of data
  (compiling source file '/doofus.cpp')
  
C:\Users\ookam\Code\survival\postal-code\doofus.cpp(1288,25): warning C4244: 'argument': conversion from 'double' to 'int16_t', possible loss of data
  (compiling source file '/doofus.cpp')
  
C:\Users\ookam\Code\survival\postal-code\doofus.cpp(1288,21): warning C4244: 'argument': conversion from 'double' to 'int16_t', possible loss of data
  (compiling source file '/doofus.cpp')
  
C:\Users\ookam\Code\survival\postal-code\doofus.cpp(1291,13): warning C4244: '=': conversion from 'double' to 'int16_t', possible loss of data
  (compiling source file '/doofus.cpp')
  
C:\Users\ookam\Code\survival\postal-code\doofus.cpp(1294,12): warning C4244: '=': conversion from 'double' to 'int16_t', possible loss of data
  (compiling source file '/doofus.cpp')
  
C:\Users\ookam\Code\survival\postal-code\doofus.cpp(1340,54): warning C4244: 'argument': conversion from 'double' to 'int16_t', possible loss of data
  (compiling source file '/doofus.cpp')
  
C:\Users\ookam\Code\survival\postal-code\doofus.cpp(1340,48): warning C4244: 'argument': conversion from 'double' to 'int16_t', possible loss of data
  (compiling source file '/doofus.cpp')
  
C:\Users\ookam\Code\survival\postal-code\doofus.cpp(1347,34): warning C4244: '=': conversion from 'double' to 'int16_t', possible loss of data
  (compiling source file '/doofus.cpp')
  
C:\Users\ookam\Code\survival\postal-code\doofus.cpp(1348,34): warning C4244: '=': conversion from 'double' to 'int16_t', possible loss of data
  (compiling source file '/doofus.cpp')
  
C:\Users\ookam\Code\survival\postal-code\doofus.cpp(1353,59): warning C4244: 'argument': conversion from 'double' to 'int16_t', possible loss of data
  (compiling source file '/doofus.cpp')
  
C:\Users\ookam\Code\survival\postal-code\doofus.cpp(1353,38): warning C4244: 'argument': conversion from 'double' to 'int16_t', possible loss of data
  (compiling source file '/doofus.cpp')
  
C:\Users\ookam\Code\survival\postal-code\doofus.cpp(1386,4): warning C4244: 'argument': conversion from 'double' to 'int16_t', possible loss of data
  (compiling source file '/doofus.cpp')
  
C:\Users\ookam\Code\survival\postal-code\doofus.cpp(1385,4): warning C4244: 'argument': conversion from 'double' to 'int16_t', possible loss of data
  (compiling source file '/doofus.cpp')
  
C:\Users\ookam\Code\survival\postal-code\doofus.cpp(1384,4): warning C4244: 'argument': conversion from 'double' to 'int16_t', possible loss of data
  (compiling source file '/doofus.cpp')
  
C:\Users\ookam\Code\survival\postal-code\doofus.cpp(1383,4): warning C4244: 'argument': conversion from 'double' to 'int16_t', possible loss of data
  (compiling source file '/doofus.cpp')
  
C:\Users\ookam\Code\survival\postal-code\doofus.cpp(1409,43): warning C4244: 'argument': conversion from 'double' to 'int16_t', possible loss of data
  (compiling source file '/doofus.cpp')
  
C:\Users\ookam\Code\survival\postal-code\doofus.cpp(1412,43): warning C4244: 'argument': conversion from 'double' to 'int16_t', possible loss of data
  (compiling source file '/doofus.cpp')
  
C:\Users\ookam\Code\survival\postal-code\doofus.cpp(1487,40): warning C4244: 'argument': conversion from 'double' to 'int32_t', possible loss of data
  (compiling source file '/doofus.cpp')
  
C:\Users\ookam\Code\survival\postal-code\doofus.cpp(1484,12): warning C4244: 'argument': conversion from 'double' to 'int16_t', possible loss of data
  (compiling source file '/doofus.cpp')
  
C:\Users\ookam\Code\survival\postal-code\doofus.cpp(1483,12): warning C4244: 'argument': conversion from 'double' to 'int16_t', possible loss of data
  (compiling source file '/doofus.cpp')
  
C:\Users\ookam\Code\survival\postal-code\doofus.cpp(1482,12): warning C4244: 'argument': conversion from 'double' to 'int16_t', possible loss of data
  (compiling source file '/doofus.cpp')
  
C:\Users\ookam\Code\survival\postal-code\doofus.cpp(1498,44): warning C4244: 'argument': conversion from 'double' to 'int16_t', possible loss of data
  (compiling source file '/doofus.cpp')
  
C:\Users\ookam\Code\survival\postal-code\doofus.cpp(1501,44): warning C4244: 'argument': conversion from 'double' to 'int16_t', possible loss of data
  (compiling source file '/doofus.cpp')
  
C:\Users\ookam\Code\survival\postal-code\doofus.cpp(1892,56): warning C4244: 'argument': conversion from 'double' to 'int32_t', possible loss of data
  (compiling source file '/doofus.cpp')
  
C:\Users\ookam\Code\survival\postal-code\doofus.cpp(1931,52): warning C4244: 'argument': conversion from 'double' to 'int16_t', possible loss of data
  (compiling source file '/doofus.cpp')
  
C:\Users\ookam\Code\survival\postal-code\doofus.cpp(1931,46): warning C4244: 'argument': conversion from 'double' to 'int16_t', possible loss of data
  (compiling source file '/doofus.cpp')
  
C:\Users\ookam\Code\survival\postal-code\doofus.cpp(1937,32): warning C4244: '=': conversion from 'double' to 'int16_t', possible loss of data
  (compiling source file '/doofus.cpp')
  
C:\Users\ookam\Code\survival\postal-code\doofus.cpp(1938,32): warning C4244: '=': conversion from 'double' to 'int16_t', possible loss of data
  (compiling source file '/doofus.cpp')
  
C:\Users\ookam\Code\survival\postal-code\doofus.cpp(1979,54): warning C4244: 'argument': conversion from 'double' to 'int16_t', possible loss of data
  (compiling source file '/doofus.cpp')
  
C:\Users\ookam\Code\survival\postal-code\doofus.cpp(1979,48): warning C4244: 'argument': conversion from 'double' to 'int16_t', possible loss of data
  (compiling source file '/doofus.cpp')
  
C:\Users\ookam\Code\survival\postal-code\doofus.cpp(1986,34): warning C4244: '=': conversion from 'double' to 'int16_t', possible loss of data
  (compiling source file '/doofus.cpp')
  
C:\Users\ookam\Code\survival\postal-code\doofus.cpp(1987,34): warning C4244: '=': conversion from 'double' to 'int16_t', possible loss of data
  (compiling source file '/doofus.cpp')
  
C:\Users\ookam\Code\survival\postal-code\doofus.cpp(2003,57): warning C4244: 'argument': conversion from 'double' to 'int32_t', possible loss of data
  (compiling source file '/doofus.cpp')
  
C:\Users\ookam\Code\survival\postal-code\doofus.cpp(2070,44): warning C4244: 'argument': conversion from 'double' to 'int16_t', possible loss of data
  (compiling source file '/doofus.cpp')
  
C:\Users\ookam\Code\survival\postal-code\doofus.cpp(2072,44): warning C4244: 'argument': conversion from 'double' to 'int16_t', possible loss of data
  (compiling source file '/doofus.cpp')
  
C:\Users\ookam\Code\survival\postal-code\doofus.cpp(2128,34): warning C4244: '=': conversion from 'double' to 'int16_t', possible loss of data
  (compiling source file '/doofus.cpp')
  
C:\Users\ookam\Code\survival\postal-code\doofus.cpp(2129,34): warning C4244: '=': conversion from 'double' to 'int16_t', possible loss of data
  (compiling source file '/doofus.cpp')
  
C:\Users\ookam\Code\survival\postal-code\doofus.cpp(2165,42): warning C4244: 'argument': conversion from 'double' to 'int16_t', possible loss of data
  (compiling source file '/doofus.cpp')
  
C:\Users\ookam\Code\survival\postal-code\doofus.cpp(2167,42): warning C4244: 'argument': conversion from 'double' to 'int16_t', possible loss of data
  (compiling source file '/doofus.cpp')
  
C:\Users\ookam\Code\survival\postal-code\doofus.cpp(2173,42): warning C4244: 'argument': conversion from 'double' to 'int16_t', possible loss of data
  (compiling source file '/doofus.cpp')
  
C:\Users\ookam\Code\survival\postal-code\doofus.cpp(2175,42): warning C4244: 'argument': conversion from 'double' to 'int16_t', possible loss of data
  (compiling source file '/doofus.cpp')
  
C:\Users\ookam\Code\survival\postal-code\doofus.cpp(2181,42): warning C4244: 'argument': conversion from 'double' to 'int16_t', possible loss of data
  (compiling source file '/doofus.cpp')
  
C:\Users\ookam\Code\survival\postal-code\doofus.cpp(2183,42): warning C4244: 'argument': conversion from 'double' to 'int16_t', possible loss of data
  (compiling source file '/doofus.cpp')
  
C:\Users\ookam\Code\survival\postal-code\doofus.cpp(2189,42): warning C4244: 'argument': conversion from 'double' to 'int16_t', possible loss of data
  (compiling source file '/doofus.cpp')
  
C:\Users\ookam\Code\survival\postal-code\doofus.cpp(2191,42): warning C4244: 'argument': conversion from 'double' to 'int16_t', possible loss of data
  (compiling source file '/doofus.cpp')
  
C:\Users\ookam\Code\survival\postal-code\doofus.cpp(2196,36): warning C4244: 'argument': conversion from 'double' to 'int16_t', possible loss of data
  (compiling source file '/doofus.cpp')
  
C:\Users\ookam\Code\survival\postal-code\doofus.cpp(2200,36): warning C4244: 'argument': conversion from 'double' to 'int16_t', possible loss of data
  (compiling source file '/doofus.cpp')
  
C:\Users\ookam\Code\survival\postal-code\doofus.cpp(2208,36): warning C4244: 'argument': conversion from 'double' to 'int16_t', possible loss of data
  (compiling source file '/doofus.cpp')
  
C:\Users\ookam\Code\survival\postal-code\doofus.cpp(2217,46): warning C4244: 'argument': conversion from 'double' to 'int32_t', possible loss of data
  (compiling source file '/doofus.cpp')
  
C:\Users\ookam\Code\survival\postal-code\doofus.cpp(2217,59): warning C4244: '=': conversion from 'double' to 'int16_t', possible loss of data
  (compiling source file '/doofus.cpp')
  
C:\Users\ookam\Code\survival\postal-code\doofus.cpp(2218,27): warning C4244: '=': conversion from 'double' to 'int32_t', possible loss of data
  (compiling source file '/doofus.cpp')
  
C:\Users\ookam\Code\survival\postal-code\doofus.cpp(2280,55): warning C4244: 'argument': conversion from 'double' to 'int32_t', possible loss of data
  (compiling source file '/doofus.cpp')
  
C:\Users\ookam\Code\survival\postal-code\doofus.cpp(2315,55): warning C4244: 'argument': conversion from 'double' to 'int32_t', possible loss of data
  (compiling source file '/doofus.cpp')
  
C:\Users\ookam\Code\survival\postal-code\doofus.cpp(2341,44): warning C4244: 'argument': conversion from 'double' to 'int16_t', possible loss of data
  (compiling source file '/doofus.cpp')
  
C:\Users\ookam\Code\survival\postal-code\doofus.cpp(2343,44): warning C4244: 'argument': conversion from 'double' to 'int16_t', possible loss of data
  (compiling source file '/doofus.cpp')
  
C:\Users\ookam\Code\survival\postal-code\doofus.cpp(2398,36): warning C4244: '=': conversion from 'double' to 'int32_t', possible loss of data
  (compiling source file '/doofus.cpp')
  
C:\Users\ookam\Code\survival\postal-code\doofus.cpp(2399,36): warning C4244: '=': conversion from 'double' to 'int32_t', possible loss of data
  (compiling source file '/doofus.cpp')
  
C:\Users\ookam\Code\survival\postal-code\doofus.cpp(2400,36): warning C4244: '=': conversion from 'double' to 'int32_t', possible loss of data
  (compiling source file '/doofus.cpp')
  
C:\Users\ookam\Code\survival\postal-code\doofus.cpp(2575,43): warning C4244: 'argument': conversion from 'double' to 'int16_t', possible loss of data
  (compiling source file '/doofus.cpp')
  
C:\Users\ookam\Code\survival\postal-code\doofus.cpp(2577,43): warning C4244: 'argument': conversion from 'double' to 'int16_t', possible loss of data
  (compiling source file '/doofus.cpp')
  
C:\Users\ookam\Code\survival\postal-code\doofus.cpp(2613,32): warning C4244: '=': conversion from 'double' to 'int16_t', possible loss of data
  (compiling source file '/doofus.cpp')
  
C:\Users\ookam\Code\survival\postal-code\doofus.cpp(2614,32): warning C4244: '=': conversion from 'double' to 'int16_t', possible loss of data
  (compiling source file '/doofus.cpp')
  
C:\Users\ookam\Code\survival\postal-code\doofus.cpp(2664,33): warning C4244: '=': conversion from 'double' to 'int16_t', possible loss of data
  (compiling source file '/doofus.cpp')
  
C:\Users\ookam\Code\survival\postal-code\doofus.cpp(2665,33): warning C4244: '=': conversion from 'double' to 'int16_t', possible loss of data
  (compiling source file '/doofus.cpp')
  
C:\Users\ookam\Code\survival\postal-code\doofus.cpp(2828,43): warning C4244: 'argument': conversion from 'double' to 'int16_t', possible loss of data
  (compiling source file '/doofus.cpp')
  
C:\Users\ookam\Code\survival\postal-code\doofus.cpp(2830,43): warning C4244: 'argument': conversion from 'double' to 'int16_t', possible loss of data
  (compiling source file '/doofus.cpp')
  
C:\Users\ookam\Code\survival\postal-code\doofus.cpp(2841,31): warning C4244: '=': conversion from 'double' to 'int16_t', possible loss of data
  (compiling source file '/doofus.cpp')
  
C:\Users\ookam\Code\survival\postal-code\doofus.cpp(2842,31): warning C4244: '=': conversion from 'double' to 'int16_t', possible loss of data
  (compiling source file '/doofus.cpp')
  
C:\Users\ookam\Code\survival\postal-code\doofus.cpp(2890,47): warning C4244: 'argument': conversion from 'double' to 'int16_t', possible loss of data
  (compiling source file '/doofus.cpp')
  
C:\Users\ookam\Code\survival\postal-code\doofus.cpp(2891,55): warning C4244: 'argument': conversion from 'double' to 'int16_t', possible loss of data
  (compiling source file '/doofus.cpp')
  
C:\Users\ookam\Code\survival\postal-code\doofus.cpp(2899,36): warning C4244: 'argument': conversion from 'double' to 'int16_t', possible loss of data
  (compiling source file '/doofus.cpp')
  
C:\Users\ookam\Code\survival\postal-code\doofus.cpp(2906,37): warning C4244: 'argument': conversion from 'double' to 'int16_t', possible loss of data
  (compiling source file '/doofus.cpp')
  
C:\Users\ookam\Code\survival\postal-code\doofus.cpp(2913,38): warning C4244: 'argument': conversion from 'double' to 'int16_t', possible loss of data
  (compiling source file '/doofus.cpp')
  
C:\Users\ookam\Code\survival\postal-code\doofus.cpp(2918,38): warning C4244: 'argument': conversion from 'double' to 'int16_t', possible loss of data
  (compiling source file '/doofus.cpp')
  
C:\Users\ookam\Code\survival\postal-code\doofus.cpp(2929,36): warning C4244: 'argument': conversion from 'double' to 'int16_t', possible loss of data
  (compiling source file '/doofus.cpp')
  
C:\Users\ookam\Code\survival\postal-code\doofus.cpp(2936,37): warning C4244: 'argument': conversion from 'double' to 'int16_t', possible loss of data
  (compiling source file '/doofus.cpp')
  
C:\Users\ookam\Code\survival\postal-code\doofus.cpp(2943,38): warning C4244: 'argument': conversion from 'double' to 'int16_t', possible loss of data
  (compiling source file '/doofus.cpp')
  
C:\Users\ookam\Code\survival\postal-code\doofus.cpp(2948,38): warning C4244: 'argument': conversion from 'double' to 'int16_t', possible loss of data
  (compiling source file '/doofus.cpp')
  
C:\Users\ookam\Code\survival\postal-code\doofus.cpp(3007,33): warning C4244: '=': conversion from 'double' to 'int16_t', possible loss of data
  (compiling source file '/doofus.cpp')
  
C:\Users\ookam\Code\survival\postal-code\doofus.cpp(3008,33): warning C4244: '=': conversion from 'double' to 'int16_t', possible loss of data
  (compiling source file '/doofus.cpp')
  
C:\Users\ookam\Code\survival\postal-code\doofus.cpp(3026,52): warning C4244: 'argument': conversion from 'double' to 'int16_t', possible loss of data
  (compiling source file '/doofus.cpp')
  
C:\Users\ookam\Code\survival\postal-code\doofus.cpp(3026,46): warning C4244: 'argument': conversion from 'double' to 'int16_t', possible loss of data
  (compiling source file '/doofus.cpp')
  
C:\Users\ookam\Code\survival\postal-code\doofus.cpp(3032,32): warning C4244: '=': conversion from 'double' to 'int16_t', possible loss of data
  (compiling source file '/doofus.cpp')
  
C:\Users\ookam\Code\survival\postal-code\doofus.cpp(3033,32): warning C4244: '=': conversion from 'double' to 'int16_t', possible loss of data
  (compiling source file '/doofus.cpp')
  
C:\Users\ookam\Code\survival\postal-code\doofus.cpp(3070,52): warning C4244: 'argument': conversion from 'double' to 'int16_t', possible loss of data
  (compiling source file '/doofus.cpp')
  
C:\Users\ookam\Code\survival\postal-code\doofus.cpp(3070,46): warning C4244: 'argument': conversion from 'double' to 'int16_t', possible loss of data
  (compiling source file '/doofus.cpp')
  
C:\Users\ookam\Code\survival\postal-code\doofus.cpp(3076,32): warning C4244: '=': conversion from 'double' to 'int16_t', possible loss of data
  (compiling source file '/doofus.cpp')
  
C:\Users\ookam\Code\survival\postal-code\doofus.cpp(3077,32): warning C4244: '=': conversion from 'double' to 'int16_t', possible loss of data
  (compiling source file '/doofus.cpp')
  
C:\Users\ookam\Code\survival\postal-code\doofus.cpp(3126,52): warning C4244: 'argument': conversion from 'double' to 'int16_t', possible loss of data
  (compiling source file '/doofus.cpp')
  
C:\Users\ookam\Code\survival\postal-code\doofus.cpp(3126,46): warning C4244: 'argument': conversion from 'double' to 'int16_t', possible loss of data
  (compiling source file '/doofus.cpp')
  
C:\Users\ookam\Code\survival\postal-code\doofus.cpp(3132,32): warning C4244: '=': conversion from 'double' to 'int16_t', possible loss of data
  (compiling source file '/doofus.cpp')
  
C:\Users\ookam\Code\survival\postal-code\doofus.cpp(3133,32): warning C4244: '=': conversion from 'double' to 'int16_t', possible loss of data
  (compiling source file '/doofus.cpp')
  
C:\Users\ookam\Code\survival\postal-code\doofus.cpp(3162,52): warning C4244: 'argument': conversion from 'double' to 'int16_t', possible loss of data
  (compiling source file '/doofus.cpp')
  
C:\Users\ookam\Code\survival\postal-code\doofus.cpp(3162,46): warning C4244: 'argument': conversion from 'double' to 'int16_t', possible loss of data
  (compiling source file '/doofus.cpp')
  
C:\Users\ookam\Code\survival\postal-code\doofus.cpp(3168,32): warning C4244: '=': conversion from 'double' to 'int16_t', possible loss of data
  (compiling source file '/doofus.cpp')
  
C:\Users\ookam\Code\survival\postal-code\doofus.cpp(3169,32): warning C4244: '=': conversion from 'double' to 'int16_t', possible loss of data
  (compiling source file '/doofus.cpp')
  
C:\Users\ookam\Code\survival\postal-code\doofus.cpp(3216,56): warning C4244: 'argument': conversion from 'double' to 'int32_t', possible loss of data
  (compiling source file '/doofus.cpp')
  
C:\Users\ookam\Code\survival\postal-code\doofus.cpp(3310,32): warning C4244: '=': conversion from 'double' to 'int32_t', possible loss of data
  (compiling source file '/doofus.cpp')
  
C:\Users\ookam\Code\survival\postal-code\doofus.cpp(3311,32): warning C4244: '=': conversion from 'double' to 'int32_t', possible loss of data
  (compiling source file '/doofus.cpp')
  
C:\Users\ookam\Code\survival\postal-code\doofus.cpp(3312,32): warning C4244: '=': conversion from 'double' to 'int32_t', possible loss of data
  (compiling source file '/doofus.cpp')
  
C:\Users\ookam\Code\survival\postal-code\doofus.cpp(3450,36): warning C4244: '=': conversion from 'double' to 'int16_t', possible loss of data
  (compiling source file '/doofus.cpp')
  
C:\Users\ookam\Code\survival\postal-code\doofus.cpp(3451,36): warning C4244: '=': conversion from 'double' to 'int16_t', possible loss of data
  (compiling source file '/doofus.cpp')
  
C:\Users\ookam\Code\survival\postal-code\doofus.cpp(3464,36): warning C4244: '=': conversion from 'double' to 'int16_t', possible loss of data
  (compiling source file '/doofus.cpp')
  
C:\Users\ookam\Code\survival\postal-code\doofus.cpp(3465,36): warning C4244: '=': conversion from 'double' to 'int16_t', possible loss of data
  (compiling source file '/doofus.cpp')
  
C:\Users\ookam\Code\survival\postal-code\doofus.cpp(3476,36): warning C4244: '=': conversion from 'double' to 'int16_t', possible loss of data
  (compiling source file '/doofus.cpp')
  
C:\Users\ookam\Code\survival\postal-code\doofus.cpp(3477,36): warning C4244: '=': conversion from 'double' to 'int16_t', possible loss of data
  (compiling source file '/doofus.cpp')
  
C:\Users\ookam\Code\survival\postal-code\doofus.cpp(3752,42): warning C4244: 'argument': conversion from 'double' to 'int16_t', possible loss of data
  (compiling source file '/doofus.cpp')
  
C:\Users\ookam\Code\survival\postal-code\doofus.cpp(3756,42): warning C4244: 'argument': conversion from 'double' to 'int16_t', possible loss of data
  (compiling source file '/doofus.cpp')
  
C:\Users\ookam\Code\survival\postal-code\doofus.cpp(3760,42): warning C4244: 'argument': conversion from 'double' to 'int16_t', possible loss of data
  (compiling source file '/doofus.cpp')
  
C:\Users\ookam\Code\survival\postal-code\doofus.cpp(3947,33): warning C4244: '=': conversion from 'double' to 'int32_t', possible loss of data
  (compiling source file '/doofus.cpp')
  
C:\Users\ookam\Code\survival\postal-code\doofus.cpp(3948,38): warning C4244: '=': conversion from 'double' to 'int32_t', possible loss of data
  (compiling source file '/doofus.cpp')
  
C:\Users\ookam\Code\survival\postal-code\doofus.cpp(3949,33): warning C4244: '=': conversion from 'double' to 'int32_t', possible loss of data
  (compiling source file '/doofus.cpp')
  
C:\Users\ookam\Code\survival\postal-code\doofus.cpp(3968,39): warning C4244: '=': conversion from 'double' to 'int32_t', possible loss of data
  (compiling source file '/doofus.cpp')
  
C:\Users\ookam\Code\survival\postal-code\doofus.cpp(3969,39): warning C4244: '=': conversion from 'double' to 'int32_t', possible loss of data
  (compiling source file '/doofus.cpp')
  
C:\Users\ookam\Code\survival\postal-code\doofus.cpp(3970,39): warning C4244: '=': conversion from 'double' to 'int32_t', possible loss of data
  (compiling source file '/doofus.cpp')
  
C:\Users\ookam\Code\survival\postal-code\doofus.cpp(3982,39): warning C4244: '=': conversion from 'double' to 'int32_t', possible loss of data
  (compiling source file '/doofus.cpp')
  
C:\Users\ookam\Code\survival\postal-code\doofus.cpp(3983,39): warning C4244: '=': conversion from 'double' to 'int32_t', possible loss of data
  (compiling source file '/doofus.cpp')
  
C:\Users\ookam\Code\survival\postal-code\doofus.cpp(3984,39): warning C4244: '=': conversion from 'double' to 'int32_t', possible loss of data
  (compiling source file '/doofus.cpp')
  
  dude.cpp
C:\Users\ookam\Code\survival\postal-code\dude.cpp(1103,9): warning C4603: 'DUDE_CPP': macro is not defined or definition is different after precompiled header use
  (compiling source file '/dude.cpp')
      C:\Users\ookam\Code\survival\postal-code\dude.cpp(1103,9):
      Add macro to precompiled header instead of defining here
      C:\Users\ookam\Code\survival\postal-code\dude.cpp(1105,1):
      use of precompiled header
  
C:\Users\ookam\Code\survival\postal-code\settings.h(41,4): warning C4091: 'typedef ': ignored on left of 'CSettings::<unnamed-enum-MemFileSize>' when no variable is declared
  (compiling source file '/dude.cpp')
  
C:\Users\ookam\Code\survival\postal-code\WishPiX\Prefs\prefline.h(56,16): warning C4091: 'typedef ': ignored on left of 'RPrefsLine::ePrefsLineType' when no variable is declared
  (compiling source file '/dude.cpp')
  
C:\Users\ookam\Code\survival\postal-code\WishPiX\Prefs\prefs.h(47,16): warning C4091: 'typedef ': ignored on left of 'RPrefs::ePrefs' when no variable is declared
  (compiling source file '/dude.cpp')
  
C:\Users\ookam\Code\survival\postal-code\StockPile.h(94,4): warning C4091: 'typedef ': ignored on left of 'CStockPile::<unnamed-enum-Bullets>' when no variable is declared
  (compiling source file '/dude.cpp')
  
C:\Users\ookam\Code\survival\postal-code\sprites.h(110,4): warning C4091: 'typedef ': ignored on left of 'CSprite::<unnamed-enum-InAlpha>' when no variable is declared
  (compiling source file '/dude.cpp')
  
C:\Users\ookam\Code\survival\postal-code\sprites.h(126,4): warning C4091: 'typedef ': ignored on left of 'CSprite::<unnamed-enum-OutRendered>' when no variable is declared
  (compiling source file '/dude.cpp')
  
C:\Users\ookam\Code\survival\postal-code\sprites.h(132,4): warning C4091: 'typedef ': ignored on left of 'CSprite::<unnamed-enum-PrivInserted>' when no variable is declared
  (compiling source file '/dude.cpp')
  
C:\Users\ookam\Code\survival\postal-code\thing.h(385,4): warning C4091: 'typedef ': ignored on left of 'CThing::<unnamed-enum-CHoodID>' when no variable is declared
  (compiling source file '/dude.cpp')
  
C:\Users\ookam\Code\survival\postal-code\realm.h(504,4): warning C4091: 'typedef ': ignored on left of 'CRealm::<unnamed-enum-Standard>' when no variable is declared
  (compiling source file '/dude.cpp')
  
C:\Users\ookam\Code\survival\postal-code\weapon.h(95,2): warning C4091: 'typedef ': ignored on left of 'CWeapon::<unnamed-enum-State_Idle>' when no variable is declared
  (compiling source file '/dude.cpp')
  
C:\Users\ookam\Code\survival\postal-code\character.h(460,32): warning C4244: 'argument': conversion from 'double' to 'int16_t', possible loss of data
  (compiling source file '/dude.cpp')
  
C:\Users\ookam\Code\survival\postal-code\character.h(460,19): warning C4244: 'argument': conversion from 'double' to 'int16_t', possible loss of data
  (compiling source file '/dude.cpp')
  
C:\Users\ookam\Code\survival\postal-code\fire.h(101,2): warning C4091: 'typedef ': ignored on left of 'CFire::<unnamed-enum-LargeFire>' when no variable is declared
  (compiling source file '/dude.cpp')
  
C:\Users\ookam\Code\survival\postal-code\net.h(90,3): warning C4091: 'typedef ': ignored on left of 'Net::<unnamed-enum-MaxNumIDs>' when no variable is declared
  (compiling source file '/dude.cpp')
  
C:\Users\ookam\Code\survival\postal-code\netmsgr.h(177,4): warning C4091: 'typedef ': ignored on left of 'NetMsg::<unnamed-enum-NOTHING>' when no variable is declared
  (compiling source file '/dude.cpp')
  
C:\Users\ookam\Code\survival\postal-code\netmsgr.h(218,4): warning C4091: 'typedef ': ignored on left of 'NetMsg::<unnamed-enum-TooManyPlayers>' when no variable is declared
  (compiling source file '/dude.cpp')
  
C:\Users\ookam\Code\survival\postal-code\netmsgr.h(226,4): warning C4091: 'typedef ': ignored on left of 'NetMsg::<unnamed-enum-UserAbortedGame>' when no variable is declared
  (compiling source file '/dude.cpp')
  
C:\Users\ookam\Code\survival\postal-code\netmsgr.h(1267,4): warning C4091: 'typedef ': ignored on left of 'CNetMsgr::<unnamed-enum-MagicNum>' when no variable is declared
  (compiling source file '/dude.cpp')
  
C:\Users\ookam\Code\survival\postal-code\dude.cpp(1546,2): warning C4996: 'sprintf': This function or variable may be unsafe. Consider using sprintf_s instead. To disable deprecation, use _CRT_SECURE_NO_WARNINGS. See online help for details.
  (compiling source file '/dude.cpp')
  
C:\Users\ookam\Code\survival\postal-code\dude.cpp(1548,2): warning C4996: 'sprintf': This function or variable may be unsafe. Consider using sprintf_s instead. To disable deprecation, use _CRT_SECURE_NO_WARNINGS. See online help for details.
  (compiling source file '/dude.cpp')
  
C:\Users\ookam\Code\survival\postal-code\dude.cpp(1550,2): warning C4996: 'sprintf': This function or variable may be unsafe. Consider using sprintf_s instead. To disable deprecation, use _CRT_SECURE_NO_WARNINGS. See online help for details.
  (compiling source file '/dude.cpp')
  
C:\Users\ookam\Code\survival\postal-code\dude.cpp(1554,3): warning C4996: 'sprintf': This function or variable may be unsafe. Consider using sprintf_s instead. To disable deprecation, use _CRT_SECURE_NO_WARNINGS. See online help for details.
  (compiling source file '/dude.cpp')
  
C:\Users\ookam\Code\survival\postal-code\dude.cpp(1560,3): warning C4996: 'sprintf': This function or variable may be unsafe. Consider using sprintf_s instead. To disable deprecation, use _CRT_SECURE_NO_WARNINGS. See online help for details.
  (compiling source file '/dude.cpp')
  
C:\Users\ookam\Code\survival\postal-code\dude.cpp(1565,2): warning C4996: 'sprintf': This function or variable may be unsafe. Consider using sprintf_s instead. To disable deprecation, use _CRT_SECURE_NO_WARNINGS. See online help for details.
  (compiling source file '/dude.cpp')
  
C:\Users\ookam\Code\survival\postal-code\dude.cpp(1567,2): warning C4996: 'sprintf': This function or variable may be unsafe. Consider using sprintf_s instead. To disable deprecation, use _CRT_SECURE_NO_WARNINGS. See online help for details.
  (compiling source file '/dude.cpp')
  
C:\Users\ookam\Code\survival\postal-code\dude.cpp(1569,2): warning C4996: 'sprintf': This function or variable may be unsafe. Consider using sprintf_s instead. To disable deprecation, use _CRT_SECURE_NO_WARNINGS. See online help for details.
  (compiling source file '/dude.cpp')
  
C:\Users\ookam\Code\survival\postal-code\dude.cpp(1960,31): warning C4244: 'argument': conversion from 'double' to 'int16_t', possible loss of data
  (compiling source file '/dude.cpp')
  
C:\Users\ookam\Code\survival\postal-code\dude.cpp(2142,26): warning C4244: 'initializing': conversion from 'double' to 'int32_t', possible loss of data
  (compiling source file '/dude.cpp')
  
C:\Users\ookam\Code\survival\postal-code\dude.cpp(2157,26): warning C4244: 'initializing': conversion from 'double' to 'int32_t', possible loss of data
  (compiling source file '/dude.cpp')
  
C:\Users\ookam\Code\survival\postal-code\dude.cpp(2543,33): warning C4244: '=': conversion from 'double' to 'int32_t', possible loss of data
  (compiling source file '/dude.cpp')
  
C:\Users\ookam\Code\survival\postal-code\dude.cpp(2546,38): warning C4244: '=': conversion from 'double' to 'int32_t', possible loss of data
  (compiling source file '/dude.cpp')
  
C:\Users\ookam\Code\survival\postal-code\dude.cpp(2547,33): warning C4244: '=': conversion from 'double' to 'int32_t', possible loss of data
  (compiling source file '/dude.cpp')
  
C:\Users\ookam\Code\survival\postal-code\dude.cpp(3245,28): warning C4244: '=': conversion from 'double' to 'int16_t', possible loss of data
  (compiling source file '/dude.cpp')
  
C:\Users\ookam\Code\survival\postal-code\dude.cpp(3249,28): warning C4244: '=': conversion from 'double' to 'int16_t', possible loss of data
  (compiling source file '/dude.cpp')
  
C:\Users\ookam\Code\survival\postal-code\dude.cpp(3253,27): warning C4244: '=': conversion from 'double' to 'int16_t', possible loss of data
  (compiling source file '/dude.cpp')
  
C:\Users\ookam\Code\survival\postal-code\dude.cpp(3255,27): warning C4244: '=': conversion from 'double' to 'int16_t', possible loss of data
  (compiling source file '/dude.cpp')
  
C:\Users\ookam\Code\survival\postal-code\dude.cpp(3481,49): warning C4244: 'argument': conversion from 'double' to 'int16_t', possible loss of data
  (compiling source file '/dude.cpp')
  
C:\Users\ookam\Code\survival\postal-code\dude.cpp(3481,43): warning C4244: 'argument': conversion from 'double' to 'int16_t', possible loss of data
  (compiling source file '/dude.cpp')
  
C:\Users\ookam\Code\survival\postal-code\dude.cpp(3525,43): warning C4244: 'argument': conversion from 'double' to 'int16_t', possible loss of data
  (compiling source file '/dude.cpp')
  
C:\Users\ookam\Code\survival\postal-code\dude.cpp(3785,3): warning C4996: 'sprintf': This function or variable may be unsafe. Consider using sprintf_s instead. To disable deprecation, use _CRT_SECURE_NO_WARNINGS. See online help for details.
  (compiling source file '/dude.cpp')
  
C:\Users\ookam\Code\survival\postal-code\dude.cpp(4118,33): warning C4244: 'argument': conversion from 'double' to 'int16_t', possible loss of data
  (compiling source file '/dude.cpp')
  
C:\Users\ookam\Code\survival\postal-code\dude.cpp(4118,27): warning C4244: 'argument': conversion from 'double' to 'int16_t', possible loss of data
  (compiling source file '/dude.cpp')
  
C:\Users\ookam\Code\survival\postal-code\dude.cpp(4118,21): warning C4244: 'argument': conversion from 'double' to 'int16_t', possible loss of data
  (compiling source file '/dude.cpp')
  
C:\Users\ookam\Code\survival\postal-code\dude.cpp(4399,57): warning C4244: '=': conversion from 'float' to 'int32_t', possible loss of data
  (compiling source file '/dude.cpp')
  
C:\Users\ookam\Code\survival\postal-code\dude.cpp(4883,5): warning C4244: 'argument': conversion from 'double' to 'int16_t', possible loss of data
  (compiling source file '/dude.cpp')
  
C:\Users\ookam\Code\survival\postal-code\dude.cpp(4882,5): warning C4244: 'argument': conversion from 'double' to 'int16_t', possible loss of data
  (compiling source file '/dude.cpp')
  
C:\Users\ookam\Code\survival\postal-code\dude.cpp(4881,5): warning C4244: 'argument': conversion from 'double' to 'int16_t', possible loss of data
  (compiling source file '/dude.cpp')
  
C:\Users\ookam\Code\survival\postal-code\dude.cpp(5045,46): warning C4244: 'argument': conversion from 'double' to 'int16_t', possible loss of data
  (compiling source file '/dude.cpp')
  
C:\Users\ookam\Code\survival\postal-code\dude.cpp(5045,39): warning C4244: 'argument': conversion from 'double' to 'int16_t', possible loss of data
  (compiling source file '/dude.cpp')
  
C:\Users\ookam\Code\survival\postal-code\dude.cpp(5045,32): warning C4244: 'argument': conversion from 'double' to 'int16_t', possible loss of data
  (compiling source file '/dude.cpp')
  
C:\Users\ookam\Code\survival\postal-code\dude.cpp(5055,5): warning C4244: 'argument': conversion from 'double' to 'int16_t', possible loss of data
  (compiling source file '/dude.cpp')
  
C:\Users\ookam\Code\survival\postal-code\dude.cpp(5054,5): warning C4244: 'argument': conversion from 'double' to 'int16_t', possible loss of data
  (compiling source file '/dude.cpp')
  
C:\Users\ookam\Code\survival\postal-code\dude.cpp(5053,5): warning C4244: 'argument': conversion from 'double' to 'int16_t', possible loss of data
  (compiling source file '/dude.cpp')
  
C:\Users\ookam\Code\survival\postal-code\dude.cpp(5302,9): warning C4244: 'argument': conversion from 'double' to 'int16_t', possible loss of data
  (compiling source file '/dude.cpp')
  
C:\Users\ookam\Code\survival\postal-code\dude.cpp(5301,9): warning C4244: 'argument': conversion from 'double' to 'int16_t', possible loss of data
  (compiling source file '/dude.cpp')
  
C:\Users\ookam\Code\survival\postal-code\dude.cpp(5300,9): warning C4244: 'argument': conversion from 'double' to 'int16_t', possible loss of data
  (compiling source file '/dude.cpp')
  
C:\Users\ookam\Code\survival\postal-code\dude.cpp(5299,4): warning C4244: 'argument': conversion from 'double' to 'int16_t', possible loss of data
  (compiling source file '/dude.cpp')
  
C:\Users\ookam\Code\survival\postal-code\dude.cpp(5309,27): warning C4244: '=': conversion from 'double' to 'int16_t', possible loss of data
  (compiling source file '/dude.cpp')
  
C:\Users\ookam\Code\survival\postal-code\dude.cpp(5452,26): warning C4244: '=': conversion from 'double' to 'float', possible loss of data
  (compiling source file '/dude.cpp')
  
C:\Users\ookam\Code\survival\postal-code\dude.cpp(5453,26): warning C4244: '=': conversion from 'double' to 'float', possible loss of data
  (compiling source file '/dude.cpp')
  
C:\Users\ookam\Code\survival\postal-code\dude.cpp(5464,25): warning C4244: '=': conversion from 'double' to 'float', possible loss of data
  (compiling source file '/dude.cpp')
  
C:\Users\ookam\Code\survival\postal-code\dude.cpp(5465,26): warning C4244: '=': conversion from 'double' to 'float', possible loss of data
  (compiling source file '/dude.cpp')
  
C:\Users\ookam\Code\survival\postal-code\dude.cpp(5485,4): warning C4244: 'argument': conversion from 'float' to 'int16_t', possible loss of data
  (compiling source file '/dude.cpp')
  
C:\Users\ookam\Code\survival\postal-code\dude.cpp(5483,11): warning C4244: 'argument': conversion from 'float' to 'int16_t', possible loss of data
  (compiling source file '/dude.cpp')
  
C:\Users\ookam\Code\survival\postal-code\dude.cpp(5777,32): warning C4244: 'argument': conversion from 'double' to 'int16_t', possible loss of data
  (compiling source file '/dude.cpp')
  
C:\Users\ookam\Code\survival\postal-code\dude.cpp(5777,26): warning C4244: 'argument': conversion from 'double' to 'int16_t', possible loss of data
  (compiling source file '/dude.cpp')
  
C:\Users\ookam\Code\survival\postal-code\dude.cpp(5777,20): warning C4244: 'argument': conversion from 'double' to 'int16_t', possible loss of data
  (compiling source file '/dude.cpp')
  
C:\Users\ookam\Code\survival\postal-code\dude.cpp(5874,20): warning C4244: 'initializing': conversion from 'double' to 'int16_t', possible loss of data
  (compiling source file '/dude.cpp')
  
C:\Users\ookam\Code\survival\postal-code\dude.cpp(5875,20): warning C4244: 'initializing': conversion from 'double' to 'int16_t', possible loss of data
  (compiling source file '/dude.cpp')
  
C:\Users\ookam\Code\survival\postal-code\dude.cpp(5881,39): warning C4244: 'argument': conversion from 'double' to 'int16_t', possible loss of data
  (compiling source file '/dude.cpp')
  
C:\Users\ookam\Code\survival\postal-code\dude.cpp(5881,31): warning C4244: 'argument': conversion from 'double' to 'int16_t', possible loss of data
  (compiling source file '/dude.cpp')
  
C:\Users\ookam\Code\survival\postal-code\dude.cpp(6068,29): warning C4244: '=': conversion from 'double' to 'int16_t', possible loss of data
  (compiling source file '/dude.cpp')
  
C:\Users\ookam\Code\survival\postal-code\dude.cpp(6069,29): warning C4244: '=': conversion from 'double' to 'int16_t', possible loss of data
  (compiling source file '/dude.cpp')
  
C:\Users\ookam\Code\survival\postal-code\dude.cpp(6070,29): warning C4244: '=': conversion from 'double' to 'int16_t', possible loss of data
  (compiling source file '/dude.cpp')
  
  explode.cpp
C:\Users\ookam\Code\survival\postal-code\explode.cpp(131,9): warning C4603: 'EXPLODE_CPP': macro is not defined or definition is different after precompiled header use
  (compiling source file '/explode.cpp')
      C:\Users\ookam\Code\survival\postal-code\explode.cpp(131,9):
      Add macro to precompiled header instead of defining here
      C:\Users\ookam\Code\survival\postal-code\explode.cpp(133,1):
      use of precompiled header
  
C:\Users\ookam\Code\survival\postal-code\settings.h(41,4): warning C4091: 'typedef ': ignored on left of 'CSettings::<unnamed-enum-MemFileSize>' when no variable is declared
  (compiling source file '/explode.cpp')
  
C:\Users\ookam\Code\survival\postal-code\WishPiX\Prefs\prefline.h(56,16): warning C4091: 'typedef ': ignored on left of 'RPrefsLine::ePrefsLineType' when no variable is declared
  (compiling source file '/explode.cpp')
  
C:\Users\ookam\Code\survival\postal-code\WishPiX\Prefs\prefs.h(47,16): warning C4091: 'typedef ': ignored on left of 'RPrefs::ePrefs' when no variable is declared
  (compiling source file '/explode.cpp')
  
C:\Users\ookam\Code\survival\postal-code\StockPile.h(94,4): warning C4091: 'typedef ': ignored on left of 'CStockPile::<unnamed-enum-Bullets>' when no variable is declared
  (compiling source file '/explode.cpp')
  
C:\Users\ookam\Code\survival\postal-code\sprites.h(110,4): warning C4091: 'typedef ': ignored on left of 'CSprite::<unnamed-enum-InAlpha>' when no variable is declared
  (compiling source file '/explode.cpp')
  
C:\Users\ookam\Code\survival\postal-code\sprites.h(126,4): warning C4091: 'typedef ': ignored on left of 'CSprite::<unnamed-enum-OutRendered>' when no variable is declared
  (compiling source file '/explode.cpp')
  
C:\Users\ookam\Code\survival\postal-code\sprites.h(132,4): warning C4091: 'typedef ': ignored on left of 'CSprite::<unnamed-enum-PrivInserted>' when no variable is declared
  (compiling source file '/explode.cpp')
  
C:\Users\ookam\Code\survival\postal-code\thing.h(385,4): warning C4091: 'typedef ': ignored on left of 'CThing::<unnamed-enum-CHoodID>' when no variable is declared
  (compiling source file '/explode.cpp')
  
C:\Users\ookam\Code\survival\postal-code\realm.h(504,4): warning C4091: 'typedef ': ignored on left of 'CRealm::<unnamed-enum-Standard>' when no variable is declared
  (compiling source file '/explode.cpp')
  
C:\Users\ookam\Code\survival\postal-code\weapon.h(95,2): warning C4091: 'typedef ': ignored on left of 'CWeapon::<unnamed-enum-State_Idle>' when no variable is declared
  (compiling source file '/explode.cpp')
  
C:\Users\ookam\Code\survival\postal-code\character.h(460,32): warning C4244: 'argument': conversion from 'double' to 'int16_t', possible loss of data
  (compiling source file '/explode.cpp')
  
C:\Users\ookam\Code\survival\postal-code\character.h(460,19): warning C4244: 'argument': conversion from 'double' to 'int16_t', possible loss of data
  (compiling source file '/explode.cpp')
  
C:\Users\ookam\Code\survival\postal-code\fire.h(101,2): warning C4091: 'typedef ': ignored on left of 'CFire::<unnamed-enum-LargeFire>' when no variable is declared
  (compiling source file '/explode.cpp')
  
C:\Users\ookam\Code\survival\postal-code\explode.cpp(319,76): warning C4244: 'argument': conversion from 'double' to 'int16_t', possible loss of data
  (compiling source file '/explode.cpp')
  
C:\Users\ookam\Code\survival\postal-code\explode.cpp(319,51): warning C4244: 'argument': conversion from 'T' to 'int16_t', possible loss of data
C:\Users\ookam\Code\survival\postal-code\explode.cpp(319,51): warning C4244:         with
C:\Users\ookam\Code\survival\postal-code\explode.cpp(319,51): warning C4244:         [
C:\Users\ookam\Code\survival\postal-code\explode.cpp(319,51): warning C4244:             T=double
C:\Users\ookam\Code\survival\postal-code\explode.cpp(319,51): warning C4244:         ]
  (compiling source file '/explode.cpp')
  
C:\Users\ookam\Code\survival\postal-code\explode.cpp(319,29): warning C4244: 'argument': conversion from 'double' to 'int16_t', possible loss of data
  (compiling source file '/explode.cpp')
  
C:\Users\ookam\Code\survival\postal-code\explode.cpp(347,26): warning C4244: '=': conversion from 'double' to 'int16_t', possible loss of data
  (compiling source file '/explode.cpp')
  
C:\Users\ookam\Code\survival\postal-code\explode.cpp(391,32): warning C4244: '=': conversion from 'double' to 'int32_t', possible loss of data
  (compiling source file '/explode.cpp')
  
C:\Users\ookam\Code\survival\postal-code\explode.cpp(392,32): warning C4244: '=': conversion from 'double' to 'int32_t', possible loss of data
  (compiling source file '/explode.cpp')
  
C:\Users\ookam\Code\survival\postal-code\explode.cpp(393,32): warning C4244: '=': conversion from 'double' to 'int32_t', possible loss of data
  (compiling source file '/explode.cpp')
  
  fire.cpp
C:\Users\ookam\Code\survival\postal-code\fire.cpp(196,9): warning C4603: 'FIRE_CPP': macro is not defined or definition is different after precompiled header use
  (compiling source file '/fire.cpp')
      C:\Users\ookam\Code\survival\postal-code\fire.cpp(196,9):
      Add macro to precompiled header instead of defining here
      C:\Users\ookam\Code\survival\postal-code\fire.cpp(198,1):
      use of precompiled header
  
C:\Users\ookam\Code\survival\postal-code\settings.h(41,4): warning C4091: 'typedef ': ignored on left of 'CSettings::<unnamed-enum-MemFileSize>' when no variable is declared
  (compiling source file '/fire.cpp')
  
C:\Users\ookam\Code\survival\postal-code\WishPiX\Prefs\prefline.h(56,16): warning C4091: 'typedef ': ignored on left of 'RPrefsLine::ePrefsLineType' when no variable is declared
  (compiling source file '/fire.cpp')
  
C:\Users\ookam\Code\survival\postal-code\WishPiX\Prefs\prefs.h(47,16): warning C4091: 'typedef ': ignored on left of 'RPrefs::ePrefs' when no variable is declared
  (compiling source file '/fire.cpp')
  
C:\Users\ookam\Code\survival\postal-code\StockPile.h(94,4): warning C4091: 'typedef ': ignored on left of 'CStockPile::<unnamed-enum-Bullets>' when no variable is declared
  (compiling source file '/fire.cpp')
  
C:\Users\ookam\Code\survival\postal-code\sprites.h(110,4): warning C4091: 'typedef ': ignored on left of 'CSprite::<unnamed-enum-InAlpha>' when no variable is declared
  (compiling source file '/fire.cpp')
  
C:\Users\ookam\Code\survival\postal-code\sprites.h(126,4): warning C4091: 'typedef ': ignored on left of 'CSprite::<unnamed-enum-OutRendered>' when no variable is declared
  (compiling source file '/fire.cpp')
  
C:\Users\ookam\Code\survival\postal-code\sprites.h(132,4): warning C4091: 'typedef ': ignored on left of 'CSprite::<unnamed-enum-PrivInserted>' when no variable is declared
  (compiling source file '/fire.cpp')
  
C:\Users\ookam\Code\survival\postal-code\thing.h(385,4): warning C4091: 'typedef ': ignored on left of 'CThing::<unnamed-enum-CHoodID>' when no variable is declared
  (compiling source file '/fire.cpp')
  
C:\Users\ookam\Code\survival\postal-code\realm.h(504,4): warning C4091: 'typedef ': ignored on left of 'CRealm::<unnamed-enum-Standard>' when no variable is declared
  (compiling source file '/fire.cpp')
  
C:\Users\ookam\Code\survival\postal-code\fire.h(101,2): warning C4091: 'typedef ': ignored on left of 'CFire::<unnamed-enum-LargeFire>' when no variable is declared
  (compiling source file '/fire.cpp')
  
C:\Users\ookam\Code\survival\postal-code\weapon.h(95,2): warning C4091: 'typedef ': ignored on left of 'CWeapon::<unnamed-enum-State_Idle>' when no variable is declared
  (compiling source file '/fire.cpp')
  
C:\Users\ookam\Code\survival\postal-code\character.h(460,32): warning C4244: 'argument': conversion from 'double' to 'int16_t', possible loss of data
  (compiling source file '/fire.cpp')
  
C:\Users\ookam\Code\survival\postal-code\character.h(460,19): warning C4244: 'argument': conversion from 'double' to 'int16_t', possible loss of data
  (compiling source file '/fire.cpp')
  
C:\Users\ookam\Code\survival\postal-code\fire.cpp(485,33): warning C4244: '=': conversion from 'double' to 'int32_t', possible loss of data
  (compiling source file '/fire.cpp')
  
C:\Users\ookam\Code\survival\postal-code\fire.cpp(486,33): warning C4244: '=': conversion from 'double' to 'int32_t', possible loss of data
  (compiling source file '/fire.cpp')
  
C:\Users\ookam\Code\survival\postal-code\fire.cpp(487,33): warning C4244: '=': conversion from 'double' to 'int32_t', possible loss of data
  (compiling source file '/fire.cpp')
  
C:\Users\ookam\Code\survival\postal-code\fire.cpp(539,25): warning C4244: 'argument': conversion from 'double' to 'int16_t', possible loss of data
  (compiling source file '/fire.cpp')
  
C:\Users\ookam\Code\survival\postal-code\fire.cpp(539,19): warning C4244: 'argument': conversion from 'double' to 'int16_t', possible loss of data
  (compiling source file '/fire.cpp')
  
C:\Users\ookam\Code\survival\postal-code\fire.cpp(539,13): warning C4244: 'argument': conversion from 'double' to 'int16_t', possible loss of data
  (compiling source file '/fire.cpp')
  
C:\Users\ookam\Code\survival\postal-code\fire.cpp(545,26): warning C4244: '=': conversion from 'double' to 'int16_t', possible loss of data
  (compiling source file '/fire.cpp')
  
C:\Users\ookam\Code\survival\postal-code\fire.cpp(638,33): warning C4244: '=': conversion from 'double' to 'int32_t', possible loss of data
  (compiling source file '/fire.cpp')
  
C:\Users\ookam\Code\survival\postal-code\fire.cpp(641,61): warning C4244: '=': conversion from 'double' to 'int32_t', possible loss of data
  (compiling source file '/fire.cpp')
  
C:\Users\ookam\Code\survival\postal-code\fire.cpp(642,68): warning C4244: '=': conversion from 'double' to 'int32_t', possible loss of data
  (compiling source file '/fire.cpp')
  
C:\Users\ookam\Code\survival\postal-code\fire.cpp(651,32): warning C4244: '=': conversion from 'double' to 'int32_t', possible loss of data
  (compiling source file '/fire.cpp')
  
C:\Users\ookam\Code\survival\postal-code\fire.cpp(652,32): warning C4244: '=': conversion from 'double' to 'int32_t', possible loss of data
  (compiling source file '/fire.cpp')
  
C:\Users\ookam\Code\survival\postal-code\fire.cpp(653,32): warning C4244: '=': conversion from 'double' to 'int32_t', possible loss of data
  (compiling source file '/fire.cpp')
  
C:\Users\ookam\Code\survival\postal-code\fire.cpp(663,32): warning C4244: '=': conversion from 'double' to 'int32_t', possible loss of data
  (compiling source file '/fire.cpp')
  
C:\Users\ookam\Code\survival\postal-code\fire.cpp(664,32): warning C4244: '=': conversion from 'double' to 'int32_t', possible loss of data
  (compiling source file '/fire.cpp')
  
C:\Users\ookam\Code\survival\postal-code\fire.cpp(665,32): warning C4244: '=': conversion from 'double' to 'int32_t', possible loss of data
  (compiling source file '/fire.cpp')
  
C:\Users\ookam\Code\survival\postal-code\fire.cpp(732,33): warning C4244: '=': conversion from 'double' to 'int32_t', possible loss of data
  (compiling source file '/fire.cpp')
  
C:\Users\ookam\Code\survival\postal-code\fire.cpp(733,61): warning C4244: '=': conversion from 'double' to 'int32_t', possible loss of data
  (compiling source file '/fire.cpp')
  
C:\Users\ookam\Code\survival\postal-code\fire.cpp(734,66): warning C4244: '=': conversion from 'double' to 'int32_t', possible loss of data
  (compiling source file '/fire.cpp')
  
  fireball.cpp
C:\Users\ookam\Code\survival\postal-code\fireball.cpp(121,9): warning C4603: 'FIREBALL_CPP': macro is not defined or definition is different after precompiled header use
  (compiling source file '/fireball.cpp')
      C:\Users\ookam\Code\survival\postal-code\fireball.cpp(121,9):
      Add macro to precompiled header instead of defining here
      C:\Users\ookam\Code\survival\postal-code\fireball.cpp(123,1):
      use of precompiled header
  
C:\Users\ookam\Code\survival\postal-code\settings.h(41,4): warning C4091: 'typedef ': ignored on left of 'CSettings::<unnamed-enum-MemFileSize>' when no variable is declared
  (compiling source file '/fireball.cpp')
  
C:\Users\ookam\Code\survival\postal-code\WishPiX\Prefs\prefline.h(56,16): warning C4091: 'typedef ': ignored on left of 'RPrefsLine::ePrefsLineType' when no variable is declared
  (compiling source file '/fireball.cpp')
  
C:\Users\ookam\Code\survival\postal-code\WishPiX\Prefs\prefs.h(47,16): warning C4091: 'typedef ': ignored on left of 'RPrefs::ePrefs' when no variable is declared
  (compiling source file '/fireball.cpp')
  
C:\Users\ookam\Code\survival\postal-code\StockPile.h(94,4): warning C4091: 'typedef ': ignored on left of 'CStockPile::<unnamed-enum-Bullets>' when no variable is declared
  (compiling source file '/fireball.cpp')
  
C:\Users\ookam\Code\survival\postal-code\sprites.h(110,4): warning C4091: 'typedef ': ignored on left of 'CSprite::<unnamed-enum-InAlpha>' when no variable is declared
  (compiling source file '/fireball.cpp')
  
C:\Users\ookam\Code\survival\postal-code\sprites.h(126,4): warning C4091: 'typedef ': ignored on left of 'CSprite::<unnamed-enum-OutRendered>' when no variable is declared
  (compiling source file '/fireball.cpp')
  
C:\Users\ookam\Code\survival\postal-code\sprites.h(132,4): warning C4091: 'typedef ': ignored on left of 'CSprite::<unnamed-enum-PrivInserted>' when no variable is declared
  (compiling source file '/fireball.cpp')
  
C:\Users\ookam\Code\survival\postal-code\thing.h(385,4): warning C4091: 'typedef ': ignored on left of 'CThing::<unnamed-enum-CHoodID>' when no variable is declared
  (compiling source file '/fireball.cpp')
  
C:\Users\ookam\Code\survival\postal-code\realm.h(504,4): warning C4091: 'typedef ': ignored on left of 'CRealm::<unnamed-enum-Standard>' when no variable is declared
  (compiling source file '/fireball.cpp')
  
C:\Users\ookam\Code\survival\postal-code\weapon.h(95,2): warning C4091: 'typedef ': ignored on left of 'CWeapon::<unnamed-enum-State_Idle>' when no variable is declared
  (compiling source file '/fireball.cpp')
  
C:\Users\ookam\Code\survival\postal-code\fireball.cpp(304,42): warning C4244: 'argument': conversion from 'double' to 'int16_t', possible loss of data
  (compiling source file '/fireball.cpp')
  
C:\Users\ookam\Code\survival\postal-code\fireball.cpp(316,42): warning C4244: 'argument': conversion from 'double' to 'int16_t', possible loss of data
  (compiling source file '/fireball.cpp')
  
C:\Users\ookam\Code\survival\postal-code\fireball.cpp(328,42): warning C4244: 'argument': conversion from 'double' to 'int16_t', possible loss of data
  (compiling source file '/fireball.cpp')
  
C:\Users\ookam\Code\survival\postal-code\fireball.cpp(423,33): warning C4244: 'argument': conversion from 'double' to 'int16_t', possible loss of data
  (compiling source file '/fireball.cpp')
  
C:\Users\ookam\Code\survival\postal-code\fireball.cpp(423,27): warning C4244: 'argument': conversion from 'double' to 'int16_t', possible loss of data
  (compiling source file '/fireball.cpp')
  
C:\Users\ookam\Code\survival\postal-code\fireball.cpp(423,21): warning C4244: 'argument': conversion from 'double' to 'int16_t', possible loss of data
  (compiling source file '/fireball.cpp')
  
C:\Users\ookam\Code\survival\postal-code\fireball.cpp(431,31): warning C4244: 'argument': conversion from 'double' to 'int16_t', possible loss of data
  (compiling source file '/fireball.cpp')
  
C:\Users\ookam\Code\survival\postal-code\fireball.cpp(431,25): warning C4244: 'argument': conversion from 'double' to 'int16_t', possible loss of data
  (compiling source file '/fireball.cpp')
  
C:\Users\ookam\Code\survival\postal-code\fireball.cpp(431,21): warning C4244: 'argument': conversion from 'double' to 'int16_t', possible loss of data
  (compiling source file '/fireball.cpp')
  
C:\Users\ookam\Code\survival\postal-code\fireball.cpp(439,31): warning C4244: 'argument': conversion from 'double' to 'int16_t', possible loss of data
  (compiling source file '/fireball.cpp')
  
C:\Users\ookam\Code\survival\postal-code\fireball.cpp(439,25): warning C4244: 'argument': conversion from 'double' to 'int16_t', possible loss of data
  (compiling source file '/fireball.cpp')
  
C:\Users\ookam\Code\survival\postal-code\fireball.cpp(439,21): warning C4244: 'argument': conversion from 'double' to 'int16_t', possible loss of data
  (compiling source file '/fireball.cpp')
  
C:\Users\ookam\Code\survival\postal-code\fireball.cpp(793,36): warning C4244: '=': conversion from 'double' to 'int32_t', possible loss of data
  (compiling source file '/fireball.cpp')
  
C:\Users\ookam\Code\survival\postal-code\fireball.cpp(794,36): warning C4244: '=': conversion from 'double' to 'int32_t', possible loss of data
  (compiling source file '/fireball.cpp')
  
C:\Users\ookam\Code\survival\postal-code\fireball.cpp(795,36): warning C4244: '=': conversion from 'double' to 'int32_t', possible loss of data
  (compiling source file '/fireball.cpp')
  
C:\Users\ookam\Code\survival\postal-code\fireball.cpp(803,36): warning C4244: '=': conversion from 'double' to 'int32_t', possible loss of data
  (compiling source file '/fireball.cpp')
  
C:\Users\ookam\Code\survival\postal-code\fireball.cpp(804,36): warning C4244: '=': conversion from 'double' to 'int32_t', possible loss of data
  (compiling source file '/fireball.cpp')
  
C:\Users\ookam\Code\survival\postal-code\fireball.cpp(805,36): warning C4244: '=': conversion from 'double' to 'int32_t', possible loss of data
  (compiling source file '/fireball.cpp')
  
C:\Users\ookam\Code\survival\postal-code\fireball.cpp(855,25): warning C4244: 'argument': conversion from 'double' to 'int16_t', possible loss of data
  (compiling source file '/fireball.cpp')
  
C:\Users\ookam\Code\survival\postal-code\fireball.cpp(855,19): warning C4244: 'argument': conversion from 'double' to 'int16_t', possible loss of data
  (compiling source file '/fireball.cpp')
  
C:\Users\ookam\Code\survival\postal-code\fireball.cpp(855,13): warning C4244: 'argument': conversion from 'double' to 'int16_t', possible loss of data
  (compiling source file '/fireball.cpp')
  
C:\Users\ookam\Code\survival\postal-code\fireball.cpp(861,26): warning C4244: '=': conversion from 'double' to 'int16_t', possible loss of data
  (compiling source file '/fireball.cpp')
  
C:\Users\ookam\Code\survival\postal-code\fireball.cpp(945,30): warning C4244: '=': conversion from 'double' to 'int32_t', possible loss of data
  (compiling source file '/fireball.cpp')
  
C:\Users\ookam\Code\survival\postal-code\fireball.cpp(946,30): warning C4244: '=': conversion from 'double' to 'int32_t', possible loss of data
  (compiling source file '/fireball.cpp')
  
C:\Users\ookam\Code\survival\postal-code\fireball.cpp(947,30): warning C4244: '=': conversion from 'double' to 'int32_t', possible loss of data
  (compiling source file '/fireball.cpp')
  
  firebomb.cpp
C:\Users\ookam\Code\survival\postal-code\firebomb.cpp(146,9): warning C4603: 'FIREBOMB_CPP': macro is not defined or definition is different after precompiled header use
  (compiling source file '/firebomb.cpp')
      C:\Users\ookam\Code\survival\postal-code\firebomb.cpp(146,9):
      Add macro to precompiled header instead of defining here
      C:\Users\ookam\Code\survival\postal-code\firebomb.cpp(148,1):
      use of precompiled header
  
C:\Users\ookam\Code\survival\postal-code\settings.h(41,4): warning C4091: 'typedef ': ignored on left of 'CSettings::<unnamed-enum-MemFileSize>' when no variable is declared
  (compiling source file '/firebomb.cpp')
  
C:\Users\ookam\Code\survival\postal-code\WishPiX\Prefs\prefline.h(56,16): warning C4091: 'typedef ': ignored on left of 'RPrefsLine::ePrefsLineType' when no variable is declared
  (compiling source file '/firebomb.cpp')
  
C:\Users\ookam\Code\survival\postal-code\WishPiX\Prefs\prefs.h(47,16): warning C4091: 'typedef ': ignored on left of 'RPrefs::ePrefs' when no variable is declared
  (compiling source file '/firebomb.cpp')
  
C:\Users\ookam\Code\survival\postal-code\StockPile.h(94,4): warning C4091: 'typedef ': ignored on left of 'CStockPile::<unnamed-enum-Bullets>' when no variable is declared
  (compiling source file '/firebomb.cpp')
  
C:\Users\ookam\Code\survival\postal-code\sprites.h(110,4): warning C4091: 'typedef ': ignored on left of 'CSprite::<unnamed-enum-InAlpha>' when no variable is declared
  (compiling source file '/firebomb.cpp')
  
C:\Users\ookam\Code\survival\postal-code\sprites.h(126,4): warning C4091: 'typedef ': ignored on left of 'CSprite::<unnamed-enum-OutRendered>' when no variable is declared
  (compiling source file '/firebomb.cpp')
  
C:\Users\ookam\Code\survival\postal-code\sprites.h(132,4): warning C4091: 'typedef ': ignored on left of 'CSprite::<unnamed-enum-PrivInserted>' when no variable is declared
  (compiling source file '/firebomb.cpp')
  
C:\Users\ookam\Code\survival\postal-code\thing.h(385,4): warning C4091: 'typedef ': ignored on left of 'CThing::<unnamed-enum-CHoodID>' when no variable is declared
  (compiling source file '/firebomb.cpp')
  
C:\Users\ookam\Code\survival\postal-code\realm.h(504,4): warning C4091: 'typedef ': ignored on left of 'CRealm::<unnamed-enum-Standard>' when no variable is declared
  (compiling source file '/firebomb.cpp')
  
C:\Users\ookam\Code\survival\postal-code\fire.h(101,2): warning C4091: 'typedef ': ignored on left of 'CFire::<unnamed-enum-LargeFire>' when no variable is declared
  (compiling source file '/firebomb.cpp')
  
C:\Users\ookam\Code\survival\postal-code\weapon.h(95,2): warning C4091: 'typedef ': ignored on left of 'CWeapon::<unnamed-enum-State_Idle>' when no variable is declared
  (compiling source file '/firebomb.cpp')
  
C:\Users\ookam\Code\survival\postal-code\character.h(460,32): warning C4244: 'argument': conversion from 'double' to 'int16_t', possible loss of data
  (compiling source file '/firebomb.cpp')
  
C:\Users\ookam\Code\survival\postal-code\character.h(460,19): warning C4244: 'argument': conversion from 'double' to 'int16_t', possible loss of data
  (compiling source file '/firebomb.cpp')
  
C:\Users\ookam\Code\survival\postal-code\firebomb.cpp(370,31): warning C4244: 'argument': conversion from 'double' to 'int16_t', possible loss of data
  (compiling source file '/firebomb.cpp')
  
C:\Users\ookam\Code\survival\postal-code\firebomb.cpp(370,25): warning C4244: 'argument': conversion from 'double' to 'int16_t', possible loss of data
  (compiling source file '/firebomb.cpp')
  
C:\Users\ookam\Code\survival\postal-code\firebomb.cpp(370,19): warning C4244: 'argument': conversion from 'double' to 'int16_t', possible loss of data
  (compiling source file '/firebomb.cpp')
  
C:\Users\ookam\Code\survival\postal-code\firebomb.cpp(375,36): warning C4244: 'argument': conversion from 'double' to 'float', possible loss of data
  (compiling source file '/firebomb.cpp')
  
C:\Users\ookam\Code\survival\postal-code\firebomb.cpp(375,30): warning C4244: 'argument': conversion from 'double' to 'float', possible loss of data
  (compiling source file '/firebomb.cpp')
  
C:\Users\ookam\Code\survival\postal-code\firebomb.cpp(375,24): warning C4244: 'argument': conversion from 'double' to 'float', possible loss of data
  (compiling source file '/firebomb.cpp')
  
C:\Users\ookam\Code\survival\postal-code\firebomb.cpp(380,36): warning C4244: 'argument': conversion from 'double' to 'float', possible loss of data
  (compiling source file '/firebomb.cpp')
  
C:\Users\ookam\Code\survival\postal-code\firebomb.cpp(380,30): warning C4244: 'argument': conversion from 'double' to 'float', possible loss of data
  (compiling source file '/firebomb.cpp')
  
C:\Users\ookam\Code\survival\postal-code\firebomb.cpp(380,24): warning C4244: 'argument': conversion from 'double' to 'float', possible loss of data
  (compiling source file '/firebomb.cpp')
  
C:\Users\ookam\Code\survival\postal-code\firebomb.cpp(391,32): warning C4244: 'argument': conversion from 'double' to 'int16_t', possible loss of data
  (compiling source file '/firebomb.cpp')
  
C:\Users\ookam\Code\survival\postal-code\firebomb.cpp(391,26): warning C4244: 'argument': conversion from 'double' to 'int16_t', possible loss of data
  (compiling source file '/firebomb.cpp')
  
C:\Users\ookam\Code\survival\postal-code\firebomb.cpp(391,20): warning C4244: 'argument': conversion from 'double' to 'int16_t', possible loss of data
  (compiling source file '/firebomb.cpp')
  
C:\Users\ookam\Code\survival\postal-code\firebomb.cpp(449,26): warning C4244: '=': conversion from 'double' to 'int16_t', possible loss of data
  (compiling source file '/firebomb.cpp')
  
C:\Users\ookam\Code\survival\postal-code\firebomb.cpp(781,31): warning C4244: 'argument': conversion from 'double' to 'int16_t', possible loss of data
  (compiling source file '/firebomb.cpp')
  
C:\Users\ookam\Code\survival\postal-code\firebomb.cpp(781,25): warning C4244: 'argument': conversion from 'double' to 'int16_t', possible loss of data
  (compiling source file '/firebomb.cpp')
  
C:\Users\ookam\Code\survival\postal-code\firebomb.cpp(781,19): warning C4244: 'argument': conversion from 'double' to 'int16_t', possible loss of data
  (compiling source file '/firebomb.cpp')
  
C:\Users\ookam\Code\survival\postal-code\firebomb.cpp(888,30): warning C4244: 'argument': conversion from 'double' to 'int16_t', possible loss of data
  (compiling source file '/firebomb.cpp')
  
C:\Users\ookam\Code\survival\postal-code\firebomb.cpp(888,24): warning C4244: 'argument': conversion from 'double' to 'int16_t', possible loss of data
  (compiling source file '/firebomb.cpp')
  
C:\Users\ookam\Code\survival\postal-code\firebomb.cpp(888,18): warning C4244: 'argument': conversion from 'double' to 'int16_t', possible loss of data
  (compiling source file '/firebomb.cpp')
  
  flag.cpp
C:\Users\ookam\Code\survival\postal-code\flag.cpp(81,9): warning C4603: 'FLAG_CPP': macro is not defined or definition is different after precompiled header use
  (compiling source file '/flag.cpp')
      C:\Users\ookam\Code\survival\postal-code\flag.cpp(81,9):
      Add macro to precompiled header instead of defining here
      C:\Users\ookam\Code\survival\postal-code\flag.cpp(83,1):
      use of precompiled header
  
C:\Users\ookam\Code\survival\postal-code\settings.h(41,4): warning C4091: 'typedef ': ignored on left of 'CSettings::<unnamed-enum-MemFileSize>' when no variable is declared
  (compiling source file '/flag.cpp')
  
C:\Users\ookam\Code\survival\postal-code\WishPiX\Prefs\prefline.h(56,16): warning C4091: 'typedef ': ignored on left of 'RPrefsLine::ePrefsLineType' when no variable is declared
  (compiling source file '/flag.cpp')
  
C:\Users\ookam\Code\survival\postal-code\WishPiX\Prefs\prefs.h(47,16): warning C4091: 'typedef ': ignored on left of 'RPrefs::ePrefs' when no variable is declared
  (compiling source file '/flag.cpp')
  
C:\Users\ookam\Code\survival\postal-code\StockPile.h(94,4): warning C4091: 'typedef ': ignored on left of 'CStockPile::<unnamed-enum-Bullets>' when no variable is declared
  (compiling source file '/flag.cpp')
  
C:\Users\ookam\Code\survival\postal-code\sprites.h(110,4): warning C4091: 'typedef ': ignored on left of 'CSprite::<unnamed-enum-InAlpha>' when no variable is declared
  (compiling source file '/flag.cpp')
  
C:\Users\ookam\Code\survival\postal-code\sprites.h(126,4): warning C4091: 'typedef ': ignored on left of 'CSprite::<unnamed-enum-OutRendered>' when no variable is declared
  (compiling source file '/flag.cpp')
  
C:\Users\ookam\Code\survival\postal-code\sprites.h(132,4): warning C4091: 'typedef ': ignored on left of 'CSprite::<unnamed-enum-PrivInserted>' when no variable is declared
  (compiling source file '/flag.cpp')
  
C:\Users\ookam\Code\survival\postal-code\thing.h(385,4): warning C4091: 'typedef ': ignored on left of 'CThing::<unnamed-enum-CHoodID>' when no variable is declared
  (compiling source file '/flag.cpp')
  
C:\Users\ookam\Code\survival\postal-code\realm.h(504,4): warning C4091: 'typedef ': ignored on left of 'CRealm::<unnamed-enum-Standard>' when no variable is declared
  (compiling source file '/flag.cpp')
  
C:\Users\ookam\Code\survival\postal-code\weapon.h(95,2): warning C4091: 'typedef ': ignored on left of 'CWeapon::<unnamed-enum-State_Idle>' when no variable is declared
  (compiling source file '/flag.cpp')
  
C:\Users\ookam\Code\survival\postal-code\character.h(460,32): warning C4244: 'argument': conversion from 'double' to 'int16_t', possible loss of data
  (compiling source file '/flag.cpp')
  
C:\Users\ookam\Code\survival\postal-code\character.h(460,19): warning C4244: 'argument': conversion from 'double' to 'int16_t', possible loss of data
  (compiling source file '/flag.cpp')
  
C:\Users\ookam\Code\survival\postal-code\flag.cpp(412,37): warning C4244: 'argument': conversion from 'double' to 'float', possible loss of data
  (compiling source file '/flag.cpp')
  
C:\Users\ookam\Code\survival\postal-code\flag.cpp(412,31): warning C4244: 'argument': conversion from 'double' to 'float', possible loss of data
  (compiling source file '/flag.cpp')
  
C:\Users\ookam\Code\survival\postal-code\flag.cpp(412,25): warning C4244: 'argument': conversion from 'double' to 'float', possible loss of data
  (compiling source file '/flag.cpp')
  
C:\Users\ookam\Code\survival\postal-code\flag.cpp(538,33): warning C4244: '=': conversion from 'double' to 'int32_t', possible loss of data
  (compiling source file '/flag.cpp')
  
C:\Users\ookam\Code\survival\postal-code\flag.cpp(539,33): warning C4244: '=': conversion from 'double' to 'int32_t', possible loss of data
  (compiling source file '/flag.cpp')
  
C:\Users\ookam\Code\survival\postal-code\flag.cpp(540,33): warning C4244: '=': conversion from 'double' to 'int32_t', possible loss of data
  (compiling source file '/flag.cpp')
  
C:\Users\ookam\Code\survival\postal-code\flag.cpp(621,3): warning C4244: 'argument': conversion from 'double' to 'int16_t', possible loss of data
  (compiling source file '/flag.cpp')
  
C:\Users\ookam\Code\survival\postal-code\flag.cpp(620,3): warning C4244: 'argument': conversion from 'double' to 'int16_t', possible loss of data
  (compiling source file '/flag.cpp')
  
C:\Users\ookam\Code\survival\postal-code\flag.cpp(619,3): warning C4244: 'argument': conversion from 'double' to 'int16_t', possible loss of data
  (compiling source file '/flag.cpp')
  
  flagbase.cpp
C:\Users\ookam\Code\survival\postal-code\flagbase.cpp(55,9): warning C4603: 'FLAGBASE_CPP': macro is not defined or definition is different after precompiled header use
  (compiling source file '/flagbase.cpp')
      C:\Users\ookam\Code\survival\postal-code\flagbase.cpp(55,9):
      Add macro to precompiled header instead of defining here
      C:\Users\ookam\Code\survival\postal-code\flagbase.cpp(57,1):
      use of precompiled header
  
C:\Users\ookam\Code\survival\postal-code\settings.h(41,4): warning C4091: 'typedef ': ignored on left of 'CSettings::<unnamed-enum-MemFileSize>' when no variable is declared
  (compiling source file '/flagbase.cpp')
  
C:\Users\ookam\Code\survival\postal-code\WishPiX\Prefs\prefline.h(56,16): warning C4091: 'typedef ': ignored on left of 'RPrefsLine::ePrefsLineType' when no variable is declared
  (compiling source file '/flagbase.cpp')
  
C:\Users\ookam\Code\survival\postal-code\WishPiX\Prefs\prefs.h(47,16): warning C4091: 'typedef ': ignored on left of 'RPrefs::ePrefs' when no variable is declared
  (compiling source file '/flagbase.cpp')
  
C:\Users\ookam\Code\survival\postal-code\StockPile.h(94,4): warning C4091: 'typedef ': ignored on left of 'CStockPile::<unnamed-enum-Bullets>' when no variable is declared
  (compiling source file '/flagbase.cpp')
  
C:\Users\ookam\Code\survival\postal-code\sprites.h(110,4): warning C4091: 'typedef ': ignored on left of 'CSprite::<unnamed-enum-InAlpha>' when no variable is declared
  (compiling source file '/flagbase.cpp')
  
C:\Users\ookam\Code\survival\postal-code\sprites.h(126,4): warning C4091: 'typedef ': ignored on left of 'CSprite::<unnamed-enum-OutRendered>' when no variable is declared
  (compiling source file '/flagbase.cpp')
  
C:\Users\ookam\Code\survival\postal-code\sprites.h(132,4): warning C4091: 'typedef ': ignored on left of 'CSprite::<unnamed-enum-PrivInserted>' when no variable is declared
  (compiling source file '/flagbase.cpp')
  
C:\Users\ookam\Code\survival\postal-code\thing.h(385,4): warning C4091: 'typedef ': ignored on left of 'CThing::<unnamed-enum-CHoodID>' when no variable is declared
  (compiling source file '/flagbase.cpp')
  
C:\Users\ookam\Code\survival\postal-code\realm.h(504,4): warning C4091: 'typedef ': ignored on left of 'CRealm::<unnamed-enum-Standard>' when no variable is declared
  (compiling source file '/flagbase.cpp')
  
C:\Users\ookam\Code\survival\postal-code\flagbase.cpp(358,35): warning C4244: '=': conversion from 'double' to 'int32_t', possible loss of data
  (compiling source file '/flagbase.cpp')
  
C:\Users\ookam\Code\survival\postal-code\flagbase.cpp(359,35): warning C4244: '=': conversion from 'double' to 'int32_t', possible loss of data
  (compiling source file '/flagbase.cpp')
  
C:\Users\ookam\Code\survival\postal-code\flagbase.cpp(360,35): warning C4244: '=': conversion from 'double' to 'int32_t', possible loss of data
  (compiling source file '/flagbase.cpp')
  
C:\Users\ookam\Code\survival\postal-code\flagbase.cpp(425,35): warning C4244: '=': conversion from 'double' to 'int32_t', possible loss of data
  (compiling source file '/flagbase.cpp')
  
C:\Users\ookam\Code\survival\postal-code\flagbase.cpp(426,35): warning C4244: '=': conversion from 'double' to 'int32_t', possible loss of data
  (compiling source file '/flagbase.cpp')
  
C:\Users\ookam\Code\survival\postal-code\flagbase.cpp(427,35): warning C4244: '=': conversion from 'double' to 'int32_t', possible loss of data
  (compiling source file '/flagbase.cpp')
  
C:\Users\ookam\Code\survival\postal-code\flagbase.cpp(509,3): warning C4244: 'argument': conversion from 'double' to 'int16_t', possible loss of data
  (compiling source file '/flagbase.cpp')
  
C:\Users\ookam\Code\survival\postal-code\flagbase.cpp(508,3): warning C4244: 'argument': conversion from 'double' to 'int16_t', possible loss of data
  (compiling source file '/flagbase.cpp')
  
C:\Users\ookam\Code\survival\postal-code\flagbase.cpp(507,3): warning C4244: 'argument': conversion from 'double' to 'int16_t', possible loss of data
  (compiling source file '/flagbase.cpp')
  
  grenade.cpp
C:\Users\ookam\Code\survival\postal-code\grenade.cpp(158,9): warning C4603: 'GRENADE_CPP': macro is not defined or definition is different after precompiled header use
  (compiling source file '/grenade.cpp')
      C:\Users\ookam\Code\survival\postal-code\grenade.cpp(158,9):
      Add macro to precompiled header instead of defining here
      C:\Users\ookam\Code\survival\postal-code\grenade.cpp(160,1):
      use of precompiled header
  
C:\Users\ookam\Code\survival\postal-code\settings.h(41,4): warning C4091: 'typedef ': ignored on left of 'CSettings::<unnamed-enum-MemFileSize>' when no variable is declared
  (compiling source file '/grenade.cpp')
  
C:\Users\ookam\Code\survival\postal-code\WishPiX\Prefs\prefline.h(56,16): warning C4091: 'typedef ': ignored on left of 'RPrefsLine::ePrefsLineType' when no variable is declared
  (compiling source file '/grenade.cpp')
  
C:\Users\ookam\Code\survival\postal-code\WishPiX\Prefs\prefs.h(47,16): warning C4091: 'typedef ': ignored on left of 'RPrefs::ePrefs' when no variable is declared
  (compiling source file '/grenade.cpp')
  
C:\Users\ookam\Code\survival\postal-code\StockPile.h(94,4): warning C4091: 'typedef ': ignored on left of 'CStockPile::<unnamed-enum-Bullets>' when no variable is declared
  (compiling source file '/grenade.cpp')
  
C:\Users\ookam\Code\survival\postal-code\sprites.h(110,4): warning C4091: 'typedef ': ignored on left of 'CSprite::<unnamed-enum-InAlpha>' when no variable is declared
  (compiling source file '/grenade.cpp')
  
C:\Users\ookam\Code\survival\postal-code\sprites.h(126,4): warning C4091: 'typedef ': ignored on left of 'CSprite::<unnamed-enum-OutRendered>' when no variable is declared
  (compiling source file '/grenade.cpp')
  
C:\Users\ookam\Code\survival\postal-code\sprites.h(132,4): warning C4091: 'typedef ': ignored on left of 'CSprite::<unnamed-enum-PrivInserted>' when no variable is declared
  (compiling source file '/grenade.cpp')
  
C:\Users\ookam\Code\survival\postal-code\thing.h(385,4): warning C4091: 'typedef ': ignored on left of 'CThing::<unnamed-enum-CHoodID>' when no variable is declared
  (compiling source file '/grenade.cpp')
  
C:\Users\ookam\Code\survival\postal-code\realm.h(504,4): warning C4091: 'typedef ': ignored on left of 'CRealm::<unnamed-enum-Standard>' when no variable is declared
  (compiling source file '/grenade.cpp')
  
C:\Users\ookam\Code\survival\postal-code\weapon.h(95,2): warning C4091: 'typedef ': ignored on left of 'CWeapon::<unnamed-enum-State_Idle>' when no variable is declared
  (compiling source file '/grenade.cpp')
  
C:\Users\ookam\Code\survival\postal-code\character.h(460,32): warning C4244: 'argument': conversion from 'double' to 'int16_t', possible loss of data
  (compiling source file '/grenade.cpp')
  
C:\Users\ookam\Code\survival\postal-code\character.h(460,19): warning C4244: 'argument': conversion from 'double' to 'int16_t', possible loss of data
  (compiling source file '/grenade.cpp')
  
C:\Users\ookam\Code\survival\postal-code\fire.h(101,2): warning C4091: 'typedef ': ignored on left of 'CFire::<unnamed-enum-LargeFire>' when no variable is declared
  (compiling source file '/grenade.cpp')
  
C:\Users\ookam\Code\survival\postal-code\grenade.cpp(380,41): warning C4244: 'argument': conversion from 'double' to 'int16_t', possible loss of data
  (compiling source file '/grenade.cpp')
  
C:\Users\ookam\Code\survival\postal-code\grenade.cpp(381,41): warning C4244: 'argument': conversion from 'double' to 'int16_t', possible loss of data
  (compiling source file '/grenade.cpp')
  
C:\Users\ookam\Code\survival\postal-code\grenade.cpp(415,39): warning C4244: 'argument': conversion from 'double' to 'int16_t', possible loss of data
  (compiling source file '/grenade.cpp')
  
C:\Users\ookam\Code\survival\postal-code\grenade.cpp(438,37): warning C4244: 'argument': conversion from 'double' to 'float', possible loss of data
  (compiling source file '/grenade.cpp')
  
C:\Users\ookam\Code\survival\postal-code\grenade.cpp(438,31): warning C4244: 'argument': conversion from 'double' to 'float', possible loss of data
  (compiling source file '/grenade.cpp')
  
C:\Users\ookam\Code\survival\postal-code\grenade.cpp(438,25): warning C4244: 'argument': conversion from 'double' to 'float', possible loss of data
  (compiling source file '/grenade.cpp')
  
C:\Users\ookam\Code\survival\postal-code\grenade.cpp(540,37): warning C4244: 'argument': conversion from 'double' to 'int16_t', possible loss of data
  (compiling source file '/grenade.cpp')
  
C:\Users\ookam\Code\survival\postal-code\grenade.cpp(540,31): warning C4244: 'argument': conversion from 'double' to 'int16_t', possible loss of data
  (compiling source file '/grenade.cpp')
  
C:\Users\ookam\Code\survival\postal-code\grenade.cpp(540,25): warning C4244: 'argument': conversion from 'double' to 'int16_t', possible loss of data
  (compiling source file '/grenade.cpp')
  
C:\Users\ookam\Code\survival\postal-code\grenade.cpp(543,37): warning C4244: 'argument': conversion from 'double' to 'float', possible loss of data
  (compiling source file '/grenade.cpp')
  
C:\Users\ookam\Code\survival\postal-code\grenade.cpp(543,31): warning C4244: 'argument': conversion from 'double' to 'float', possible loss of data
  (compiling source file '/grenade.cpp')
  
C:\Users\ookam\Code\survival\postal-code\grenade.cpp(543,25): warning C4244: 'argument': conversion from 'double' to 'float', possible loss of data
  (compiling source file '/grenade.cpp')
  
C:\Users\ookam\Code\survival\postal-code\grenade.cpp(552,55): warning C4244: 'argument': conversion from 'double' to 'int16_t', possible loss of data
  (compiling source file '/grenade.cpp')
  
C:\Users\ookam\Code\survival\postal-code\grenade.cpp(552,44): warning C4244: 'argument': conversion from 'double' to 'int16_t', possible loss of data
  (compiling source file '/grenade.cpp')
  
C:\Users\ookam\Code\survival\postal-code\grenade.cpp(552,27): warning C4244: 'argument': conversion from 'double' to 'int16_t', possible loss of data
  (compiling source file '/grenade.cpp')
  
C:\Users\ookam\Code\survival\postal-code\grenade.cpp(601,26): warning C4244: '=': conversion from 'double' to 'int16_t', possible loss of data
  (compiling source file '/grenade.cpp')
  
C:\Users\ookam\Code\survival\postal-code\grenade.cpp(608,14): warning C4244: 'argument': conversion from 'double' to 'int16_t', possible loss of data
  (compiling source file '/grenade.cpp')
  
C:\Users\ookam\Code\survival\postal-code\grenade.cpp(609,14): warning C4244: 'argument': conversion from 'double' to 'int16_t', possible loss of data
  (compiling source file '/grenade.cpp')
  
C:\Users\ookam\Code\survival\postal-code\grenade.cpp(780,52): warning C4244: 'argument': conversion from 'double' to 'int16_t', possible loss of data
  (compiling source file '/grenade.cpp')
  
C:\Users\ookam\Code\survival\postal-code\grenade.cpp(780,41): warning C4244: 'argument': conversion from 'double' to 'int16_t', possible loss of data
  (compiling source file '/grenade.cpp')
  
C:\Users\ookam\Code\survival\postal-code\grenade.cpp(780,24): warning C4244: 'argument': conversion from 'double' to 'int16_t', possible loss of data
  (compiling source file '/grenade.cpp')
  
  heatseeker.cpp
C:\Users\ookam\Code\survival\postal-code\heatseeker.cpp(147,9): warning C4603: 'HEATSEEKER_CPP': macro is not defined or definition is different after precompiled header use
  (compiling source file '/heatseeker.cpp')
      C:\Users\ookam\Code\survival\postal-code\heatseeker.cpp(147,9):
      Add macro to precompiled header instead of defining here
      C:\Users\ookam\Code\survival\postal-code\heatseeker.cpp(149,1):
      use of precompiled header
  
C:\Users\ookam\Code\survival\postal-code\settings.h(41,4): warning C4091: 'typedef ': ignored on left of 'CSettings::<unnamed-enum-MemFileSize>' when no variable is declared
  (compiling source file '/heatseeker.cpp')
  
C:\Users\ookam\Code\survival\postal-code\WishPiX\Prefs\prefline.h(56,16): warning C4091: 'typedef ': ignored on left of 'RPrefsLine::ePrefsLineType' when no variable is declared
  (compiling source file '/heatseeker.cpp')
  
C:\Users\ookam\Code\survival\postal-code\WishPiX\Prefs\prefs.h(47,16): warning C4091: 'typedef ': ignored on left of 'RPrefs::ePrefs' when no variable is declared
  (compiling source file '/heatseeker.cpp')
  
C:\Users\ookam\Code\survival\postal-code\StockPile.h(94,4): warning C4091: 'typedef ': ignored on left of 'CStockPile::<unnamed-enum-Bullets>' when no variable is declared
  (compiling source file '/heatseeker.cpp')
  
C:\Users\ookam\Code\survival\postal-code\sprites.h(110,4): warning C4091: 'typedef ': ignored on left of 'CSprite::<unnamed-enum-InAlpha>' when no variable is declared
  (compiling source file '/heatseeker.cpp')
  
C:\Users\ookam\Code\survival\postal-code\sprites.h(126,4): warning C4091: 'typedef ': ignored on left of 'CSprite::<unnamed-enum-OutRendered>' when no variable is declared
  (compiling source file '/heatseeker.cpp')
  
C:\Users\ookam\Code\survival\postal-code\sprites.h(132,4): warning C4091: 'typedef ': ignored on left of 'CSprite::<unnamed-enum-PrivInserted>' when no variable is declared
  (compiling source file '/heatseeker.cpp')
  
C:\Users\ookam\Code\survival\postal-code\thing.h(385,4): warning C4091: 'typedef ': ignored on left of 'CThing::<unnamed-enum-CHoodID>' when no variable is declared
  (compiling source file '/heatseeker.cpp')
  
C:\Users\ookam\Code\survival\postal-code\realm.h(504,4): warning C4091: 'typedef ': ignored on left of 'CRealm::<unnamed-enum-Standard>' when no variable is declared
  (compiling source file '/heatseeker.cpp')
  
C:\Users\ookam\Code\survival\postal-code\weapon.h(95,2): warning C4091: 'typedef ': ignored on left of 'CWeapon::<unnamed-enum-State_Idle>' when no variable is declared
  (compiling source file '/heatseeker.cpp')
  
C:\Users\ookam\Code\survival\postal-code\heatseeker.h(242,32): warning C4244: 'argument': conversion from 'double' to 'int16_t', possible loss of data
  (compiling source file '/heatseeker.cpp')
  
C:\Users\ookam\Code\survival\postal-code\heatseeker.h(242,19): warning C4244: 'argument': conversion from 'double' to 'int16_t', possible loss of data
  (compiling source file '/heatseeker.cpp')
  
C:\Users\ookam\Code\survival\postal-code\character.h(460,32): warning C4244: 'argument': conversion from 'double' to 'int16_t', possible loss of data
  (compiling source file '/heatseeker.cpp')
  
C:\Users\ookam\Code\survival\postal-code\character.h(460,19): warning C4244: 'argument': conversion from 'double' to 'int16_t', possible loss of data
  (compiling source file '/heatseeker.cpp')
  
C:\Users\ookam\Code\survival\postal-code\fire.h(101,2): warning C4091: 'typedef ': ignored on left of 'CFire::<unnamed-enum-LargeFire>' when no variable is declared
  (compiling source file '/heatseeker.cpp')
  
C:\Users\ookam\Code\survival\postal-code\heatseeker.cpp(324,35): warning C4244: 'argument': conversion from 'double' to 'float', possible loss of data
  (compiling source file '/heatseeker.cpp')
  
C:\Users\ookam\Code\survival\postal-code\heatseeker.cpp(324,29): warning C4244: 'argument': conversion from 'double' to 'float', possible loss of data
  (compiling source file '/heatseeker.cpp')
  
C:\Users\ookam\Code\survival\postal-code\heatseeker.cpp(324,23): warning C4244: 'argument': conversion from 'double' to 'float', possible loss of data
  (compiling source file '/heatseeker.cpp')
  
C:\Users\ookam\Code\survival\postal-code\heatseeker.cpp(352,27): warning C4244: 'argument': conversion from 'double' to 'int16_t', possible loss of data
  (compiling source file '/heatseeker.cpp')
  
C:\Users\ookam\Code\survival\postal-code\heatseeker.cpp(353,27): warning C4244: 'argument': conversion from 'double' to 'int16_t', possible loss of data
  (compiling source file '/heatseeker.cpp')
  
C:\Users\ookam\Code\survival\postal-code\heatseeker.cpp(371,49): warning C4244: 'argument': conversion from 'double' to 'int16_t', possible loss of data
  (compiling source file '/heatseeker.cpp')
  
C:\Users\ookam\Code\survival\postal-code\heatseeker.cpp(372,57): warning C4244: 'argument': conversion from 'double' to 'int16_t', possible loss of data
  (compiling source file '/heatseeker.cpp')
  
C:\Users\ookam\Code\survival\postal-code\heatseeker.cpp(376,33): warning C4244: 'argument': conversion from 'double' to 'int16_t', possible loss of data
  (compiling source file '/heatseeker.cpp')
  
C:\Users\ookam\Code\survival\postal-code\heatseeker.cpp(378,33): warning C4244: 'argument': conversion from 'double' to 'int16_t', possible loss of data
  (compiling source file '/heatseeker.cpp')
  
C:\Users\ookam\Code\survival\postal-code\heatseeker.cpp(439,51): warning C4244: 'argument': conversion from 'double' to 'int16_t', possible loss of data
  (compiling source file '/heatseeker.cpp')
  
C:\Users\ookam\Code\survival\postal-code\heatseeker.cpp(440,59): warning C4244: 'argument': conversion from 'double' to 'int16_t', possible loss of data
  (compiling source file '/heatseeker.cpp')
  
C:\Users\ookam\Code\survival\postal-code\heatseeker.cpp(444,35): warning C4244: 'argument': conversion from 'double' to 'int16_t', possible loss of data
  (compiling source file '/heatseeker.cpp')
  
C:\Users\ookam\Code\survival\postal-code\heatseeker.cpp(446,35): warning C4244: 'argument': conversion from 'double' to 'int16_t', possible loss of data
  (compiling source file '/heatseeker.cpp')
  
C:\Users\ookam\Code\survival\postal-code\heatseeker.cpp(535,35): warning C4244: 'argument': conversion from 'double' to 'int16_t', possible loss of data
  (compiling source file '/heatseeker.cpp')
  
C:\Users\ookam\Code\survival\postal-code\heatseeker.cpp(535,29): warning C4244: 'argument': conversion from 'double' to 'int16_t', possible loss of data
  (compiling source file '/heatseeker.cpp')
  
C:\Users\ookam\Code\survival\postal-code\heatseeker.cpp(535,21): warning C4244: 'argument': conversion from 'double' to 'int16_t', possible loss of data
  (compiling source file '/heatseeker.cpp')
  
C:\Users\ookam\Code\survival\postal-code\heatseeker.cpp(541,64): warning C4244: 'argument': conversion from 'double' to 'float', possible loss of data
  (compiling source file '/heatseeker.cpp')
  
C:\Users\ookam\Code\survival\postal-code\heatseeker.cpp(541,58): warning C4244: 'argument': conversion from 'double' to 'float', possible loss of data
  (compiling source file '/heatseeker.cpp')
  
C:\Users\ookam\Code\survival\postal-code\heatseeker.cpp(541,52): warning C4244: 'argument': conversion from 'double' to 'float', possible loss of data
  (compiling source file '/heatseeker.cpp')
  
C:\Users\ookam\Code\survival\postal-code\heatseeker.cpp(559,49): warning C4244: 'argument': conversion from 'double' to 'int16_t', possible loss of data
  (compiling source file '/heatseeker.cpp')
  
C:\Users\ookam\Code\survival\postal-code\heatseeker.cpp(559,33): warning C4244: 'argument': conversion from 'T' to 'int16_t', possible loss of data
C:\Users\ookam\Code\survival\postal-code\heatseeker.cpp(559,33): warning C4244:         with
C:\Users\ookam\Code\survival\postal-code\heatseeker.cpp(559,33): warning C4244:         [
C:\Users\ookam\Code\survival\postal-code\heatseeker.cpp(559,33): warning C4244:             T=double
C:\Users\ookam\Code\survival\postal-code\heatseeker.cpp(559,33): warning C4244:         ]
  (compiling source file '/heatseeker.cpp')
  
C:\Users\ookam\Code\survival\postal-code\heatseeker.cpp(559,24): warning C4244: 'argument': conversion from 'double' to 'int16_t', possible loss of data
  (compiling source file '/heatseeker.cpp')
  
C:\Users\ookam\Code\survival\postal-code\heatseeker.cpp(563,36): warning C4244: 'argument': conversion from 'double' to 'float', possible loss of data
  (compiling source file '/heatseeker.cpp')
  
C:\Users\ookam\Code\survival\postal-code\heatseeker.cpp(563,30): warning C4244: 'argument': conversion from 'double' to 'float', possible loss of data
  (compiling source file '/heatseeker.cpp')
  
C:\Users\ookam\Code\survival\postal-code\heatseeker.cpp(563,24): warning C4244: 'argument': conversion from 'double' to 'float', possible loss of data
  (compiling source file '/heatseeker.cpp')
  
C:\Users\ookam\Code\survival\postal-code\heatseeker.cpp(572,67): warning C4244: 'argument': conversion from 'double' to 'int16_t', possible loss of data
  (compiling source file '/heatseeker.cpp')
  
C:\Users\ookam\Code\survival\postal-code\heatseeker.cpp(572,53): warning C4244: 'argument': conversion from 'double' to 'int16_t', possible loss of data
  (compiling source file '/heatseeker.cpp')
  
C:\Users\ookam\Code\survival\postal-code\heatseeker.cpp(572,30): warning C4244: 'argument': conversion from 'double' to 'int16_t', possible loss of data
  (compiling source file '/heatseeker.cpp')
  
C:\Users\ookam\Code\survival\postal-code\heatseeker.cpp(588,33): warning C4244: '=': conversion from 'double' to 'int32_t', possible loss of data
  (compiling source file '/heatseeker.cpp')
  
C:\Users\ookam\Code\survival\postal-code\heatseeker.cpp(589,33): warning C4244: '=': conversion from 'double' to 'int32_t', possible loss of data
  (compiling source file '/heatseeker.cpp')
  
C:\Users\ookam\Code\survival\postal-code\heatseeker.cpp(590,33): warning C4244: '=': conversion from 'double' to 'int32_t', possible loss of data
  (compiling source file '/heatseeker.cpp')
  
C:\Users\ookam\Code\survival\postal-code\heatseeker.cpp(593,52): warning C4244: 'argument': conversion from 'double' to 'int16_t', possible loss of data
  (compiling source file '/heatseeker.cpp')
  
C:\Users\ookam\Code\survival\postal-code\heatseeker.cpp(593,42): warning C4244: '=': conversion from 'double' to 'int32_t', possible loss of data
  (compiling source file '/heatseeker.cpp')
  
C:\Users\ookam\Code\survival\postal-code\heatseeker.cpp(594,37): warning C4244: '=': conversion from 'double' to 'int32_t', possible loss of data
  (compiling source file '/heatseeker.cpp')
  
C:\Users\ookam\Code\survival\postal-code\heatseeker.cpp(595,52): warning C4244: 'argument': conversion from 'double' to 'int16_t', possible loss of data
  (compiling source file '/heatseeker.cpp')
  
C:\Users\ookam\Code\survival\postal-code\heatseeker.cpp(595,42): warning C4244: '=': conversion from 'double' to 'int32_t', possible loss of data
  (compiling source file '/heatseeker.cpp')
  
C:\Users\ookam\Code\survival\postal-code\heatseeker.cpp(623,23): warning C4244: 'argument': conversion from 'double' to 'int16_t', possible loss of data
  (compiling source file '/heatseeker.cpp')
  
C:\Users\ookam\Code\survival\postal-code\heatseeker.cpp(640,26): warning C4244: '=': conversion from 'double' to 'int16_t', possible loss of data
  (compiling source file '/heatseeker.cpp')
  
C:\Users\ookam\Code\survival\postal-code\heatseeker.cpp(714,32): warning C4244: '=': conversion from 'double' to 'int32_t', possible loss of data
  (compiling source file '/heatseeker.cpp')
  
C:\Users\ookam\Code\survival\postal-code\heatseeker.cpp(715,32): warning C4244: '=': conversion from 'double' to 'int32_t', possible loss of data
  (compiling source file '/heatseeker.cpp')
  
C:\Users\ookam\Code\survival\postal-code\heatseeker.cpp(716,32): warning C4244: '=': conversion from 'double' to 'int32_t', possible loss of data
  (compiling source file '/heatseeker.cpp')
  
C:\Users\ookam\Code\survival\postal-code\heatseeker.cpp(720,51): warning C4244: 'argument': conversion from 'double' to 'int16_t', possible loss of data
  (compiling source file '/heatseeker.cpp')
  
C:\Users\ookam\Code\survival\postal-code\heatseeker.cpp(720,41): warning C4244: '=': conversion from 'double' to 'int32_t', possible loss of data
  (compiling source file '/heatseeker.cpp')
  
C:\Users\ookam\Code\survival\postal-code\heatseeker.cpp(721,36): warning C4244: '=': conversion from 'double' to 'int32_t', possible loss of data
  (compiling source file '/heatseeker.cpp')
  
C:\Users\ookam\Code\survival\postal-code\heatseeker.cpp(722,51): warning C4244: 'argument': conversion from 'double' to 'int16_t', possible loss of data
  (compiling source file '/heatseeker.cpp')
  
C:\Users\ookam\Code\survival\postal-code\heatseeker.cpp(722,41): warning C4244: '=': conversion from 'double' to 'int32_t', possible loss of data
  (compiling source file '/heatseeker.cpp')
  
C:\Users\ookam\Code\survival\postal-code\heatseeker.cpp(734,20): warning C4244: '=': conversion from 'double' to 'int16_t', possible loss of data
  (compiling source file '/heatseeker.cpp')
  
  hood.cpp
C:\Users\ookam\Code\survival\postal-code\settings.h(41,4): warning C4091: 'typedef ': ignored on left of 'CSettings::<unnamed-enum-MemFileSize>' when no variable is declared
  (compiling source file '/hood.cpp')
  
C:\Users\ookam\Code\survival\postal-code\WishPiX\Prefs\prefline.h(56,16): warning C4091: 'typedef ': ignored on left of 'RPrefsLine::ePrefsLineType' when no variable is declared
  (compiling source file '/hood.cpp')
  
C:\Users\ookam\Code\survival\postal-code\WishPiX\Prefs\prefs.h(47,16): warning C4091: 'typedef ': ignored on left of 'RPrefs::ePrefs' when no variable is declared
  (compiling source file '/hood.cpp')
  
C:\Users\ookam\Code\survival\postal-code\StockPile.h(94,4): warning C4091: 'typedef ': ignored on left of 'CStockPile::<unnamed-enum-Bullets>' when no variable is declared
  (compiling source file '/hood.cpp')
  
C:\Users\ookam\Code\survival\postal-code\sprites.h(110,4): warning C4091: 'typedef ': ignored on left of 'CSprite::<unnamed-enum-InAlpha>' when no variable is declared
  (compiling source file '/hood.cpp')
  
C:\Users\ookam\Code\survival\postal-code\sprites.h(126,4): warning C4091: 'typedef ': ignored on left of 'CSprite::<unnamed-enum-OutRendered>' when no variable is declared
  (compiling source file '/hood.cpp')
  
C:\Users\ookam\Code\survival\postal-code\sprites.h(132,4): warning C4091: 'typedef ': ignored on left of 'CSprite::<unnamed-enum-PrivInserted>' when no variable is declared
  (compiling source file '/hood.cpp')
  
C:\Users\ookam\Code\survival\postal-code\thing.h(385,4): warning C4091: 'typedef ': ignored on left of 'CThing::<unnamed-enum-CHoodID>' when no variable is declared
  (compiling source file '/hood.cpp')
  
C:\Users\ookam\Code\survival\postal-code\realm.h(504,4): warning C4091: 'typedef ': ignored on left of 'CRealm::<unnamed-enum-Standard>' when no variable is declared
  (compiling source file '/hood.cpp')
  
C:\Users\ookam\Code\survival\postal-code\hood.cpp(261,2): warning C4996: 'strcpy': This function or variable may be unsafe. Consider using strcpy_s instead. To disable deprecation, use _CRT_SECURE_NO_WARNINGS. See online help for details.
  (compiling source file '/hood.cpp')
  
C:\Users\ookam\Code\survival\postal-code\hood.cpp(539,3): warning C4996: 'strcpy': This function or variable may be unsafe. Consider using strcpy_s instead. To disable deprecation, use _CRT_SECURE_NO_WARNINGS. See online help for details.
  (compiling source file '/hood.cpp')
  
C:\Users\ookam\Code\survival\postal-code\hood.cpp(540,3): warning C4996: 'strcat': This function or variable may be unsafe. Consider using strcat_s instead. To disable deprecation, use _CRT_SECURE_NO_WARNINGS. See online help for details.
  (compiling source file '/hood.cpp')
  
C:\Users\ookam\Code\survival\postal-code\hood.cpp(571,4): warning C4996: 'strcpy': This function or variable may be unsafe. Consider using strcpy_s instead. To disable deprecation, use _CRT_SECURE_NO_WARNINGS. See online help for details.
  (compiling source file '/hood.cpp')
  
C:\Users\ookam\Code\survival\postal-code\hood.cpp(631,48): warning C4267: '=': conversion from 'size_t' to 'int16_t', possible loss of data
  (compiling source file '/hood.cpp')
  
C:\Users\ookam\Code\survival\postal-code\hood.cpp(636,4): warning C4267: '=': conversion from 'size_t' to 'int16_t', possible loss of data
  (compiling source file '/hood.cpp')
  
C:\Users\ookam\Code\survival\postal-code\hood.cpp(640,4): warning C4267: '=': conversion from 'size_t' to 'int16_t', possible loss of data
  (compiling source file '/hood.cpp')
  
C:\Users\ookam\Code\survival\postal-code\hood.cpp(644,4): warning C4267: '=': conversion from 'size_t' to 'int16_t', possible loss of data
  (compiling source file '/hood.cpp')
  
C:\Users\ookam\Code\survival\postal-code\hood.cpp(648,4): warning C4267: '=': conversion from 'size_t' to 'int16_t', possible loss of data
  (compiling source file '/hood.cpp')
  
C:\Users\ookam\Code\survival\postal-code\hood.cpp(652,4): warning C4267: '=': conversion from 'size_t' to 'int16_t', possible loss of data
  (compiling source file '/hood.cpp')
  
C:\Users\ookam\Code\survival\postal-code\hood.cpp(656,4): warning C4267: '=': conversion from 'size_t' to 'int16_t', possible loss of data
  (compiling source file '/hood.cpp')
  
C:\Users\ookam\Code\survival\postal-code\hood.cpp(605,2): warning C4996: 'sprintf': This function or variable may be unsafe. Consider using sprintf_s instead. To disable deprecation, use _CRT_SECURE_NO_WARNINGS. See online help for details.
  (compiling source file '/hood.cpp')
  
C:\Users\ookam\Code\survival\postal-code\hood.cpp(606,2): warning C4996: 'sprintf': This function or variable may be unsafe. Consider using sprintf_s instead. To disable deprecation, use _CRT_SECURE_NO_WARNINGS. See online help for details.
  (compiling source file '/hood.cpp')
  
C:\Users\ookam\Code\survival\postal-code\hood.cpp(1036,3): warning C4996: 'sprintf': This function or variable may be unsafe. Consider using sprintf_s instead. To disable deprecation, use _CRT_SECURE_NO_WARNINGS. See online help for details.
  (compiling source file '/hood.cpp')
  
C:\Users\ookam\Code\survival\postal-code\hood.cpp(1039,3): warning C4996: 'sprintf': This function or variable may be unsafe. Consider using sprintf_s instead. To disable deprecation, use _CRT_SECURE_NO_WARNINGS. See online help for details.
  (compiling source file '/hood.cpp')
  
C:\Users\ookam\Code\survival\postal-code\hood.cpp(1060,3): warning C4996: 'sprintf': This function or variable may be unsafe. Consider using sprintf_s instead. To disable deprecation, use _CRT_SECURE_NO_WARNINGS. See online help for details.
  (compiling source file '/hood.cpp')
  
C:\Users\ookam\Code\survival\postal-code\hood.cpp(1080,4): warning C4996: 'sprintf': This function or variable may be unsafe. Consider using sprintf_s instead. To disable deprecation, use _CRT_SECURE_NO_WARNINGS. See online help for details.
  (compiling source file '/hood.cpp')
  
C:\Users\ookam\Code\survival\postal-code\hood.cpp(1088,4): warning C4996: 'sprintf': This function or variable may be unsafe. Consider using sprintf_s instead. To disable deprecation, use _CRT_SECURE_NO_WARNINGS. See online help for details.
  (compiling source file '/hood.cpp')
  
C:\Users\ookam\Code\survival\postal-code\hood.cpp(1108,3): warning C4996: 'sprintf': This function or variable may be unsafe. Consider using sprintf_s instead. To disable deprecation, use _CRT_SECURE_NO_WARNINGS. See online help for details.
  (compiling source file '/hood.cpp')
  
C:\Users\ookam\Code\survival\postal-code\hood.cpp(1121,3): warning C4996: 'sprintf': This function or variable may be unsafe. Consider using sprintf_s instead. To disable deprecation, use _CRT_SECURE_NO_WARNINGS. See online help for details.
  (compiling source file '/hood.cpp')
  
C:\Users\ookam\Code\survival\postal-code\hood.cpp(1135,3): warning C4996: 'sprintf': This function or variable may be unsafe. Consider using sprintf_s instead. To disable deprecation, use _CRT_SECURE_NO_WARNINGS. See online help for details.
  (compiling source file '/hood.cpp')
  
C:\Users\ookam\Code\survival\postal-code\hood.cpp(1145,3): warning C4996: 'sprintf': This function or variable may be unsafe. Consider using sprintf_s instead. To disable deprecation, use _CRT_SECURE_NO_WARNINGS. See online help for details.
  (compiling source file '/hood.cpp')
  
C:\Users\ookam\Code\survival\postal-code\hood.cpp(1155,3): warning C4996: 'sprintf': This function or variable may be unsafe. Consider using sprintf_s instead. To disable deprecation, use _CRT_SECURE_NO_WARNINGS. See online help for details.
  (compiling source file '/hood.cpp')
  
C:\Users\ookam\Code\survival\postal-code\hood.cpp(1165,3): warning C4996: 'sprintf': This function or variable may be unsafe. Consider using sprintf_s instead. To disable deprecation, use _CRT_SECURE_NO_WARNINGS. See online help for details.
  (compiling source file '/hood.cpp')
  
C:\Users\ookam\Code\survival\postal-code\hood.cpp(1176,3): warning C4996: 'sprintf': This function or variable may be unsafe. Consider using sprintf_s instead. To disable deprecation, use _CRT_SECURE_NO_WARNINGS. See online help for details.
  (compiling source file '/hood.cpp')
  
C:\Users\ookam\Code\survival\postal-code\hood.cpp(1185,3): warning C4996: 'sprintf': This function or variable may be unsafe. Consider using sprintf_s instead. To disable deprecation, use _CRT_SECURE_NO_WARNINGS. See online help for details.
  (compiling source file '/hood.cpp')
  
C:\Users\ookam\Code\survival\postal-code\hood.cpp(1194,3): warning C4996: 'sprintf': This function or variable may be unsafe. Consider using sprintf_s instead. To disable deprecation, use _CRT_SECURE_NO_WARNINGS. See online help for details.
  (compiling source file '/hood.cpp')
  
C:\Users\ookam\Code\survival\postal-code\hood.cpp(1203,3): warning C4996: 'sprintf': This function or variable may be unsafe. Consider using sprintf_s instead. To disable deprecation, use _CRT_SECURE_NO_WARNINGS. See online help for details.
  (compiling source file '/hood.cpp')
  
C:\Users\ookam\Code\survival\postal-code\hood.cpp(1212,3): warning C4996: 'sprintf': This function or variable may be unsafe. Consider using sprintf_s instead. To disable deprecation, use _CRT_SECURE_NO_WARNINGS. See online help for details.
  (compiling source file '/hood.cpp')
  
  Generating Code...
  Compiling...
  item3d.cpp
C:\Users\ookam\Code\survival\postal-code\item3d.cpp(102,9): warning C4603: 'ITEM3D_CPP': macro is not defined or definition is different after precompiled header use
  (compiling source file '/item3d.cpp')
      C:\Users\ookam\Code\survival\postal-code\item3d.cpp(102,9):
      Add macro to precompiled header instead of defining here
      C:\Users\ookam\Code\survival\postal-code\item3d.cpp(104,1):
      use of precompiled header
  
C:\Users\ookam\Code\survival\postal-code\settings.h(41,4): warning C4091: 'typedef ': ignored on left of 'CSettings::<unnamed-enum-MemFileSize>' when no variable is declared
  (compiling source file '/item3d.cpp')
  
C:\Users\ookam\Code\survival\postal-code\WishPiX\Prefs\prefline.h(56,16): warning C4091: 'typedef ': ignored on left of 'RPrefsLine::ePrefsLineType' when no variable is declared
  (compiling source file '/item3d.cpp')
  
C:\Users\ookam\Code\survival\postal-code\WishPiX\Prefs\prefs.h(47,16): warning C4091: 'typedef ': ignored on left of 'RPrefs::ePrefs' when no variable is declared
  (compiling source file '/item3d.cpp')
  
C:\Users\ookam\Code\survival\postal-code\StockPile.h(94,4): warning C4091: 'typedef ': ignored on left of 'CStockPile::<unnamed-enum-Bullets>' when no variable is declared
  (compiling source file '/item3d.cpp')
  
C:\Users\ookam\Code\survival\postal-code\sprites.h(110,4): warning C4091: 'typedef ': ignored on left of 'CSprite::<unnamed-enum-InAlpha>' when no variable is declared
  (compiling source file '/item3d.cpp')
  
C:\Users\ookam\Code\survival\postal-code\sprites.h(126,4): warning C4091: 'typedef ': ignored on left of 'CSprite::<unnamed-enum-OutRendered>' when no variable is declared
  (compiling source file '/item3d.cpp')
  
C:\Users\ookam\Code\survival\postal-code\sprites.h(132,4): warning C4091: 'typedef ': ignored on left of 'CSprite::<unnamed-enum-PrivInserted>' when no variable is declared
  (compiling source file '/item3d.cpp')
  
C:\Users\ookam\Code\survival\postal-code\thing.h(385,4): warning C4091: 'typedef ': ignored on left of 'CThing::<unnamed-enum-CHoodID>' when no variable is declared
  (compiling source file '/item3d.cpp')
  
C:\Users\ookam\Code\survival\postal-code\realm.h(504,4): warning C4091: 'typedef ': ignored on left of 'CRealm::<unnamed-enum-Standard>' when no variable is declared
  (compiling source file '/item3d.cpp')
  
C:\Users\ookam\Code\survival\postal-code\weapon.h(95,2): warning C4091: 'typedef ': ignored on left of 'CWeapon::<unnamed-enum-State_Idle>' when no variable is declared
  (compiling source file '/item3d.cpp')
  
C:\Users\ookam\Code\survival\postal-code\character.h(460,32): warning C4244: 'argument': conversion from 'double' to 'int16_t', possible loss of data
  (compiling source file '/item3d.cpp')
  
C:\Users\ookam\Code\survival\postal-code\character.h(460,19): warning C4244: 'argument': conversion from 'double' to 'int16_t', possible loss of data
  (compiling source file '/item3d.cpp')
  
C:\Users\ookam\Code\survival\postal-code\item3d.cpp(366,33): warning C4244: '=': conversion from 'double' to 'int32_t', possible loss of data
  (compiling source file '/item3d.cpp')
  
C:\Users\ookam\Code\survival\postal-code\item3d.cpp(367,33): warning C4244: '=': conversion from 'double' to 'int32_t', possible loss of data
  (compiling source file '/item3d.cpp')
  
C:\Users\ookam\Code\survival\postal-code\item3d.cpp(368,33): warning C4244: '=': conversion from 'double' to 'int32_t', possible loss of data
  (compiling source file '/item3d.cpp')
  
C:\Users\ookam\Code\survival\postal-code\item3d.cpp(495,7): warning C4996: 'strcpy': This function or variable may be unsafe. Consider using strcpy_s instead. To disable deprecation, use _CRT_SECURE_NO_WARNINGS. See online help for details.
  (compiling source file '/item3d.cpp')
  
C:\Users\ookam\Code\survival\postal-code\item3d.cpp(499,7): warning C4996: 'strcpy': This function or variable may be unsafe. Consider using strcpy_s instead. To disable deprecation, use _CRT_SECURE_NO_WARNINGS. See online help for details.
  (compiling source file '/item3d.cpp')
  
C:\Users\ookam\Code\survival\postal-code\item3d.cpp(508,5): warning C4996: 'strcpy': This function or variable may be unsafe. Consider using strcpy_s instead. To disable deprecation, use _CRT_SECURE_NO_WARNINGS. See online help for details.
  (compiling source file '/item3d.cpp')
  
C:\Users\ookam\Code\survival\postal-code\item3d.cpp(511,5): warning C4996: 'strcpy': This function or variable may be unsafe. Consider using strcpy_s instead. To disable deprecation, use _CRT_SECURE_NO_WARNINGS. See online help for details.
  (compiling source file '/item3d.cpp')
  
C:\Users\ookam\Code\survival\postal-code\item3d.cpp(603,3): warning C4996: 'strcpy': This function or variable may be unsafe. Consider using strcpy_s instead. To disable deprecation, use _CRT_SECURE_NO_WARNINGS. See online help for details.
  (compiling source file '/item3d.cpp')
  
C:\Users\ookam\Code\survival\postal-code\item3d.cpp(717,3): warning C4996: 'strcpy': This function or variable may be unsafe. Consider using strcpy_s instead. To disable deprecation, use _CRT_SECURE_NO_WARNINGS. See online help for details.
  (compiling source file '/item3d.cpp')
  
  mine.cpp
C:\Users\ookam\Code\survival\postal-code\mine.cpp(127,9): warning C4603: 'MINE_CPP': macro is not defined or definition is different after precompiled header use
  (compiling source file '/mine.cpp')
      C:\Users\ookam\Code\survival\postal-code\mine.cpp(127,9):
      Add macro to precompiled header instead of defining here
      C:\Users\ookam\Code\survival\postal-code\mine.cpp(129,1):
      use of precompiled header
  
C:\Users\ookam\Code\survival\postal-code\settings.h(41,4): warning C4091: 'typedef ': ignored on left of 'CSettings::<unnamed-enum-MemFileSize>' when no variable is declared
  (compiling source file '/mine.cpp')
  
C:\Users\ookam\Code\survival\postal-code\WishPiX\Prefs\prefline.h(56,16): warning C4091: 'typedef ': ignored on left of 'RPrefsLine::ePrefsLineType' when no variable is declared
  (compiling source file '/mine.cpp')
  
C:\Users\ookam\Code\survival\postal-code\WishPiX\Prefs\prefs.h(47,16): warning C4091: 'typedef ': ignored on left of 'RPrefs::ePrefs' when no variable is declared
  (compiling source file '/mine.cpp')
  
C:\Users\ookam\Code\survival\postal-code\StockPile.h(94,4): warning C4091: 'typedef ': ignored on left of 'CStockPile::<unnamed-enum-Bullets>' when no variable is declared
  (compiling source file '/mine.cpp')
  
C:\Users\ookam\Code\survival\postal-code\sprites.h(110,4): warning C4091: 'typedef ': ignored on left of 'CSprite::<unnamed-enum-InAlpha>' when no variable is declared
  (compiling source file '/mine.cpp')
  
C:\Users\ookam\Code\survival\postal-code\sprites.h(126,4): warning C4091: 'typedef ': ignored on left of 'CSprite::<unnamed-enum-OutRendered>' when no variable is declared
  (compiling source file '/mine.cpp')
  
C:\Users\ookam\Code\survival\postal-code\sprites.h(132,4): warning C4091: 'typedef ': ignored on left of 'CSprite::<unnamed-enum-PrivInserted>' when no variable is declared
  (compiling source file '/mine.cpp')
  
C:\Users\ookam\Code\survival\postal-code\thing.h(385,4): warning C4091: 'typedef ': ignored on left of 'CThing::<unnamed-enum-CHoodID>' when no variable is declared
  (compiling source file '/mine.cpp')
  
C:\Users\ookam\Code\survival\postal-code\realm.h(504,4): warning C4091: 'typedef ': ignored on left of 'CRealm::<unnamed-enum-Standard>' when no variable is declared
  (compiling source file '/mine.cpp')
  
C:\Users\ookam\Code\survival\postal-code\weapon.h(95,2): warning C4091: 'typedef ': ignored on left of 'CWeapon::<unnamed-enum-State_Idle>' when no variable is declared
  (compiling source file '/mine.cpp')
  
C:\Users\ookam\Code\survival\postal-code\mine.h(82,2): warning C4091: 'typedef ': ignored on left of 'CMine::<unnamed-enum-ProximityMine>' when no variable is declared
  (compiling source file '/mine.cpp')
  
C:\Users\ookam\Code\survival\postal-code\mine.cpp(455,38): warning C4244: 'argument': conversion from 'double' to 'float', possible loss of data
  (compiling source file '/mine.cpp')
  
C:\Users\ookam\Code\survival\postal-code\mine.cpp(455,32): warning C4244: 'argument': conversion from 'double' to 'float', possible loss of data
  (compiling source file '/mine.cpp')
  
C:\Users\ookam\Code\survival\postal-code\mine.cpp(455,26): warning C4244: 'argument': conversion from 'double' to 'float', possible loss of data
  (compiling source file '/mine.cpp')
  
C:\Users\ookam\Code\survival\postal-code\mine.cpp(465,17): warning C4244: 'initializing': conversion from 'double' to 'int16_t', possible loss of data
  (compiling source file '/mine.cpp')
  
C:\Users\ookam\Code\survival\postal-code\mine.cpp(466,17): warning C4244: 'initializing': conversion from 'double' to 'int16_t', possible loss of data
  (compiling source file '/mine.cpp')
  
C:\Users\ookam\Code\survival\postal-code\mine.cpp(467,17): warning C4244: 'initializing': conversion from 'double' to 'int16_t', possible loss of data
  (compiling source file '/mine.cpp')
  
C:\Users\ookam\Code\survival\postal-code\mine.cpp(474,25): warning C4244: '+=': conversion from 'double' to 'int16_t', possible loss of data
  (compiling source file '/mine.cpp')
  
C:\Users\ookam\Code\survival\postal-code\mine.cpp(475,25): warning C4244: '+=': conversion from 'double' to 'int16_t', possible loss of data
  (compiling source file '/mine.cpp')
  
C:\Users\ookam\Code\survival\postal-code\mine.cpp(476,25): warning C4244: '+=': conversion from 'double' to 'int16_t', possible loss of data
  (compiling source file '/mine.cpp')
  
C:\Users\ookam\Code\survival\postal-code\mine.cpp(534,36): warning C4244: 'argument': conversion from 'double' to 'float', possible loss of data
  (compiling source file '/mine.cpp')
  
C:\Users\ookam\Code\survival\postal-code\mine.cpp(534,30): warning C4244: 'argument': conversion from 'double' to 'float', possible loss of data
  (compiling source file '/mine.cpp')
  
C:\Users\ookam\Code\survival\postal-code\mine.cpp(534,24): warning C4244: 'argument': conversion from 'double' to 'float', possible loss of data
  (compiling source file '/mine.cpp')
  
C:\Users\ookam\Code\survival\postal-code\mine.cpp(551,37): warning C4244: 'argument': conversion from 'double' to 'float', possible loss of data
  (compiling source file '/mine.cpp')
  
C:\Users\ookam\Code\survival\postal-code\mine.cpp(551,31): warning C4244: 'argument': conversion from 'double' to 'float', possible loss of data
  (compiling source file '/mine.cpp')
  
C:\Users\ookam\Code\survival\postal-code\mine.cpp(551,25): warning C4244: 'argument': conversion from 'double' to 'float', possible loss of data
  (compiling source file '/mine.cpp')
  
C:\Users\ookam\Code\survival\postal-code\mine.cpp(554,42): warning C4244: 'argument': conversion from 'double' to 'int16_t', possible loss of data
  (compiling source file '/mine.cpp')
  
C:\Users\ookam\Code\survival\postal-code\mine.cpp(554,36): warning C4244: 'argument': conversion from 'double' to 'int16_t', possible loss of data
  (compiling source file '/mine.cpp')
  
C:\Users\ookam\Code\survival\postal-code\mine.cpp(554,30): warning C4244: 'argument': conversion from 'double' to 'int16_t', possible loss of data
  (compiling source file '/mine.cpp')
  
C:\Users\ookam\Code\survival\postal-code\mine.cpp(555,46): warning C4244: 'argument': conversion from 'double' to 'int16_t', possible loss of data
  (compiling source file '/mine.cpp')
  
C:\Users\ookam\Code\survival\postal-code\mine.cpp(555,40): warning C4244: 'argument': conversion from 'double' to 'int16_t', possible loss of data
  (compiling source file '/mine.cpp')
  
C:\Users\ookam\Code\survival\postal-code\mine.cpp(555,35): warning C4244: 'argument': conversion from 'double' to 'int16_t', possible loss of data
  (compiling source file '/mine.cpp')
  
C:\Users\ookam\Code\survival\postal-code\mine.cpp(556,46): warning C4244: 'argument': conversion from 'double' to 'int16_t', possible loss of data
  (compiling source file '/mine.cpp')
  
C:\Users\ookam\Code\survival\postal-code\mine.cpp(556,40): warning C4244: 'argument': conversion from 'double' to 'int16_t', possible loss of data
  (compiling source file '/mine.cpp')
  
C:\Users\ookam\Code\survival\postal-code\mine.cpp(556,35): warning C4244: 'argument': conversion from 'double' to 'int16_t', possible loss of data
  (compiling source file '/mine.cpp')
  
C:\Users\ookam\Code\survival\postal-code\mine.cpp(557,46): warning C4244: 'argument': conversion from 'double' to 'int16_t', possible loss of data
  (compiling source file '/mine.cpp')
  
C:\Users\ookam\Code\survival\postal-code\mine.cpp(557,41): warning C4244: 'argument': conversion from 'double' to 'int16_t', possible loss of data
  (compiling source file '/mine.cpp')
  
C:\Users\ookam\Code\survival\postal-code\mine.cpp(557,30): warning C4244: 'argument': conversion from 'double' to 'int16_t', possible loss of data
  (compiling source file '/mine.cpp')
  
C:\Users\ookam\Code\survival\postal-code\mine.cpp(558,46): warning C4244: 'argument': conversion from 'double' to 'int16_t', possible loss of data
  (compiling source file '/mine.cpp')
  
C:\Users\ookam\Code\survival\postal-code\mine.cpp(558,41): warning C4244: 'argument': conversion from 'double' to 'int16_t', possible loss of data
  (compiling source file '/mine.cpp')
  
C:\Users\ookam\Code\survival\postal-code\mine.cpp(558,30): warning C4244: 'argument': conversion from 'double' to 'int16_t', possible loss of data
  (compiling source file '/mine.cpp')
  
C:\Users\ookam\Code\survival\postal-code\mine.cpp(582,61): warning C4244: 'argument': conversion from 'double' to 'int16_t', possible loss of data
  (compiling source file '/mine.cpp')
  
C:\Users\ookam\Code\survival\postal-code\mine.cpp(582,44): warning C4244: 'argument': conversion from 'double' to 'int16_t', possible loss of data
  (compiling source file '/mine.cpp')
  
C:\Users\ookam\Code\survival\postal-code\mine.cpp(608,37): warning C4244: 'argument': conversion from 'double' to 'int16_t', possible loss of data
  (compiling source file '/mine.cpp')
  
C:\Users\ookam\Code\survival\postal-code\mine.cpp(608,31): warning C4244: 'argument': conversion from 'double' to 'int16_t', possible loss of data
  (compiling source file '/mine.cpp')
  
C:\Users\ookam\Code\survival\postal-code\mine.cpp(608,25): warning C4244: 'argument': conversion from 'double' to 'int16_t', possible loss of data
  (compiling source file '/mine.cpp')
  
C:\Users\ookam\Code\survival\postal-code\mine.cpp(612,37): warning C4244: 'argument': conversion from 'double' to 'float', possible loss of data
  (compiling source file '/mine.cpp')
  
C:\Users\ookam\Code\survival\postal-code\mine.cpp(612,31): warning C4244: 'argument': conversion from 'double' to 'float', possible loss of data
  (compiling source file '/mine.cpp')
  
C:\Users\ookam\Code\survival\postal-code\mine.cpp(612,25): warning C4244: 'argument': conversion from 'double' to 'float', possible loss of data
  (compiling source file '/mine.cpp')
  
C:\Users\ookam\Code\survival\postal-code\mine.cpp(625,33): warning C4244: '=': conversion from 'double' to 'int32_t', possible loss of data
  (compiling source file '/mine.cpp')
  
C:\Users\ookam\Code\survival\postal-code\mine.cpp(626,33): warning C4244: '=': conversion from 'double' to 'int32_t', possible loss of data
  (compiling source file '/mine.cpp')
  
C:\Users\ookam\Code\survival\postal-code\mine.cpp(627,33): warning C4244: '=': conversion from 'double' to 'int32_t', possible loss of data
  (compiling source file '/mine.cpp')
  
C:\Users\ookam\Code\survival\postal-code\mine.cpp(671,26): warning C4244: '=': conversion from 'double' to 'int16_t', possible loss of data
  (compiling source file '/mine.cpp')
  
  napalm.cpp
C:\Users\ookam\Code\survival\postal-code\napalm.cpp(134,9): warning C4603: 'NAPALM_CPP': macro is not defined or definition is different after precompiled header use
  (compiling source file '/napalm.cpp')
      C:\Users\ookam\Code\survival\postal-code\napalm.cpp(134,9):
      Add macro to precompiled header instead of defining here
      C:\Users\ookam\Code\survival\postal-code\napalm.cpp(136,1):
      use of precompiled header
  
C:\Users\ookam\Code\survival\postal-code\settings.h(41,4): warning C4091: 'typedef ': ignored on left of 'CSettings::<unnamed-enum-MemFileSize>' when no variable is declared
  (compiling source file '/napalm.cpp')
  
C:\Users\ookam\Code\survival\postal-code\WishPiX\Prefs\prefline.h(56,16): warning C4091: 'typedef ': ignored on left of 'RPrefsLine::ePrefsLineType' when no variable is declared
  (compiling source file '/napalm.cpp')
  
C:\Users\ookam\Code\survival\postal-code\WishPiX\Prefs\prefs.h(47,16): warning C4091: 'typedef ': ignored on left of 'RPrefs::ePrefs' when no variable is declared
  (compiling source file '/napalm.cpp')
  
C:\Users\ookam\Code\survival\postal-code\StockPile.h(94,4): warning C4091: 'typedef ': ignored on left of 'CStockPile::<unnamed-enum-Bullets>' when no variable is declared
  (compiling source file '/napalm.cpp')
  
C:\Users\ookam\Code\survival\postal-code\sprites.h(110,4): warning C4091: 'typedef ': ignored on left of 'CSprite::<unnamed-enum-InAlpha>' when no variable is declared
  (compiling source file '/napalm.cpp')
  
C:\Users\ookam\Code\survival\postal-code\sprites.h(126,4): warning C4091: 'typedef ': ignored on left of 'CSprite::<unnamed-enum-OutRendered>' when no variable is declared
  (compiling source file '/napalm.cpp')
  
C:\Users\ookam\Code\survival\postal-code\sprites.h(132,4): warning C4091: 'typedef ': ignored on left of 'CSprite::<unnamed-enum-PrivInserted>' when no variable is declared
  (compiling source file '/napalm.cpp')
  
C:\Users\ookam\Code\survival\postal-code\thing.h(385,4): warning C4091: 'typedef ': ignored on left of 'CThing::<unnamed-enum-CHoodID>' when no variable is declared
  (compiling source file '/napalm.cpp')
  
C:\Users\ookam\Code\survival\postal-code\realm.h(504,4): warning C4091: 'typedef ': ignored on left of 'CRealm::<unnamed-enum-Standard>' when no variable is declared
  (compiling source file '/napalm.cpp')
  
C:\Users\ookam\Code\survival\postal-code\weapon.h(95,2): warning C4091: 'typedef ': ignored on left of 'CWeapon::<unnamed-enum-State_Idle>' when no variable is declared
  (compiling source file '/napalm.cpp')
  
C:\Users\ookam\Code\survival\postal-code\character.h(460,32): warning C4244: 'argument': conversion from 'double' to 'int16_t', possible loss of data
  (compiling source file '/napalm.cpp')
  
C:\Users\ookam\Code\survival\postal-code\character.h(460,19): warning C4244: 'argument': conversion from 'double' to 'int16_t', possible loss of data
  (compiling source file '/napalm.cpp')
  
C:\Users\ookam\Code\survival\postal-code\fire.h(101,2): warning C4091: 'typedef ': ignored on left of 'CFire::<unnamed-enum-LargeFire>' when no variable is declared
  (compiling source file '/napalm.cpp')
  
C:\Users\ookam\Code\survival\postal-code\napalm.cpp(320,35): warning C4244: 'argument': conversion from 'double' to 'float', possible loss of data
  (compiling source file '/napalm.cpp')
  
C:\Users\ookam\Code\survival\postal-code\napalm.cpp(320,29): warning C4244: 'argument': conversion from 'double' to 'float', possible loss of data
  (compiling source file '/napalm.cpp')
  
C:\Users\ookam\Code\survival\postal-code\napalm.cpp(320,23): warning C4244: 'argument': conversion from 'double' to 'float', possible loss of data
  (compiling source file '/napalm.cpp')
  
C:\Users\ookam\Code\survival\postal-code\napalm.cpp(348,36): warning C4244: 'argument': conversion from 'double' to 'float', possible loss of data
  (compiling source file '/napalm.cpp')
  
C:\Users\ookam\Code\survival\postal-code\napalm.cpp(348,30): warning C4244: 'argument': conversion from 'double' to 'float', possible loss of data
  (compiling source file '/napalm.cpp')
  
C:\Users\ookam\Code\survival\postal-code\napalm.cpp(348,24): warning C4244: 'argument': conversion from 'double' to 'float', possible loss of data
  (compiling source file '/napalm.cpp')
  
C:\Users\ookam\Code\survival\postal-code\napalm.cpp(353,36): warning C4244: 'argument': conversion from 'double' to 'float', possible loss of data
  (compiling source file '/napalm.cpp')
  
C:\Users\ookam\Code\survival\postal-code\napalm.cpp(353,30): warning C4244: 'argument': conversion from 'double' to 'float', possible loss of data
  (compiling source file '/napalm.cpp')
  
C:\Users\ookam\Code\survival\postal-code\napalm.cpp(353,24): warning C4244: 'argument': conversion from 'double' to 'float', possible loss of data
  (compiling source file '/napalm.cpp')
  
C:\Users\ookam\Code\survival\postal-code\napalm.cpp(368,37): warning C4244: 'argument': conversion from 'double' to 'float', possible loss of data
  (compiling source file '/napalm.cpp')
  
C:\Users\ookam\Code\survival\postal-code\napalm.cpp(368,31): warning C4244: 'argument': conversion from 'double' to 'float', possible loss of data
  (compiling source file '/napalm.cpp')
  
C:\Users\ookam\Code\survival\postal-code\napalm.cpp(368,25): warning C4244: 'argument': conversion from 'double' to 'float', possible loss of data
  (compiling source file '/napalm.cpp')
  
C:\Users\ookam\Code\survival\postal-code\napalm.cpp(397,70): warning C4244: 'argument': conversion from 'double' to 'int16_t', possible loss of data
  (compiling source file '/napalm.cpp')
  
C:\Users\ookam\Code\survival\postal-code\napalm.cpp(397,54): warning C4244: 'argument': conversion from 'double' to 'int16_t', possible loss of data
  (compiling source file '/napalm.cpp')
  
C:\Users\ookam\Code\survival\postal-code\napalm.cpp(397,34): warning C4244: 'argument': conversion from 'double' to 'int16_t', possible loss of data
  (compiling source file '/napalm.cpp')
  
C:\Users\ookam\Code\survival\postal-code\napalm.cpp(437,36): warning C4244: 'argument': conversion from 'double' to 'float', possible loss of data
  (compiling source file '/napalm.cpp')
  
C:\Users\ookam\Code\survival\postal-code\napalm.cpp(437,30): warning C4244: 'argument': conversion from 'double' to 'float', possible loss of data
  (compiling source file '/napalm.cpp')
  
C:\Users\ookam\Code\survival\postal-code\napalm.cpp(437,24): warning C4244: 'argument': conversion from 'double' to 'float', possible loss of data
  (compiling source file '/napalm.cpp')
  
C:\Users\ookam\Code\survival\postal-code\napalm.cpp(490,23): warning C4244: 'argument': conversion from 'double' to 'int16_t', possible loss of data
  (compiling source file '/napalm.cpp')
  
C:\Users\ookam\Code\survival\postal-code\napalm.cpp(511,26): warning C4244: '=': conversion from 'double' to 'int16_t', possible loss of data
  (compiling source file '/napalm.cpp')
  
  navnet.cpp
C:\Users\ookam\Code\survival\postal-code\navnet.cpp(140,9): warning C4603: 'NAVIGATIONNET_CPP': macro is not defined or definition is different after precompiled header use
  (compiling source file '/navnet.cpp')
      C:\Users\ookam\Code\survival\postal-code\navnet.cpp(140,9):
      Add macro to precompiled header instead of defining here
      C:\Users\ookam\Code\survival\postal-code\navnet.cpp(142,1):
      use of precompiled header
  
C:\Users\ookam\Code\survival\postal-code\settings.h(41,4): warning C4091: 'typedef ': ignored on left of 'CSettings::<unnamed-enum-MemFileSize>' when no variable is declared
  (compiling source file '/navnet.cpp')
  
C:\Users\ookam\Code\survival\postal-code\WishPiX\Prefs\prefline.h(56,16): warning C4091: 'typedef ': ignored on left of 'RPrefsLine::ePrefsLineType' when no variable is declared
  (compiling source file '/navnet.cpp')
  
C:\Users\ookam\Code\survival\postal-code\WishPiX\Prefs\prefs.h(47,16): warning C4091: 'typedef ': ignored on left of 'RPrefs::ePrefs' when no variable is declared
  (compiling source file '/navnet.cpp')
  
C:\Users\ookam\Code\survival\postal-code\StockPile.h(94,4): warning C4091: 'typedef ': ignored on left of 'CStockPile::<unnamed-enum-Bullets>' when no variable is declared
  (compiling source file '/navnet.cpp')
  
C:\Users\ookam\Code\survival\postal-code\sprites.h(110,4): warning C4091: 'typedef ': ignored on left of 'CSprite::<unnamed-enum-InAlpha>' when no variable is declared
  (compiling source file '/navnet.cpp')
  
C:\Users\ookam\Code\survival\postal-code\sprites.h(126,4): warning C4091: 'typedef ': ignored on left of 'CSprite::<unnamed-enum-OutRendered>' when no variable is declared
  (compiling source file '/navnet.cpp')
  
C:\Users\ookam\Code\survival\postal-code\sprites.h(132,4): warning C4091: 'typedef ': ignored on left of 'CSprite::<unnamed-enum-PrivInserted>' when no variable is declared
  (compiling source file '/navnet.cpp')
  
C:\Users\ookam\Code\survival\postal-code\thing.h(385,4): warning C4091: 'typedef ': ignored on left of 'CThing::<unnamed-enum-CHoodID>' when no variable is declared
  (compiling source file '/navnet.cpp')
  
C:\Users\ookam\Code\survival\postal-code\realm.h(504,4): warning C4091: 'typedef ': ignored on left of 'CRealm::<unnamed-enum-Standard>' when no variable is declared
  (compiling source file '/navnet.cpp')
  
C:\Users\ookam\Code\survival\postal-code\bouy.h(404,5): warning C4996: 'sprintf': This function or variable may be unsafe. Consider using sprintf_s instead. To disable deprecation, use _CRT_SECURE_NO_WARNINGS. See online help for details.
  (compiling source file '/navnet.cpp')
  
C:\Users\ookam\Code\survival\postal-code\navnet.cpp(259,21): warning C4267: 'initializing': conversion from 'size_t' to 'uint8_t', possible loss of data
  (compiling source file '/navnet.cpp')
  
C:\Users\ookam\Code\survival\postal-code\navnet.cpp(515,25): warning C4244: '=': conversion from 'double' to 'int16_t', possible loss of data
  (compiling source file '/navnet.cpp')
  
C:\Users\ookam\Code\survival\postal-code\navnet.cpp(539,3): warning C4244: 'argument': conversion from 'double' to 'int16_t', possible loss of data
  (compiling source file '/navnet.cpp')
  
C:\Users\ookam\Code\survival\postal-code\navnet.cpp(538,3): warning C4244: 'argument': conversion from 'double' to 'int16_t', possible loss of data
  (compiling source file '/navnet.cpp')
  
C:\Users\ookam\Code\survival\postal-code\navnet.cpp(537,3): warning C4244: 'argument': conversion from 'double' to 'int16_t', possible loss of data
  (compiling source file '/navnet.cpp')
  
C:\Users\ookam\Code\survival\postal-code\navnet.cpp(801,7): warning C4996: 'fopen': This function or variable may be unsafe. Consider using fopen_s instead. To disable deprecation, use _CRT_SECURE_NO_WARNINGS. See online help for details.
  (compiling source file '/navnet.cpp')
  
C:\Users\ookam\Code\survival\postal-code\navnet.cpp(806,4): warning C4996: 'sprintf': This function or variable may be unsafe. Consider using sprintf_s instead. To disable deprecation, use _CRT_SECURE_NO_WARNINGS. See online help for details.
  (compiling source file '/navnet.cpp')
  
  ostrich.cpp
C:\Users\ookam\Code\survival\postal-code\ostrich.cpp(89,9): warning C4603: 'OSTRICH_CPP': macro is not defined or definition is different after precompiled header use
  (compiling source file '/ostrich.cpp')
      C:\Users\ookam\Code\survival\postal-code\ostrich.cpp(89,9):
      Add macro to precompiled header instead of defining here
      C:\Users\ookam\Code\survival\postal-code\ostrich.cpp(91,1):
      use of precompiled header
  
C:\Users\ookam\Code\survival\postal-code\settings.h(41,4): warning C4091: 'typedef ': ignored on left of 'CSettings::<unnamed-enum-MemFileSize>' when no variable is declared
  (compiling source file '/ostrich.cpp')
  
C:\Users\ookam\Code\survival\postal-code\WishPiX\Prefs\prefline.h(56,16): warning C4091: 'typedef ': ignored on left of 'RPrefsLine::ePrefsLineType' when no variable is declared
  (compiling source file '/ostrich.cpp')
  
C:\Users\ookam\Code\survival\postal-code\WishPiX\Prefs\prefs.h(47,16): warning C4091: 'typedef ': ignored on left of 'RPrefs::ePrefs' when no variable is declared
  (compiling source file '/ostrich.cpp')
  
C:\Users\ookam\Code\survival\postal-code\StockPile.h(94,4): warning C4091: 'typedef ': ignored on left of 'CStockPile::<unnamed-enum-Bullets>' when no variable is declared
  (compiling source file '/ostrich.cpp')
  
C:\Users\ookam\Code\survival\postal-code\sprites.h(110,4): warning C4091: 'typedef ': ignored on left of 'CSprite::<unnamed-enum-InAlpha>' when no variable is declared
  (compiling source file '/ostrich.cpp')
  
C:\Users\ookam\Code\survival\postal-code\sprites.h(126,4): warning C4091: 'typedef ': ignored on left of 'CSprite::<unnamed-enum-OutRendered>' when no variable is declared
  (compiling source file '/ostrich.cpp')
  
C:\Users\ookam\Code\survival\postal-code\sprites.h(132,4): warning C4091: 'typedef ': ignored on left of 'CSprite::<unnamed-enum-PrivInserted>' when no variable is declared
  (compiling source file '/ostrich.cpp')
  
C:\Users\ookam\Code\survival\postal-code\thing.h(385,4): warning C4091: 'typedef ': ignored on left of 'CThing::<unnamed-enum-CHoodID>' when no variable is declared
  (compiling source file '/ostrich.cpp')
  
C:\Users\ookam\Code\survival\postal-code\realm.h(504,4): warning C4091: 'typedef ': ignored on left of 'CRealm::<unnamed-enum-Standard>' when no variable is declared
  (compiling source file '/ostrich.cpp')
  
C:\Users\ookam\Code\survival\postal-code\bouy.h(404,5): warning C4996: 'sprintf': This function or variable may be unsafe. Consider using sprintf_s instead. To disable deprecation, use _CRT_SECURE_NO_WARNINGS. See online help for details.
  (compiling source file '/ostrich.cpp')
  
C:\Users\ookam\Code\survival\postal-code\weapon.h(95,2): warning C4091: 'typedef ': ignored on left of 'CWeapon::<unnamed-enum-State_Idle>' when no variable is declared
  (compiling source file '/ostrich.cpp')
  
C:\Users\ookam\Code\survival\postal-code\character.h(460,32): warning C4244: 'argument': conversion from 'double' to 'int16_t', possible loss of data
  (compiling source file '/ostrich.cpp')
  
C:\Users\ookam\Code\survival\postal-code\character.h(460,19): warning C4244: 'argument': conversion from 'double' to 'int16_t', possible loss of data
  (compiling source file '/ostrich.cpp')
  
C:\Users\ookam\Code\survival\postal-code\ostrich.cpp(473,34): warning C4244: 'argument': conversion from 'double' to 'int16_t', possible loss of data
  (compiling source file '/ostrich.cpp')
  
C:\Users\ookam\Code\survival\postal-code\ostrich.cpp(475,34): warning C4244: 'argument': conversion from 'double' to 'int16_t', possible loss of data
  (compiling source file '/ostrich.cpp')
  
C:\Users\ookam\Code\survival\postal-code\ostrich.cpp(533,33): warning C4244: 'argument': conversion from 'double' to 'int16_t', possible loss of data
  (compiling source file '/ostrich.cpp')
  
C:\Users\ookam\Code\survival\postal-code\ostrich.cpp(535,33): warning C4244: 'argument': conversion from 'double' to 'int16_t', possible loss of data
  (compiling source file '/ostrich.cpp')
  
C:\Users\ookam\Code\survival\postal-code\ostrich.cpp(626,33): warning C4244: '=': conversion from 'double' to 'int32_t', possible loss of data
  (compiling source file '/ostrich.cpp')
  
C:\Users\ookam\Code\survival\postal-code\ostrich.cpp(629,38): warning C4244: '=': conversion from 'double' to 'int32_t', possible loss of data
  (compiling source file '/ostrich.cpp')
  
C:\Users\ookam\Code\survival\postal-code\ostrich.cpp(630,33): warning C4244: '=': conversion from 'double' to 'int32_t', possible loss of data
  (compiling source file '/ostrich.cpp')
  
C:\Users\ookam\Code\survival\postal-code\ostrich.cpp(959,33): warning C4244: 'argument': conversion from 'double' to 'int16_t', possible loss of data
  (compiling source file '/ostrich.cpp')
  
  person.cpp
C:\Users\ookam\Code\survival\postal-code\person.cpp(265,9): warning C4603: 'PERSON_CPP': macro is not defined or definition is different after precompiled header use
  (compiling source file '/person.cpp')
      C:\Users\ookam\Code\survival\postal-code\person.cpp(265,9):
      Add macro to precompiled header instead of defining here
      C:\Users\ookam\Code\survival\postal-code\person.cpp(267,1):
      use of precompiled header
  
C:\Users\ookam\Code\survival\postal-code\settings.h(41,4): warning C4091: 'typedef ': ignored on left of 'CSettings::<unnamed-enum-MemFileSize>' when no variable is declared
  (compiling source file '/person.cpp')
  
C:\Users\ookam\Code\survival\postal-code\WishPiX\Prefs\prefline.h(56,16): warning C4091: 'typedef ': ignored on left of 'RPrefsLine::ePrefsLineType' when no variable is declared
  (compiling source file '/person.cpp')
  
C:\Users\ookam\Code\survival\postal-code\WishPiX\Prefs\prefs.h(47,16): warning C4091: 'typedef ': ignored on left of 'RPrefs::ePrefs' when no variable is declared
  (compiling source file '/person.cpp')
  
C:\Users\ookam\Code\survival\postal-code\StockPile.h(94,4): warning C4091: 'typedef ': ignored on left of 'CStockPile::<unnamed-enum-Bullets>' when no variable is declared
  (compiling source file '/person.cpp')
  
C:\Users\ookam\Code\survival\postal-code\sprites.h(110,4): warning C4091: 'typedef ': ignored on left of 'CSprite::<unnamed-enum-InAlpha>' when no variable is declared
  (compiling source file '/person.cpp')
  
C:\Users\ookam\Code\survival\postal-code\sprites.h(126,4): warning C4091: 'typedef ': ignored on left of 'CSprite::<unnamed-enum-OutRendered>' when no variable is declared
  (compiling source file '/person.cpp')
  
C:\Users\ookam\Code\survival\postal-code\sprites.h(132,4): warning C4091: 'typedef ': ignored on left of 'CSprite::<unnamed-enum-PrivInserted>' when no variable is declared
  (compiling source file '/person.cpp')
  
C:\Users\ookam\Code\survival\postal-code\thing.h(385,4): warning C4091: 'typedef ': ignored on left of 'CThing::<unnamed-enum-CHoodID>' when no variable is declared
  (compiling source file '/person.cpp')
  
C:\Users\ookam\Code\survival\postal-code\realm.h(504,4): warning C4091: 'typedef ': ignored on left of 'CRealm::<unnamed-enum-Standard>' when no variable is declared
  (compiling source file '/person.cpp')
  
C:\Users\ookam\Code\survival\postal-code\bouy.h(404,5): warning C4996: 'sprintf': This function or variable may be unsafe. Consider using sprintf_s instead. To disable deprecation, use _CRT_SECURE_NO_WARNINGS. See online help for details.
  (compiling source file '/person.cpp')
  
C:\Users\ookam\Code\survival\postal-code\weapon.h(95,2): warning C4091: 'typedef ': ignored on left of 'CWeapon::<unnamed-enum-State_Idle>' when no variable is declared
  (compiling source file '/person.cpp')
  
C:\Users\ookam\Code\survival\postal-code\character.h(460,32): warning C4244: 'argument': conversion from 'double' to 'int16_t', possible loss of data
  (compiling source file '/person.cpp')
  
C:\Users\ookam\Code\survival\postal-code\character.h(460,19): warning C4244: 'argument': conversion from 'double' to 'int16_t', possible loss of data
  (compiling source file '/person.cpp')
  
C:\Users\ookam\Code\survival\postal-code\logtab.h(452,4): warning C4091: 'typedef ': ignored on left of 'CLogTab<usertype>::<unnamed-enum-MaxVars>' when no variable is declared
  (compiling source file '/person.cpp')
      C:\Users\ookam\Code\survival\postal-code\logtab.h(452,4):
      the template instantiation context (the oldest one first) is
          C:\Users\ookam\Code\survival\postal-code\logtab.h(445,7):
          while compiling class template 'CLogTab'
  
C:\Users\ookam\Code\survival\postal-code\logtab.h(452,4): warning C4091: 'typedef ': ignored on left of 'CLogTab<CPerson *>::<unnamed-enum-MaxVars>' when no variable is declared
  (compiling source file '/person.cpp')
      C:\Users\ookam\Code\survival\postal-code\logtab.h(452,4):
      the template instantiation context (the oldest one first) is
          C:\Users\ookam\Code\survival\postal-code\person.cpp(604,4):
          see reference to class template instantiation 'CLogTab<CPerson *>' being compiled
  
C:\Users\ookam\Code\survival\postal-code\person.cpp(812,51): warning C4244: 'argument': conversion from 'double' to 'int16_t', possible loss of data
  (compiling source file '/person.cpp')
  
C:\Users\ookam\Code\survival\postal-code\person.cpp(812,41): warning C4244: '=': conversion from 'double' to 'int32_t', possible loss of data
  (compiling source file '/person.cpp')
  
C:\Users\ookam\Code\survival\postal-code\person.cpp(813,36): warning C4244: '=': conversion from 'double' to 'int32_t', possible loss of data
  (compiling source file '/person.cpp')
  
C:\Users\ookam\Code\survival\postal-code\person.cpp(814,51): warning C4244: 'argument': conversion from 'double' to 'int16_t', possible loss of data
  (compiling source file '/person.cpp')
  
C:\Users\ookam\Code\survival\postal-code\person.cpp(814,41): warning C4244: '=': conversion from 'double' to 'int32_t', possible loss of data
  (compiling source file '/person.cpp')
  
C:\Users\ookam\Code\survival\postal-code\person.cpp(930,31): warning C4244: 'argument': conversion from 'double' to 'int16_t', possible loss of data
  (compiling source file '/person.cpp')
  
C:\Users\ookam\Code\survival\postal-code\person.cpp(931,24): warning C4244: 'initializing': conversion from 'double' to 'int16_t', possible loss of data
  (compiling source file '/person.cpp')
  
C:\Users\ookam\Code\survival\postal-code\person.cpp(932,24): warning C4244: 'initializing': conversion from 'double' to 'int16_t', possible loss of data
  (compiling source file '/person.cpp')
  
C:\Users\ookam\Code\survival\postal-code\person.cpp(950,40): warning C4244: 'argument': conversion from 'double' to 'int16_t', possible loss of data
  (compiling source file '/person.cpp')
  
C:\Users\ookam\Code\survival\postal-code\person.cpp(951,36): warning C4244: 'argument': conversion from 'double' to 'int16_t', possible loss of data
  (compiling source file '/person.cpp')
  
C:\Users\ookam\Code\survival\postal-code\person.cpp(1052,2): warning C4996: 'strcpy': This function or variable may be unsafe. Consider using strcpy_s instead. To disable deprecation, use _CRT_SECURE_NO_WARNINGS. See online help for details.
  (compiling source file '/person.cpp')
  
C:\Users\ookam\Code\survival\postal-code\person.cpp(1062,3): warning C4996: 'strcpy': This function or variable may be unsafe. Consider using strcpy_s instead. To disable deprecation, use _CRT_SECURE_NO_WARNINGS. See online help for details.
  (compiling source file '/person.cpp')
  
C:\Users\ookam\Code\survival\postal-code\person.cpp(1647,2): warning C4996: 'sprintf': This function or variable may be unsafe. Consider using sprintf_s instead. To disable deprecation, use _CRT_SECURE_NO_WARNINGS. See online help for details.
  (compiling source file '/person.cpp')
  
C:\Users\ookam\Code\survival\postal-code\logtab.h(586,13): warning C4996: 'fopen': This function or variable may be unsafe. Consider using fopen_s instead. To disable deprecation, use _CRT_SECURE_NO_WARNINGS. See online help for details.
  (compiling source file '/person.cpp')
      C:\Users\ookam\Code\survival\postal-code\logtab.h(586,13):
      the template instantiation context (the oldest one first) is
          C:\Users\ookam\Code\survival\postal-code\person.cpp(604,4):
          see reference to class template instantiation 'CLogTab<CPerson *>' being compiled
          C:\Users\ookam\Code\survival\postal-code\logtab.h(576,2):
          while compiling class template member function 'int16_t CLogTab<CPerson *>::Evaluate(usertype,bool)'
          with
          [
              usertype=CPerson *
          ]
              C:\Users\ookam\Code\survival\postal-code\person.cpp(604,27):
              see the first reference to 'CLogTab<CPerson *>::Evaluate' in 'CPerson::Update'
  
C:\Users\ookam\Code\survival\postal-code\logtab.h(415,37): warning C4018: '<': signed/unsigned mismatch
  (compiling source file '/person.cpp')
      C:\Users\ookam\Code\survival\postal-code\logtab.h(415,37):
      the template instantiation context (the oldest one first) is
          C:\Users\ookam\Code\survival\postal-code\logtab.h(576,2):
          while compiling class template member function 'int16_t CLogTab<CPerson *>::Evaluate(usertype,bool)'
          with
          [
              usertype=CPerson *
          ]
              C:\Users\ookam\Code\survival\postal-code\person.cpp(604,27):
              see the first reference to 'CLogTab<CPerson *>::Evaluate' in 'CPerson::Update'
          C:\Users\ookam\Code\survival\postal-code\logtab.h(618,34):
          see reference to class template instantiation 'CLogTabVar<usertype>' being compiled
          with
          [
              usertype=CPerson *
          ]
          C:\Users\ookam\Code\survival\postal-code\logtab.h(404,2):
          while compiling class template member function 'int16_t CLogTabVar<usertype>::ValToText(int16_t,char *,int16_t)'
          with
          [
              usertype=CPerson *
          ]
              C:\Users\ookam\Code\survival\postal-code\logtab.h(695,33):
              see the first reference to 'CLogTabVar<usertype>::ValToText' in 'CLogTab<CPerson *>::Evaluate'
          with
          [
              usertype=CPerson *
          ]
              C:\Users\ookam\Code\survival\postal-code\person.cpp(604,27):
              see the first reference to 'CLogTab<CPerson *>::Evaluate' in 'CPerson::Update'
  
C:\Users\ookam\Code\survival\postal-code\logtab.h(416,5): warning C4996: 'strcpy': This function or variable may be unsafe. Consider using strcpy_s instead. To disable deprecation, use _CRT_SECURE_NO_WARNINGS. See online help for details.
  (compiling source file '/person.cpp')
  
C:\Users\ookam\Code\survival\postal-code\logtab.h(419,5): warning C4996: 'strncpy': This function or variable may be unsafe. Consider using strncpy_s instead. To disable deprecation, use _CRT_SECURE_NO_WARNINGS. See online help for details.
  (compiling source file '/person.cpp')
  
C:\Users\ookam\Code\survival\postal-code\logtab.h(434,3): warning C4996: 'sprintf': This function or variable may be unsafe. Consider using sprintf_s instead. To disable deprecation, use _CRT_SECURE_NO_WARNINGS. See online help for details.
  (compiling source file '/person.cpp')
  
C:\Users\ookam\Code\survival\postal-code\logtab.h(363,16): warning C4267: 'initializing': conversion from 'size_t' to 'int16_t', possible loss of data
  (compiling source file '/person.cpp')
      C:\Users\ookam\Code\survival\postal-code\logtab.h(363,16):
      the template instantiation context (the oldest one first) is
          C:\Users\ookam\Code\survival\postal-code\person.cpp(1655,13):
          see reference to function template instantiation 'int16_t rspGetResource<CLogTab<CPerson *>>(RResMgr *,const char *,T **,RFile::Endian)' being compiled
          with
          [
              T=CLogTab<CPerson *>
          ]
          C:\Users\ookam\Code\survival\postal-code\WishPiX\ResourceManager\resmgr.h(700,34):
          see reference to class template instantiation 'LoadResFunc<T>' being compiled
          with
          [
              T=CLogTab<CPerson *>
          ]
          C:\Users\ookam\Code\survival\postal-code\WishPiX\ResourceManager\resmgr.h(320,10):
          while compiling class template member function 'int16_t LoadResFunc<T>::operator ()(void *,RFile *)'
          with
          [
              T=CLogTab<CPerson *>
          ]
          C:\Users\ookam\Code\survival\postal-code\WishPiX\ResourceManager\resmgr.h(321,12):
          see reference to function template instantiation 'int16_t rspAnyLoad<T>(obj *,RFile *)' being compiled
          with
          [
              T=CLogTab<CPerson *>,
              obj=CLogTab<CPerson *>
          ]
          C:\Users\ookam\Code\survival\postal-code\logtab.h(829,2):
          while compiling class template member function 'int16_t CLogTab<CPerson *>::Load(RFile *)'
          C:\Users\ookam\Code\survival\postal-code\logtab.h(337,2):
          while compiling class template member function 'int16_t CLogTabVar<usertype>::TextToVal(char *,int16_t *)'
          with
          [
              usertype=CPerson *
          ]
  
  PowerUp.cpp
C:\Users\ookam\Code\survival\postal-code\PowerUp.cpp(147,9): warning C4603: 'POWERUP_CPP': macro is not defined or definition is different after precompiled header use
  (compiling source file '/PowerUp.cpp')
      C:\Users\ookam\Code\survival\postal-code\PowerUp.cpp(147,9):
      Add macro to precompiled header instead of defining here
      C:\Users\ookam\Code\survival\postal-code\PowerUp.cpp(149,1):
      use of precompiled header
  
C:\Users\ookam\Code\survival\postal-code\settings.h(41,4): warning C4091: 'typedef ': ignored on left of 'CSettings::<unnamed-enum-MemFileSize>' when no variable is declared
  (compiling source file '/PowerUp.cpp')
  
C:\Users\ookam\Code\survival\postal-code\WishPiX\Prefs\prefline.h(56,16): warning C4091: 'typedef ': ignored on left of 'RPrefsLine::ePrefsLineType' when no variable is declared
  (compiling source file '/PowerUp.cpp')
  
C:\Users\ookam\Code\survival\postal-code\WishPiX\Prefs\prefs.h(47,16): warning C4091: 'typedef ': ignored on left of 'RPrefs::ePrefs' when no variable is declared
  (compiling source file '/PowerUp.cpp')
  
C:\Users\ookam\Code\survival\postal-code\StockPile.h(94,4): warning C4091: 'typedef ': ignored on left of 'CStockPile::<unnamed-enum-Bullets>' when no variable is declared
  (compiling source file '/PowerUp.cpp')
  
C:\Users\ookam\Code\survival\postal-code\sprites.h(110,4): warning C4091: 'typedef ': ignored on left of 'CSprite::<unnamed-enum-InAlpha>' when no variable is declared
  (compiling source file '/PowerUp.cpp')
  
C:\Users\ookam\Code\survival\postal-code\sprites.h(126,4): warning C4091: 'typedef ': ignored on left of 'CSprite::<unnamed-enum-OutRendered>' when no variable is declared
  (compiling source file '/PowerUp.cpp')
  
C:\Users\ookam\Code\survival\postal-code\sprites.h(132,4): warning C4091: 'typedef ': ignored on left of 'CSprite::<unnamed-enum-PrivInserted>' when no variable is declared
  (compiling source file '/PowerUp.cpp')
  
C:\Users\ookam\Code\survival\postal-code\thing.h(385,4): warning C4091: 'typedef ': ignored on left of 'CThing::<unnamed-enum-CHoodID>' when no variable is declared
  (compiling source file '/PowerUp.cpp')
  
C:\Users\ookam\Code\survival\postal-code\realm.h(504,4): warning C4091: 'typedef ': ignored on left of 'CRealm::<unnamed-enum-Standard>' when no variable is declared
  (compiling source file '/PowerUp.cpp')
  
C:\Users\ookam\Code\survival\postal-code\weapon.h(95,2): warning C4091: 'typedef ': ignored on left of 'CWeapon::<unnamed-enum-State_Idle>' when no variable is declared
  (compiling source file '/PowerUp.cpp')
  
C:\Users\ookam\Code\survival\postal-code\character.h(460,32): warning C4244: 'argument': conversion from 'double' to 'int16_t', possible loss of data
  (compiling source file '/PowerUp.cpp')
  
C:\Users\ookam\Code\survival\postal-code\character.h(460,19): warning C4244: 'argument': conversion from 'double' to 'int16_t', possible loss of data
  (compiling source file '/PowerUp.cpp')
  
C:\Users\ookam\Code\survival\postal-code\PowerUp.cpp(398,33): warning C4244: '=': conversion from 'double' to 'int32_t', possible loss of data
  (compiling source file '/PowerUp.cpp')
  
C:\Users\ookam\Code\survival\postal-code\PowerUp.cpp(399,33): warning C4244: '=': conversion from 'double' to 'int32_t', possible loss of data
  (compiling source file '/PowerUp.cpp')
  
C:\Users\ookam\Code\survival\postal-code\PowerUp.cpp(400,33): warning C4244: '=': conversion from 'double' to 'int32_t', possible loss of data
  (compiling source file '/PowerUp.cpp')
  
C:\Users\ookam\Code\survival\postal-code\PowerUp.cpp(533,2): warning C4996: 'strcpy': This function or variable may be unsafe. Consider using strcpy_s instead. To disable deprecation, use _CRT_SECURE_NO_WARNINGS. See online help for details.
  (compiling source file '/PowerUp.cpp')
  
C:\Users\ookam\Code\survival\postal-code\PowerUp.cpp(725,34): warning C4244: 'argument': conversion from 'double' to 'int16_t', possible loss of data
  (compiling source file '/PowerUp.cpp')
  
C:\Users\ookam\Code\survival\postal-code\PowerUp.cpp(725,28): warning C4244: 'argument': conversion from 'double' to 'int16_t', possible loss of data
  (compiling source file '/PowerUp.cpp')
  
C:\Users\ookam\Code\survival\postal-code\PowerUp.cpp(725,22): warning C4244: 'argument': conversion from 'double' to 'int16_t', possible loss of data
  (compiling source file '/PowerUp.cpp')
  
  pylon.cpp
C:\Users\ookam\Code\survival\postal-code\pylon.cpp(77,9): warning C4603: 'PYLON_CPP': macro is not defined or definition is different after precompiled header use
  (compiling source file '/pylon.cpp')
      C:\Users\ookam\Code\survival\postal-code\pylon.cpp(77,9):
      Add macro to precompiled header instead of defining here
      C:\Users\ookam\Code\survival\postal-code\pylon.cpp(79,1):
      use of precompiled header
  
C:\Users\ookam\Code\survival\postal-code\settings.h(41,4): warning C4091: 'typedef ': ignored on left of 'CSettings::<unnamed-enum-MemFileSize>' when no variable is declared
  (compiling source file '/pylon.cpp')
  
C:\Users\ookam\Code\survival\postal-code\WishPiX\Prefs\prefline.h(56,16): warning C4091: 'typedef ': ignored on left of 'RPrefsLine::ePrefsLineType' when no variable is declared
  (compiling source file '/pylon.cpp')
  
C:\Users\ookam\Code\survival\postal-code\WishPiX\Prefs\prefs.h(47,16): warning C4091: 'typedef ': ignored on left of 'RPrefs::ePrefs' when no variable is declared
  (compiling source file '/pylon.cpp')
  
C:\Users\ookam\Code\survival\postal-code\StockPile.h(94,4): warning C4091: 'typedef ': ignored on left of 'CStockPile::<unnamed-enum-Bullets>' when no variable is declared
  (compiling source file '/pylon.cpp')
  
C:\Users\ookam\Code\survival\postal-code\sprites.h(110,4): warning C4091: 'typedef ': ignored on left of 'CSprite::<unnamed-enum-InAlpha>' when no variable is declared
  (compiling source file '/pylon.cpp')
  
C:\Users\ookam\Code\survival\postal-code\sprites.h(126,4): warning C4091: 'typedef ': ignored on left of 'CSprite::<unnamed-enum-OutRendered>' when no variable is declared
  (compiling source file '/pylon.cpp')
  
C:\Users\ookam\Code\survival\postal-code\sprites.h(132,4): warning C4091: 'typedef ': ignored on left of 'CSprite::<unnamed-enum-PrivInserted>' when no variable is declared
  (compiling source file '/pylon.cpp')
  
C:\Users\ookam\Code\survival\postal-code\thing.h(385,4): warning C4091: 'typedef ': ignored on left of 'CThing::<unnamed-enum-CHoodID>' when no variable is declared
  (compiling source file '/pylon.cpp')
  
C:\Users\ookam\Code\survival\postal-code\realm.h(504,4): warning C4091: 'typedef ': ignored on left of 'CRealm::<unnamed-enum-Standard>' when no variable is declared
  (compiling source file '/pylon.cpp')
  
C:\Users\ookam\Code\survival\postal-code\weapon.h(95,2): warning C4091: 'typedef ': ignored on left of 'CWeapon::<unnamed-enum-State_Idle>' when no variable is declared
  (compiling source file '/pylon.cpp')
  
C:\Users\ookam\Code\survival\postal-code\character.h(460,32): warning C4244: 'argument': conversion from 'double' to 'int16_t', possible loss of data
  (compiling source file '/pylon.cpp')
  
C:\Users\ookam\Code\survival\postal-code\character.h(460,19): warning C4244: 'argument': conversion from 'double' to 'int16_t', possible loss of data
  (compiling source file '/pylon.cpp')
  
C:\Users\ookam\Code\survival\postal-code\pylon.cpp(233,32): warning C4244: '=': conversion from 'double' to 'int32_t', possible loss of data
  (compiling source file '/pylon.cpp')
  
C:\Users\ookam\Code\survival\postal-code\pylon.cpp(234,32): warning C4244: '=': conversion from 'double' to 'int32_t', possible loss of data
  (compiling source file '/pylon.cpp')
  
C:\Users\ookam\Code\survival\postal-code\pylon.cpp(235,32): warning C4244: '=': conversion from 'double' to 'int32_t', possible loss of data
  (compiling source file '/pylon.cpp')
  
C:\Users\ookam\Code\survival\postal-code\pylon.cpp(322,32): warning C4244: '=': conversion from 'double' to 'int32_t', possible loss of data
  (compiling source file '/pylon.cpp')
  
C:\Users\ookam\Code\survival\postal-code\pylon.cpp(323,32): warning C4244: '=': conversion from 'double' to 'int32_t', possible loss of data
  (compiling source file '/pylon.cpp')
  
C:\Users\ookam\Code\survival\postal-code\pylon.cpp(324,32): warning C4244: '=': conversion from 'double' to 'int32_t', possible loss of data
  (compiling source file '/pylon.cpp')
  
C:\Users\ookam\Code\survival\postal-code\pylon.cpp(430,55): warning C4244: '=': conversion from 'double' to 'int16_t', possible loss of data
  (compiling source file '/pylon.cpp')
  
C:\Users\ookam\Code\survival\postal-code\pylon.cpp(431,55): warning C4244: '=': conversion from 'double' to 'int16_t', possible loss of data
  (compiling source file '/pylon.cpp')
  
C:\Users\ookam\Code\survival\postal-code\pylon.cpp(458,59): warning C4244: '=': conversion from 'double' to 'int16_t', possible loss of data
  (compiling source file '/pylon.cpp')
  
C:\Users\ookam\Code\survival\postal-code\pylon.cpp(459,59): warning C4244: '=': conversion from 'double' to 'int16_t', possible loss of data
  (compiling source file '/pylon.cpp')
  
C:\Users\ookam\Code\survival\postal-code\pylon.cpp(495,32): warning C4244: '=': conversion from 'double' to 'int32_t', possible loss of data
  (compiling source file '/pylon.cpp')
  
C:\Users\ookam\Code\survival\postal-code\pylon.cpp(496,32): warning C4244: '=': conversion from 'double' to 'int32_t', possible loss of data
  (compiling source file '/pylon.cpp')
  
C:\Users\ookam\Code\survival\postal-code\pylon.cpp(497,32): warning C4244: '=': conversion from 'double' to 'int32_t', possible loss of data
  (compiling source file '/pylon.cpp')
  
C:\Users\ookam\Code\survival\postal-code\pylon.cpp(534,25): warning C4244: '=': conversion from 'double' to 'int16_t', possible loss of data
  (compiling source file '/pylon.cpp')
  
C:\Users\ookam\Code\survival\postal-code\pylon.cpp(558,3): warning C4244: 'argument': conversion from 'double' to 'int16_t', possible loss of data
  (compiling source file '/pylon.cpp')
  
C:\Users\ookam\Code\survival\postal-code\pylon.cpp(557,3): warning C4244: 'argument': conversion from 'double' to 'int16_t', possible loss of data
  (compiling source file '/pylon.cpp')
  
C:\Users\ookam\Code\survival\postal-code\pylon.cpp(556,3): warning C4244: 'argument': conversion from 'double' to 'int16_t', possible loss of data
  (compiling source file '/pylon.cpp')
  
  rocket.cpp
C:\Users\ookam\Code\survival\postal-code\rocket.cpp(178,9): warning C4603: 'ROCKET_CPP': macro is not defined or definition is different after precompiled header use
  (compiling source file '/rocket.cpp')
      C:\Users\ookam\Code\survival\postal-code\rocket.cpp(178,9):
      Add macro to precompiled header instead of defining here
      C:\Users\ookam\Code\survival\postal-code\rocket.cpp(180,1):
      use of precompiled header
  
C:\Users\ookam\Code\survival\postal-code\settings.h(41,4): warning C4091: 'typedef ': ignored on left of 'CSettings::<unnamed-enum-MemFileSize>' when no variable is declared
  (compiling source file '/rocket.cpp')
  
C:\Users\ookam\Code\survival\postal-code\WishPiX\Prefs\prefline.h(56,16): warning C4091: 'typedef ': ignored on left of 'RPrefsLine::ePrefsLineType' when no variable is declared
  (compiling source file '/rocket.cpp')
  
C:\Users\ookam\Code\survival\postal-code\WishPiX\Prefs\prefs.h(47,16): warning C4091: 'typedef ': ignored on left of 'RPrefs::ePrefs' when no variable is declared
  (compiling source file '/rocket.cpp')
  
C:\Users\ookam\Code\survival\postal-code\StockPile.h(94,4): warning C4091: 'typedef ': ignored on left of 'CStockPile::<unnamed-enum-Bullets>' when no variable is declared
  (compiling source file '/rocket.cpp')
  
C:\Users\ookam\Code\survival\postal-code\sprites.h(110,4): warning C4091: 'typedef ': ignored on left of 'CSprite::<unnamed-enum-InAlpha>' when no variable is declared
  (compiling source file '/rocket.cpp')
  
C:\Users\ookam\Code\survival\postal-code\sprites.h(126,4): warning C4091: 'typedef ': ignored on left of 'CSprite::<unnamed-enum-OutRendered>' when no variable is declared
  (compiling source file '/rocket.cpp')
  
C:\Users\ookam\Code\survival\postal-code\sprites.h(132,4): warning C4091: 'typedef ': ignored on left of 'CSprite::<unnamed-enum-PrivInserted>' when no variable is declared
  (compiling source file '/rocket.cpp')
  
C:\Users\ookam\Code\survival\postal-code\thing.h(385,4): warning C4091: 'typedef ': ignored on left of 'CThing::<unnamed-enum-CHoodID>' when no variable is declared
  (compiling source file '/rocket.cpp')
  
C:\Users\ookam\Code\survival\postal-code\realm.h(504,4): warning C4091: 'typedef ': ignored on left of 'CRealm::<unnamed-enum-Standard>' when no variable is declared
  (compiling source file '/rocket.cpp')
  
C:\Users\ookam\Code\survival\postal-code\weapon.h(95,2): warning C4091: 'typedef ': ignored on left of 'CWeapon::<unnamed-enum-State_Idle>' when no variable is declared
  (compiling source file '/rocket.cpp')
  
C:\Users\ookam\Code\survival\postal-code\character.h(460,32): warning C4244: 'argument': conversion from 'double' to 'int16_t', possible loss of data
  (compiling source file '/rocket.cpp')
  
C:\Users\ookam\Code\survival\postal-code\character.h(460,19): warning C4244: 'argument': conversion from 'double' to 'int16_t', possible loss of data
  (compiling source file '/rocket.cpp')
  
C:\Users\ookam\Code\survival\postal-code\fire.h(101,2): warning C4091: 'typedef ': ignored on left of 'CFire::<unnamed-enum-LargeFire>' when no variable is declared
  (compiling source file '/rocket.cpp')
  
C:\Users\ookam\Code\survival\postal-code\rocket.cpp(360,35): warning C4244: 'argument': conversion from 'double' to 'float', possible loss of data
  (compiling source file '/rocket.cpp')
  
C:\Users\ookam\Code\survival\postal-code\rocket.cpp(360,29): warning C4244: 'argument': conversion from 'double' to 'float', possible loss of data
  (compiling source file '/rocket.cpp')
  
C:\Users\ookam\Code\survival\postal-code\rocket.cpp(360,23): warning C4244: 'argument': conversion from 'double' to 'float', possible loss of data
  (compiling source file '/rocket.cpp')
  
C:\Users\ookam\Code\survival\postal-code\rocket.cpp(538,35): warning C4244: 'argument': conversion from 'double' to 'int16_t', possible loss of data
  (compiling source file '/rocket.cpp')
  
C:\Users\ookam\Code\survival\postal-code\rocket.cpp(538,29): warning C4244: 'argument': conversion from 'double' to 'int16_t', possible loss of data
  (compiling source file '/rocket.cpp')
  
C:\Users\ookam\Code\survival\postal-code\rocket.cpp(538,21): warning C4244: 'argument': conversion from 'double' to 'int16_t', possible loss of data
  (compiling source file '/rocket.cpp')
  
C:\Users\ookam\Code\survival\postal-code\rocket.cpp(544,64): warning C4244: 'argument': conversion from 'double' to 'float', possible loss of data
  (compiling source file '/rocket.cpp')
  
C:\Users\ookam\Code\survival\postal-code\rocket.cpp(544,58): warning C4244: 'argument': conversion from 'double' to 'float', possible loss of data
  (compiling source file '/rocket.cpp')
  
C:\Users\ookam\Code\survival\postal-code\rocket.cpp(544,52): warning C4244: 'argument': conversion from 'double' to 'float', possible loss of data
  (compiling source file '/rocket.cpp')
  
C:\Users\ookam\Code\survival\postal-code\rocket.cpp(572,35): warning C4244: 'argument': conversion from 'double' to 'int16_t', possible loss of data
  (compiling source file '/rocket.cpp')
  
C:\Users\ookam\Code\survival\postal-code\rocket.cpp(572,29): warning C4244: 'argument': conversion from 'double' to 'int16_t', possible loss of data
  (compiling source file '/rocket.cpp')
  
C:\Users\ookam\Code\survival\postal-code\rocket.cpp(572,21): warning C4244: 'argument': conversion from 'double' to 'int16_t', possible loss of data
  (compiling source file '/rocket.cpp')
  
C:\Users\ookam\Code\survival\postal-code\rocket.cpp(581,64): warning C4244: 'argument': conversion from 'double' to 'float', possible loss of data
  (compiling source file '/rocket.cpp')
  
C:\Users\ookam\Code\survival\postal-code\rocket.cpp(581,58): warning C4244: 'argument': conversion from 'double' to 'float', possible loss of data
  (compiling source file '/rocket.cpp')
  
C:\Users\ookam\Code\survival\postal-code\rocket.cpp(581,52): warning C4244: 'argument': conversion from 'double' to 'float', possible loss of data
  (compiling source file '/rocket.cpp')
  
C:\Users\ookam\Code\survival\postal-code\rocket.cpp(595,49): warning C4244: 'argument': conversion from 'double' to 'int16_t', possible loss of data
  (compiling source file '/rocket.cpp')
  
C:\Users\ookam\Code\survival\postal-code\rocket.cpp(595,33): warning C4244: 'argument': conversion from 'T' to 'int16_t', possible loss of data
C:\Users\ookam\Code\survival\postal-code\rocket.cpp(595,33): warning C4244:         with
C:\Users\ookam\Code\survival\postal-code\rocket.cpp(595,33): warning C4244:         [
C:\Users\ookam\Code\survival\postal-code\rocket.cpp(595,33): warning C4244:             T=double
C:\Users\ookam\Code\survival\postal-code\rocket.cpp(595,33): warning C4244:         ]
  (compiling source file '/rocket.cpp')
  
C:\Users\ookam\Code\survival\postal-code\rocket.cpp(595,24): warning C4244: 'argument': conversion from 'double' to 'int16_t', possible loss of data
  (compiling source file '/rocket.cpp')
  
C:\Users\ookam\Code\survival\postal-code\rocket.cpp(600,36): warning C4244: 'argument': conversion from 'double' to 'float', possible loss of data
  (compiling source file '/rocket.cpp')
  
C:\Users\ookam\Code\survival\postal-code\rocket.cpp(600,30): warning C4244: 'argument': conversion from 'double' to 'float', possible loss of data
  (compiling source file '/rocket.cpp')
  
C:\Users\ookam\Code\survival\postal-code\rocket.cpp(600,24): warning C4244: 'argument': conversion from 'double' to 'float', possible loss of data
  (compiling source file '/rocket.cpp')
  
C:\Users\ookam\Code\survival\postal-code\rocket.cpp(610,67): warning C4244: 'argument': conversion from 'double' to 'int16_t', possible loss of data
  (compiling source file '/rocket.cpp')
  
C:\Users\ookam\Code\survival\postal-code\rocket.cpp(610,53): warning C4244: 'argument': conversion from 'double' to 'int16_t', possible loss of data
  (compiling source file '/rocket.cpp')
  
C:\Users\ookam\Code\survival\postal-code\rocket.cpp(610,30): warning C4244: 'argument': conversion from 'double' to 'int16_t', possible loss of data
  (compiling source file '/rocket.cpp')
  
C:\Users\ookam\Code\survival\postal-code\rocket.cpp(621,33): warning C4244: '=': conversion from 'double' to 'int32_t', possible loss of data
  (compiling source file '/rocket.cpp')
  
C:\Users\ookam\Code\survival\postal-code\rocket.cpp(622,33): warning C4244: '=': conversion from 'double' to 'int32_t', possible loss of data
  (compiling source file '/rocket.cpp')
  
C:\Users\ookam\Code\survival\postal-code\rocket.cpp(623,33): warning C4244: '=': conversion from 'double' to 'int32_t', possible loss of data
  (compiling source file '/rocket.cpp')
  
C:\Users\ookam\Code\survival\postal-code\rocket.cpp(651,23): warning C4244: 'argument': conversion from 'double' to 'int16_t', possible loss of data
  (compiling source file '/rocket.cpp')
  
C:\Users\ookam\Code\survival\postal-code\rocket.cpp(668,26): warning C4244: '=': conversion from 'double' to 'int16_t', possible loss of data
  (compiling source file '/rocket.cpp')
  
C:\Users\ookam\Code\survival\postal-code\rocket.cpp(721,20): warning C4244: '=': conversion from 'double' to 'int16_t', possible loss of data
  (compiling source file '/rocket.cpp')
  
  sentry.cpp
C:\Users\ookam\Code\survival\postal-code\sentry.cpp(95,9): warning C4603: 'SENTRY_CPP': macro is not defined or definition is different after precompiled header use
  (compiling source file '/sentry.cpp')
      C:\Users\ookam\Code\survival\postal-code\sentry.cpp(95,9):
      Add macro to precompiled header instead of defining here
      C:\Users\ookam\Code\survival\postal-code\sentry.cpp(97,1):
      use of precompiled header
  
C:\Users\ookam\Code\survival\postal-code\settings.h(41,4): warning C4091: 'typedef ': ignored on left of 'CSettings::<unnamed-enum-MemFileSize>' when no variable is declared
  (compiling source file '/sentry.cpp')
  
C:\Users\ookam\Code\survival\postal-code\WishPiX\Prefs\prefline.h(56,16): warning C4091: 'typedef ': ignored on left of 'RPrefsLine::ePrefsLineType' when no variable is declared
  (compiling source file '/sentry.cpp')
  
C:\Users\ookam\Code\survival\postal-code\WishPiX\Prefs\prefs.h(47,16): warning C4091: 'typedef ': ignored on left of 'RPrefs::ePrefs' when no variable is declared
  (compiling source file '/sentry.cpp')
  
C:\Users\ookam\Code\survival\postal-code\StockPile.h(94,4): warning C4091: 'typedef ': ignored on left of 'CStockPile::<unnamed-enum-Bullets>' when no variable is declared
  (compiling source file '/sentry.cpp')
  
C:\Users\ookam\Code\survival\postal-code\sprites.h(110,4): warning C4091: 'typedef ': ignored on left of 'CSprite::<unnamed-enum-InAlpha>' when no variable is declared
  (compiling source file '/sentry.cpp')
  
C:\Users\ookam\Code\survival\postal-code\sprites.h(126,4): warning C4091: 'typedef ': ignored on left of 'CSprite::<unnamed-enum-OutRendered>' when no variable is declared
  (compiling source file '/sentry.cpp')
  
C:\Users\ookam\Code\survival\postal-code\sprites.h(132,4): warning C4091: 'typedef ': ignored on left of 'CSprite::<unnamed-enum-PrivInserted>' when no variable is declared
  (compiling source file '/sentry.cpp')
  
C:\Users\ookam\Code\survival\postal-code\thing.h(385,4): warning C4091: 'typedef ': ignored on left of 'CThing::<unnamed-enum-CHoodID>' when no variable is declared
  (compiling source file '/sentry.cpp')
  
C:\Users\ookam\Code\survival\postal-code\realm.h(504,4): warning C4091: 'typedef ': ignored on left of 'CRealm::<unnamed-enum-Standard>' when no variable is declared
  (compiling source file '/sentry.cpp')
  
C:\Users\ookam\Code\survival\postal-code\bouy.h(404,5): warning C4996: 'sprintf': This function or variable may be unsafe. Consider using sprintf_s instead. To disable deprecation, use _CRT_SECURE_NO_WARNINGS. See online help for details.
  (compiling source file '/sentry.cpp')
  
C:\Users\ookam\Code\survival\postal-code\weapon.h(95,2): warning C4091: 'typedef ': ignored on left of 'CWeapon::<unnamed-enum-State_Idle>' when no variable is declared
  (compiling source file '/sentry.cpp')
  
C:\Users\ookam\Code\survival\postal-code\character.h(460,32): warning C4244: 'argument': conversion from 'double' to 'int16_t', possible loss of data
  (compiling source file '/sentry.cpp')
  
C:\Users\ookam\Code\survival\postal-code\character.h(460,19): warning C4244: 'argument': conversion from 'double' to 'int16_t', possible loss of data
  (compiling source file '/sentry.cpp')
  
C:\Users\ookam\Code\survival\postal-code\sentry.cpp(377,32): warning C4244: 'argument': conversion from 'double' to 'int16_t', possible loss of data
  (compiling source file '/sentry.cpp')
  
C:\Users\ookam\Code\survival\postal-code\sentry.cpp(377,22): warning C4244: 'argument': conversion from 'double' to 'int16_t', possible loss of data
  (compiling source file '/sentry.cpp')
  
C:\Users\ookam\Code\survival\postal-code\sentry.cpp(389,24): warning C4244: 'argument': conversion from 'double' to 'int16_t', possible loss of data
  (compiling source file '/sentry.cpp')
  
C:\Users\ookam\Code\survival\postal-code\sentry.cpp(390,24): warning C4244: 'argument': conversion from 'double' to 'int16_t', possible loss of data
  (compiling source file '/sentry.cpp')
  
C:\Users\ookam\Code\survival\postal-code\sentry.cpp(396,22): warning C4244: 'argument': conversion from 'double' to 'int16_t', possible loss of data
  (compiling source file '/sentry.cpp')
  
C:\Users\ookam\Code\survival\postal-code\sentry.cpp(396,12): warning C4244: 'argument': conversion from 'double' to 'int16_t', possible loss of data
  (compiling source file '/sentry.cpp')
  
C:\Users\ookam\Code\survival\postal-code\sentry.cpp(399,30): warning C4244: '=': conversion from 'double' to 'int16_t', possible loss of data
  (compiling source file '/sentry.cpp')
  
C:\Users\ookam\Code\survival\postal-code\sentry.cpp(600,35): warning C4244: '=': conversion from 'double' to 'int32_t', possible loss of data
  (compiling source file '/sentry.cpp')
  
C:\Users\ookam\Code\survival\postal-code\sentry.cpp(601,35): warning C4244: '=': conversion from 'double' to 'int32_t', possible loss of data
  (compiling source file '/sentry.cpp')
  
C:\Users\ookam\Code\survival\postal-code\sentry.cpp(602,35): warning C4244: '=': conversion from 'double' to 'int32_t', possible loss of data
  (compiling source file '/sentry.cpp')
  
C:\Users\ookam\Code\survival\postal-code\sentry.cpp(619,40): warning C4244: 'argument': conversion from 'double' to 'int16_t', possible loss of data
  (compiling source file '/sentry.cpp')
  
C:\Users\ookam\Code\survival\postal-code\sentry.cpp(620,48): warning C4244: 'argument': conversion from 'double' to 'int16_t', possible loss of data
  (compiling source file '/sentry.cpp')
  
C:\Users\ookam\Code\survival\postal-code\sentry.cpp(633,46): warning C4244: 'argument': conversion from 'double' to 'int16_t', possible loss of data
  (compiling source file '/sentry.cpp')
  
C:\Users\ookam\Code\survival\postal-code\sentry.cpp(639,46): warning C4244: 'argument': conversion from 'double' to 'int16_t', possible loss of data
  (compiling source file '/sentry.cpp')
  
C:\Users\ookam\Code\survival\postal-code\sentry.cpp(645,50): warning C4244: '=': conversion from 'double' to 'int32_t', possible loss of data
  (compiling source file '/sentry.cpp')
  
C:\Users\ookam\Code\survival\postal-code\sentry.cpp(832,3): warning C4244: 'argument': conversion from 'double' to 'int16_t', possible loss of data
  (compiling source file '/sentry.cpp')
  
C:\Users\ookam\Code\survival\postal-code\sentry.cpp(831,3): warning C4244: 'argument': conversion from 'double' to 'int16_t', possible loss of data
  (compiling source file '/sentry.cpp')
  
C:\Users\ookam\Code\survival\postal-code\sentry.cpp(830,3): warning C4244: 'argument': conversion from 'double' to 'int16_t', possible loss of data
  (compiling source file '/sentry.cpp')
  
C:\Users\ookam\Code\survival\postal-code\sentry.cpp(1052,3): warning C4244: 'argument': conversion from 'double' to 'int16_t', possible loss of data
  (compiling source file '/sentry.cpp')
  
C:\Users\ookam\Code\survival\postal-code\sentry.cpp(1051,8): warning C4244: 'argument': conversion from 'double' to 'int16_t', possible loss of data
  (compiling source file '/sentry.cpp')
  
C:\Users\ookam\Code\survival\postal-code\sentry.cpp(1050,3): warning C4244: 'argument': conversion from 'double' to 'int16_t', possible loss of data
  (compiling source file '/sentry.cpp')
  
  SndRelay.cpp
C:\Users\ookam\Code\survival\postal-code\SndRelay.cpp(37,9): warning C4603: 'SNDRELAY_CPP': macro is not defined or definition is different after precompiled header use
  (compiling source file '/SndRelay.cpp')
      C:\Users\ookam\Code\survival\postal-code\SndRelay.cpp(37,9):
      Add macro to precompiled header instead of defining here
      C:\Users\ookam\Code\survival\postal-code\SndRelay.cpp(39,1):
      use of precompiled header
  
C:\Users\ookam\Code\survival\postal-code\settings.h(41,4): warning C4091: 'typedef ': ignored on left of 'CSettings::<unnamed-enum-MemFileSize>' when no variable is declared
  (compiling source file '/SndRelay.cpp')
  
C:\Users\ookam\Code\survival\postal-code\WishPiX\Prefs\prefline.h(56,16): warning C4091: 'typedef ': ignored on left of 'RPrefsLine::ePrefsLineType' when no variable is declared
  (compiling source file '/SndRelay.cpp')
  
C:\Users\ookam\Code\survival\postal-code\WishPiX\Prefs\prefs.h(47,16): warning C4091: 'typedef ': ignored on left of 'RPrefs::ePrefs' when no variable is declared
  (compiling source file '/SndRelay.cpp')
  
C:\Users\ookam\Code\survival\postal-code\StockPile.h(94,4): warning C4091: 'typedef ': ignored on left of 'CStockPile::<unnamed-enum-Bullets>' when no variable is declared
  (compiling source file '/SndRelay.cpp')
  
C:\Users\ookam\Code\survival\postal-code\sprites.h(110,4): warning C4091: 'typedef ': ignored on left of 'CSprite::<unnamed-enum-InAlpha>' when no variable is declared
  (compiling source file '/SndRelay.cpp')
  
C:\Users\ookam\Code\survival\postal-code\sprites.h(126,4): warning C4091: 'typedef ': ignored on left of 'CSprite::<unnamed-enum-OutRendered>' when no variable is declared
  (compiling source file '/SndRelay.cpp')
  
C:\Users\ookam\Code\survival\postal-code\sprites.h(132,4): warning C4091: 'typedef ': ignored on left of 'CSprite::<unnamed-enum-PrivInserted>' when no variable is declared
  (compiling source file '/SndRelay.cpp')
  
C:\Users\ookam\Code\survival\postal-code\thing.h(385,4): warning C4091: 'typedef ': ignored on left of 'CThing::<unnamed-enum-CHoodID>' when no variable is declared
  (compiling source file '/SndRelay.cpp')
  
C:\Users\ookam\Code\survival\postal-code\realm.h(504,4): warning C4091: 'typedef ': ignored on left of 'CRealm::<unnamed-enum-Standard>' when no variable is declared
  (compiling source file '/SndRelay.cpp')
  
C:\Users\ookam\Code\survival\postal-code\SndRelay.cpp(242,61): warning C4244: 'argument': conversion from 'int32_t' to 'float', possible loss of data
  (compiling source file '/SndRelay.cpp')
  
C:\Users\ookam\Code\survival\postal-code\SndRelay.cpp(242,52): warning C4244: 'argument': conversion from 'double' to 'float', possible loss of data
  (compiling source file '/SndRelay.cpp')
  
C:\Users\ookam\Code\survival\postal-code\SndRelay.cpp(242,46): warning C4244: 'argument': conversion from 'double' to 'float', possible loss of data
  (compiling source file '/SndRelay.cpp')
  
C:\Users\ookam\Code\survival\postal-code\SndRelay.cpp(242,40): warning C4244: 'argument': conversion from 'double' to 'float', possible loss of data
  (compiling source file '/SndRelay.cpp')
  
C:\Users\ookam\Code\survival\postal-code\SndRelay.cpp(333,75): warning C4244: 'argument': conversion from 'U64' to 'int32_t', possible loss of data
  (compiling source file '/SndRelay.cpp')
  
C:\Users\ookam\Code\survival\postal-code\SndRelay.cpp(430,3): warning C4244: 'argument': conversion from 'double' to 'int16_t', possible loss of data
  (compiling source file '/SndRelay.cpp')
  
C:\Users\ookam\Code\survival\postal-code\SndRelay.cpp(429,3): warning C4244: 'argument': conversion from 'double' to 'int16_t', possible loss of data
  (compiling source file '/SndRelay.cpp')
  
C:\Users\ookam\Code\survival\postal-code\SndRelay.cpp(428,3): warning C4244: 'argument': conversion from 'double' to 'int16_t', possible loss of data
  (compiling source file '/SndRelay.cpp')
  
C:\Users\ookam\Code\survival\postal-code\SndRelay.cpp(486,3): warning C4244: 'argument': conversion from 'double' to 'int16_t', possible loss of data
  (compiling source file '/SndRelay.cpp')
  
C:\Users\ookam\Code\survival\postal-code\SndRelay.cpp(485,3): warning C4244: 'argument': conversion from 'double' to 'int16_t', possible loss of data
  (compiling source file '/SndRelay.cpp')
  
C:\Users\ookam\Code\survival\postal-code\SndRelay.cpp(484,3): warning C4244: 'argument': conversion from 'double' to 'int16_t', possible loss of data
  (compiling source file '/SndRelay.cpp')
  
C:\Users\ookam\Code\survival\postal-code\SndRelay.cpp(491,25): warning C4244: '=': conversion from 'double' to 'int16_t', possible loss of data
  (compiling source file '/SndRelay.cpp')
  
  SoundThing.cpp
C:\Users\ookam\Code\survival\postal-code\SoundThing.cpp(102,9): warning C4603: 'SOUNDTHING_CPP': macro is not defined or definition is different after precompiled header use
  (compiling source file '/SoundThing.cpp')
      C:\Users\ookam\Code\survival\postal-code\SoundThing.cpp(102,9):
      Add macro to precompiled header instead of defining here
      C:\Users\ookam\Code\survival\postal-code\SoundThing.cpp(104,1):
      use of precompiled header
  
C:\Users\ookam\Code\survival\postal-code\settings.h(41,4): warning C4091: 'typedef ': ignored on left of 'CSettings::<unnamed-enum-MemFileSize>' when no variable is declared
  (compiling source file '/SoundThing.cpp')
  
C:\Users\ookam\Code\survival\postal-code\WishPiX\Prefs\prefline.h(56,16): warning C4091: 'typedef ': ignored on left of 'RPrefsLine::ePrefsLineType' when no variable is declared
  (compiling source file '/SoundThing.cpp')
  
C:\Users\ookam\Code\survival\postal-code\WishPiX\Prefs\prefs.h(47,16): warning C4091: 'typedef ': ignored on left of 'RPrefs::ePrefs' when no variable is declared
  (compiling source file '/SoundThing.cpp')
  
C:\Users\ookam\Code\survival\postal-code\StockPile.h(94,4): warning C4091: 'typedef ': ignored on left of 'CStockPile::<unnamed-enum-Bullets>' when no variable is declared
  (compiling source file '/SoundThing.cpp')
  
C:\Users\ookam\Code\survival\postal-code\sprites.h(110,4): warning C4091: 'typedef ': ignored on left of 'CSprite::<unnamed-enum-InAlpha>' when no variable is declared
  (compiling source file '/SoundThing.cpp')
  
C:\Users\ookam\Code\survival\postal-code\sprites.h(126,4): warning C4091: 'typedef ': ignored on left of 'CSprite::<unnamed-enum-OutRendered>' when no variable is declared
  (compiling source file '/SoundThing.cpp')
  
C:\Users\ookam\Code\survival\postal-code\sprites.h(132,4): warning C4091: 'typedef ': ignored on left of 'CSprite::<unnamed-enum-PrivInserted>' when no variable is declared
  (compiling source file '/SoundThing.cpp')
  
C:\Users\ookam\Code\survival\postal-code\thing.h(385,4): warning C4091: 'typedef ': ignored on left of 'CThing::<unnamed-enum-CHoodID>' when no variable is declared
  (compiling source file '/SoundThing.cpp')
  
C:\Users\ookam\Code\survival\postal-code\realm.h(504,4): warning C4091: 'typedef ': ignored on left of 'CRealm::<unnamed-enum-Standard>' when no variable is declared
  (compiling source file '/SoundThing.cpp')
  
C:\Users\ookam\Code\survival\postal-code\SoundThing.cpp(381,42): warning C4244: 'argument': conversion from 'int32_t' to 'float', possible loss of data
  (compiling source file '/SoundThing.cpp')
  
C:\Users\ookam\Code\survival\postal-code\SoundThing.cpp(381,36): warning C4244: 'argument': conversion from 'double' to 'float', possible loss of data
  (compiling source file '/SoundThing.cpp')
  
C:\Users\ookam\Code\survival\postal-code\SoundThing.cpp(381,30): warning C4244: 'argument': conversion from 'double' to 'float', possible loss of data
  (compiling source file '/SoundThing.cpp')
  
C:\Users\ookam\Code\survival\postal-code\SoundThing.cpp(381,24): warning C4244: 'argument': conversion from 'double' to 'float', possible loss of data
  (compiling source file '/SoundThing.cpp')
  
C:\Users\ookam\Code\survival\postal-code\SoundThing.cpp(454,51): warning C4244: 'argument': conversion from 'int32_t' to 'float', possible loss of data
  (compiling source file '/SoundThing.cpp')
  
C:\Users\ookam\Code\survival\postal-code\SoundThing.cpp(454,45): warning C4244: 'argument': conversion from 'double' to 'float', possible loss of data
  (compiling source file '/SoundThing.cpp')
  
C:\Users\ookam\Code\survival\postal-code\SoundThing.cpp(454,39): warning C4244: 'argument': conversion from 'double' to 'float', possible loss of data
  (compiling source file '/SoundThing.cpp')
  
C:\Users\ookam\Code\survival\postal-code\SoundThing.cpp(454,33): warning C4244: 'argument': conversion from 'double' to 'float', possible loss of data
  (compiling source file '/SoundThing.cpp')
  
C:\Users\ookam\Code\survival\postal-code\SoundThing.cpp(558,75): warning C4244: 'argument': conversion from 'U64' to 'int32_t', possible loss of data
  (compiling source file '/SoundThing.cpp')
  
C:\Users\ookam\Code\survival\postal-code\SoundThing.cpp(574,60): warning C4244: 'argument': conversion from 'U64' to 'int32_t', possible loss of data
  (compiling source file '/SoundThing.cpp')
  
C:\Users\ookam\Code\survival\postal-code\SoundThing.cpp(578,3): warning C4996: 'sprintf': This function or variable may be unsafe. Consider using sprintf_s instead. To disable deprecation, use _CRT_SECURE_NO_WARNINGS. See online help for details.
  (compiling source file '/SoundThing.cpp')
  
C:\Users\ookam\Code\survival\postal-code\SoundThing.cpp(588,3): warning C4996: 'strcpy': This function or variable may be unsafe. Consider using strcpy_s instead. To disable deprecation, use _CRT_SECURE_NO_WARNINGS. See online help for details.
  (compiling source file '/SoundThing.cpp')
  
C:\Users\ookam\Code\survival\postal-code\SoundThing.cpp(825,3): warning C4244: 'argument': conversion from 'double' to 'int16_t', possible loss of data
  (compiling source file '/SoundThing.cpp')
  
C:\Users\ookam\Code\survival\postal-code\SoundThing.cpp(824,3): warning C4244: 'argument': conversion from 'double' to 'int16_t', possible loss of data
  (compiling source file '/SoundThing.cpp')
  
C:\Users\ookam\Code\survival\postal-code\SoundThing.cpp(823,3): warning C4244: 'argument': conversion from 'double' to 'int16_t', possible loss of data
  (compiling source file '/SoundThing.cpp')
  
C:\Users\ookam\Code\survival\postal-code\SoundThing.cpp(881,3): warning C4244: 'argument': conversion from 'double' to 'int16_t', possible loss of data
  (compiling source file '/SoundThing.cpp')
  
C:\Users\ookam\Code\survival\postal-code\SoundThing.cpp(880,3): warning C4244: 'argument': conversion from 'double' to 'int16_t', possible loss of data
  (compiling source file '/SoundThing.cpp')
  
C:\Users\ookam\Code\survival\postal-code\SoundThing.cpp(879,3): warning C4244: 'argument': conversion from 'double' to 'int16_t', possible loss of data
  (compiling source file '/SoundThing.cpp')
  
C:\Users\ookam\Code\survival\postal-code\SoundThing.cpp(886,25): warning C4244: '=': conversion from 'double' to 'int16_t', possible loss of data
  (compiling source file '/SoundThing.cpp')
  
  thing.cpp
C:\Users\ookam\Code\survival\postal-code\thing.cpp(237,9): warning C4603: 'THING_CPP': macro is not defined or definition is different after precompiled header use
  (compiling source file '/thing.cpp')
      C:\Users\ookam\Code\survival\postal-code\thing.cpp(237,9):
      Add macro to precompiled header instead of defining here
      C:\Users\ookam\Code\survival\postal-code\thing.cpp(239,1):
      use of precompiled header
  
C:\Users\ookam\Code\survival\postal-code\settings.h(41,4): warning C4091: 'typedef ': ignored on left of 'CSettings::<unnamed-enum-MemFileSize>' when no variable is declared
  (compiling source file '/thing.cpp')
  
C:\Users\ookam\Code\survival\postal-code\WishPiX\Prefs\prefline.h(56,16): warning C4091: 'typedef ': ignored on left of 'RPrefsLine::ePrefsLineType' when no variable is declared
  (compiling source file '/thing.cpp')
  
C:\Users\ookam\Code\survival\postal-code\WishPiX\Prefs\prefs.h(47,16): warning C4091: 'typedef ': ignored on left of 'RPrefs::ePrefs' when no variable is declared
  (compiling source file '/thing.cpp')
  
C:\Users\ookam\Code\survival\postal-code\StockPile.h(94,4): warning C4091: 'typedef ': ignored on left of 'CStockPile::<unnamed-enum-Bullets>' when no variable is declared
  (compiling source file '/thing.cpp')
  
C:\Users\ookam\Code\survival\postal-code\sprites.h(110,4): warning C4091: 'typedef ': ignored on left of 'CSprite::<unnamed-enum-InAlpha>' when no variable is declared
  (compiling source file '/thing.cpp')
  
C:\Users\ookam\Code\survival\postal-code\sprites.h(126,4): warning C4091: 'typedef ': ignored on left of 'CSprite::<unnamed-enum-OutRendered>' when no variable is declared
  (compiling source file '/thing.cpp')
  
C:\Users\ookam\Code\survival\postal-code\sprites.h(132,4): warning C4091: 'typedef ': ignored on left of 'CSprite::<unnamed-enum-PrivInserted>' when no variable is declared
  (compiling source file '/thing.cpp')
  
C:\Users\ookam\Code\survival\postal-code\thing.h(385,4): warning C4091: 'typedef ': ignored on left of 'CThing::<unnamed-enum-CHoodID>' when no variable is declared
  (compiling source file '/thing.cpp')
  
C:\Users\ookam\Code\survival\postal-code\realm.h(504,4): warning C4091: 'typedef ': ignored on left of 'CRealm::<unnamed-enum-Standard>' when no variable is declared
  (compiling source file '/thing.cpp')
  
C:\Users\ookam\Code\survival\postal-code\weapon.h(95,2): warning C4091: 'typedef ': ignored on left of 'CWeapon::<unnamed-enum-State_Idle>' when no variable is declared
  (compiling source file '/thing.cpp')
  
C:\Users\ookam\Code\survival\postal-code\character.h(460,32): warning C4244: 'argument': conversion from 'double' to 'int16_t', possible loss of data
  (compiling source file '/thing.cpp')
  
C:\Users\ookam\Code\survival\postal-code\character.h(460,19): warning C4244: 'argument': conversion from 'double' to 'int16_t', possible loss of data
  (compiling source file '/thing.cpp')
  
C:\Users\ookam\Code\survival\postal-code\bouy.h(404,5): warning C4996: 'sprintf': This function or variable may be unsafe. Consider using sprintf_s instead. To disable deprecation, use _CRT_SECURE_NO_WARNINGS. See online help for details.
  (compiling source file '/thing.cpp')
  
C:\Users\ookam\Code\survival\postal-code\fire.h(101,2): warning C4091: 'typedef ': ignored on left of 'CFire::<unnamed-enum-LargeFire>' when no variable is declared
  (compiling source file '/thing.cpp')
  
C:\Users\ookam\Code\survival\postal-code\mine.h(82,2): warning C4091: 'typedef ': ignored on left of 'CMine::<unnamed-enum-ProximityMine>' when no variable is declared
  (compiling source file '/thing.cpp')
  
C:\Users\ookam\Code\survival\postal-code\logtab.h(452,4): warning C4091: 'typedef ': ignored on left of 'CLogTab<usertype>::<unnamed-enum-MaxVars>' when no variable is declared
  (compiling source file '/thing.cpp')
      C:\Users\ookam\Code\survival\postal-code\logtab.h(452,4):
      the template instantiation context (the oldest one first) is
          C:\Users\ookam\Code\survival\postal-code\logtab.h(445,7):
          while compiling class template 'CLogTab'
  
C:\Users\ookam\Code\survival\postal-code\heatseeker.h(242,32): warning C4244: 'argument': conversion from 'double' to 'int16_t', possible loss of data
  (compiling source file '/thing.cpp')
  
C:\Users\ookam\Code\survival\postal-code\heatseeker.h(242,19): warning C4244: 'argument': conversion from 'double' to 'int16_t', possible loss of data
  (compiling source file '/thing.cpp')
  
  Thing3d.cpp
C:\Users\ookam\Code\survival\postal-code\Thing3d.cpp(206,9): warning C4603: 'THING3D_CPP': macro is not defined or definition is different after precompiled header use
  (compiling source file '/Thing3d.cpp')
      C:\Users\ookam\Code\survival\postal-code\Thing3d.cpp(206,9):
      Add macro to precompiled header instead of defining here
      C:\Users\ookam\Code\survival\postal-code\Thing3d.cpp(208,1):
      use of precompiled header
  
C:\Users\ookam\Code\survival\postal-code\settings.h(41,4): warning C4091: 'typedef ': ignored on left of 'CSettings::<unnamed-enum-MemFileSize>' when no variable is declared
  (compiling source file '/Thing3d.cpp')
  
C:\Users\ookam\Code\survival\postal-code\WishPiX\Prefs\prefline.h(56,16): warning C4091: 'typedef ': ignored on left of 'RPrefsLine::ePrefsLineType' when no variable is declared
  (compiling source file '/Thing3d.cpp')
  
C:\Users\ookam\Code\survival\postal-code\WishPiX\Prefs\prefs.h(47,16): warning C4091: 'typedef ': ignored on left of 'RPrefs::ePrefs' when no variable is declared
  (compiling source file '/Thing3d.cpp')
  
C:\Users\ookam\Code\survival\postal-code\StockPile.h(94,4): warning C4091: 'typedef ': ignored on left of 'CStockPile::<unnamed-enum-Bullets>' when no variable is declared
  (compiling source file '/Thing3d.cpp')
  
C:\Users\ookam\Code\survival\postal-code\sprites.h(110,4): warning C4091: 'typedef ': ignored on left of 'CSprite::<unnamed-enum-InAlpha>' when no variable is declared
  (compiling source file '/Thing3d.cpp')
  
C:\Users\ookam\Code\survival\postal-code\sprites.h(126,4): warning C4091: 'typedef ': ignored on left of 'CSprite::<unnamed-enum-OutRendered>' when no variable is declared
  (compiling source file '/Thing3d.cpp')
  
C:\Users\ookam\Code\survival\postal-code\sprites.h(132,4): warning C4091: 'typedef ': ignored on left of 'CSprite::<unnamed-enum-PrivInserted>' when no variable is declared
  (compiling source file '/Thing3d.cpp')
  
C:\Users\ookam\Code\survival\postal-code\thing.h(385,4): warning C4091: 'typedef ': ignored on left of 'CThing::<unnamed-enum-CHoodID>' when no variable is declared
  (compiling source file '/Thing3d.cpp')
  
C:\Users\ookam\Code\survival\postal-code\realm.h(504,4): warning C4091: 'typedef ': ignored on left of 'CRealm::<unnamed-enum-Standard>' when no variable is declared
  (compiling source file '/Thing3d.cpp')
  
C:\Users\ookam\Code\survival\postal-code\fire.h(101,2): warning C4091: 'typedef ': ignored on left of 'CFire::<unnamed-enum-LargeFire>' when no variable is declared
  (compiling source file '/Thing3d.cpp')
  
C:\Users\ookam\Code\survival\postal-code\Thing3d.cpp(596,28): warning C4244: 'argument': conversion from 'double' to 'int16_t', possible loss of data
  (compiling source file '/Thing3d.cpp')
  
C:\Users\ookam\Code\survival\postal-code\Thing3d.cpp(596,22): warning C4244: 'argument': conversion from 'double' to 'int16_t', possible loss of data
  (compiling source file '/Thing3d.cpp')
  
C:\Users\ookam\Code\survival\postal-code\Thing3d.cpp(607,37): warning C4244: 'argument': conversion from 'double' to 'float', possible loss of data
  (compiling source file '/Thing3d.cpp')
  
C:\Users\ookam\Code\survival\postal-code\Thing3d.cpp(607,27): warning C4244: 'argument': conversion from 'double' to 'float', possible loss of data
  (compiling source file '/Thing3d.cpp')
  
C:\Users\ookam\Code\survival\postal-code\Thing3d.cpp(607,17): warning C4244: 'argument': conversion from 'double' to 'float', possible loss of data
  (compiling source file '/Thing3d.cpp')
  
C:\Users\ookam\Code\survival\postal-code\Thing3d.cpp(608,24): warning C4244: 'argument': conversion from 'double' to 'int16_t', possible loss of data
  (compiling source file '/Thing3d.cpp')
  
C:\Users\ookam\Code\survival\postal-code\Thing3d.cpp(609,24): warning C4244: 'argument': conversion from 'double' to 'int16_t', possible loss of data
  (compiling source file '/Thing3d.cpp')
  
C:\Users\ookam\Code\survival\postal-code\Thing3d.cpp(618,19): warning C4244: 'argument': conversion from 'double' to 'int16_t', possible loss of data
  (compiling source file '/Thing3d.cpp')
  
C:\Users\ookam\Code\survival\postal-code\Thing3d.cpp(618,13): warning C4244: 'argument': conversion from 'double' to 'int16_t', possible loss of data
  (compiling source file '/Thing3d.cpp')
  
C:\Users\ookam\Code\survival\postal-code\Thing3d.cpp(627,26): warning C4244: '=': conversion from 'double' to 'int16_t', possible loss of data
  (compiling source file '/Thing3d.cpp')
  
C:\Users\ookam\Code\survival\postal-code\Thing3d.cpp(647,33): warning C4244: 'argument': conversion from 'double' to 'int16_t', possible loss of data
  (compiling source file '/Thing3d.cpp')
  
C:\Users\ookam\Code\survival\postal-code\Thing3d.cpp(647,29): warning C4244: 'argument': conversion from 'double' to 'int16_t', possible loss of data
  (compiling source file '/Thing3d.cpp')
  
C:\Users\ookam\Code\survival\postal-code\Thing3d.cpp(647,14): warning C4244: 'argument': conversion from 'double' to 'int16_t', possible loss of data
  (compiling source file '/Thing3d.cpp')
  
C:\Users\ookam\Code\survival\postal-code\Thing3d.cpp(762,29): warning C4244: '=': conversion from 'double' to 'int16_t', possible loss of data
  (compiling source file '/Thing3d.cpp')
  
C:\Users\ookam\Code\survival\postal-code\Thing3d.cpp(771,10): warning C4244: 'argument': conversion from 'double' to 'int16_t', possible loss of data
  (compiling source file '/Thing3d.cpp')
  
C:\Users\ookam\Code\survival\postal-code\Thing3d.cpp(770,10): warning C4244: 'argument': conversion from 'double' to 'int16_t', possible loss of data
  (compiling source file '/Thing3d.cpp')
  
C:\Users\ookam\Code\survival\postal-code\Thing3d.cpp(769,10): warning C4244: 'argument': conversion from 'double' to 'int16_t', possible loss of data
  (compiling source file '/Thing3d.cpp')
  
C:\Users\ookam\Code\survival\postal-code\Thing3d.cpp(777,25): warning C4244: 'argument': conversion from 'double' to 'int16_t', possible loss of data
  (compiling source file '/Thing3d.cpp')
  
C:\Users\ookam\Code\survival\postal-code\Thing3d.cpp(777,19): warning C4244: 'argument': conversion from 'double' to 'int16_t', possible loss of data
  (compiling source file '/Thing3d.cpp')
  
C:\Users\ookam\Code\survival\postal-code\Thing3d.cpp(777,13): warning C4244: 'argument': conversion from 'double' to 'int16_t', possible loss of data
  (compiling source file '/Thing3d.cpp')
  
C:\Users\ookam\Code\survival\postal-code\Thing3d.cpp(807,3): warning C4244: 'argument': conversion from 'double' to 'int16_t', possible loss of data
  (compiling source file '/Thing3d.cpp')
  
C:\Users\ookam\Code\survival\postal-code\Thing3d.cpp(806,3): warning C4244: 'argument': conversion from 'double' to 'int16_t', possible loss of data
  (compiling source file '/Thing3d.cpp')
  
C:\Users\ookam\Code\survival\postal-code\Thing3d.cpp(805,3): warning C4244: 'argument': conversion from 'double' to 'int16_t', possible loss of data
  (compiling source file '/Thing3d.cpp')
  
C:\Users\ookam\Code\survival\postal-code\Thing3d.cpp(868,28): warning C4244: 'argument': conversion from 'double' to 'int16_t', possible loss of data
  (compiling source file '/Thing3d.cpp')
  
C:\Users\ookam\Code\survival\postal-code\Thing3d.cpp(868,21): warning C4244: 'argument': conversion from 'double' to 'int16_t', possible loss of data
  (compiling source file '/Thing3d.cpp')
  
C:\Users\ookam\Code\survival\postal-code\Thing3d.cpp(904,30): warning C4244: 'argument': conversion from 'double' to 'int16_t', possible loss of data
  (compiling source file '/Thing3d.cpp')
  
C:\Users\ookam\Code\survival\postal-code\Thing3d.cpp(904,23): warning C4244: 'argument': conversion from 'double' to 'int16_t', possible loss of data
  (compiling source file '/Thing3d.cpp')
  
C:\Users\ookam\Code\survival\postal-code\Thing3d.cpp(1109,28): warning C4244: 'argument': conversion from 'double' to 'int16_t', possible loss of data
  (compiling source file '/Thing3d.cpp')
  
C:\Users\ookam\Code\survival\postal-code\Thing3d.cpp(1110,30): warning C4244: 'argument': conversion from 'double' to 'int16_t', possible loss of data
  (compiling source file '/Thing3d.cpp')
  
C:\Users\ookam\Code\survival\postal-code\Thing3d.cpp(1115,27): warning C4244: 'argument': conversion from 'double' to 'int16_t', possible loss of data
  (compiling source file '/Thing3d.cpp')
  
C:\Users\ookam\Code\survival\postal-code\Thing3d.cpp(1119,34): warning C4244: 'argument': conversion from 'double' to 'int16_t', possible loss of data
  (compiling source file '/Thing3d.cpp')
  
C:\Users\ookam\Code\survival\postal-code\Thing3d.cpp(1153,29): warning C4244: 'argument': conversion from 'double' to 'int16_t', possible loss of data
  (compiling source file '/Thing3d.cpp')
  
C:\Users\ookam\Code\survival\postal-code\Thing3d.cpp(1154,31): warning C4244: 'argument': conversion from 'double' to 'int16_t', possible loss of data
  (compiling source file '/Thing3d.cpp')
  
C:\Users\ookam\Code\survival\postal-code\Thing3d.cpp(1159,28): warning C4244: 'argument': conversion from 'double' to 'int16_t', possible loss of data
  (compiling source file '/Thing3d.cpp')
  
C:\Users\ookam\Code\survival\postal-code\Thing3d.cpp(1163,20): warning C4244: 'argument': conversion from 'double' to 'int16_t', possible loss of data
  (compiling source file '/Thing3d.cpp')
  
C:\Users\ookam\Code\survival\postal-code\Thing3d.cpp(1166,35): warning C4244: 'argument': conversion from 'double' to 'int16_t', possible loss of data
  (compiling source file '/Thing3d.cpp')
  
C:\Users\ookam\Code\survival\postal-code\Thing3d.cpp(1205,30): warning C4244: 'argument': conversion from 'double' to 'int16_t', possible loss of data
  (compiling source file '/Thing3d.cpp')
  
C:\Users\ookam\Code\survival\postal-code\Thing3d.cpp(1205,21): warning C4244: 'argument': conversion from 'double' to 'int16_t', possible loss of data
  (compiling source file '/Thing3d.cpp')
  
C:\Users\ookam\Code\survival\postal-code\Thing3d.cpp(1217,31): warning C4244: 'argument': conversion from 'double' to 'int16_t', possible loss of data
  (compiling source file '/Thing3d.cpp')
  
C:\Users\ookam\Code\survival\postal-code\Thing3d.cpp(1217,22): warning C4244: 'argument': conversion from 'double' to 'int16_t', possible loss of data
  (compiling source file '/Thing3d.cpp')
  
C:\Users\ookam\Code\survival\postal-code\Thing3d.cpp(1374,57): warning C4244: 'argument': conversion from 'double' to 'int16_t', possible loss of data
  (compiling source file '/Thing3d.cpp')
  
C:\Users\ookam\Code\survival\postal-code\Thing3d.cpp(1374,44): warning C4244: 'argument': conversion from 'double' to 'int16_t', possible loss of data
  (compiling source file '/Thing3d.cpp')
  
C:\Users\ookam\Code\survival\postal-code\Thing3d.cpp(1422,5): warning C4244: 'argument': conversion from 'double' to 'int16_t', possible loss of data
  (compiling source file '/Thing3d.cpp')
  
C:\Users\ookam\Code\survival\postal-code\Thing3d.cpp(1421,10): warning C4244: 'argument': conversion from 'double' to 'int16_t', possible loss of data
  (compiling source file '/Thing3d.cpp')
  
C:\Users\ookam\Code\survival\postal-code\Thing3d.cpp(1420,5): warning C4244: 'argument': conversion from 'double' to 'int16_t', possible loss of data
  (compiling source file '/Thing3d.cpp')
  
C:\Users\ookam\Code\survival\postal-code\Thing3d.cpp(1737,33): warning C4244: 'argument': conversion from 'double' to 'int16_t', possible loss of data
  (compiling source file '/Thing3d.cpp')
  
C:\Users\ookam\Code\survival\postal-code\Thing3d.cpp(1747,30): warning C4244: 'argument': conversion from 'T' to 'int32_t', possible loss of data
C:\Users\ookam\Code\survival\postal-code\Thing3d.cpp(1747,30): warning C4244:         with
C:\Users\ookam\Code\survival\postal-code\Thing3d.cpp(1747,30): warning C4244:         [
C:\Users\ookam\Code\survival\postal-code\Thing3d.cpp(1747,30): warning C4244:             T=double
C:\Users\ookam\Code\survival\postal-code\Thing3d.cpp(1747,30): warning C4244:         ]
  (compiling source file '/Thing3d.cpp')
  
C:\Users\ookam\Code\survival\postal-code\Thing3d.cpp(1748,38): warning C4244: 'argument': conversion from 'double' to 'int16_t', possible loss of data
  (compiling source file '/Thing3d.cpp')
  
C:\Users\ookam\Code\survival\postal-code\Thing3d.cpp(1748,26): warning C4244: 'argument': conversion from 'double' to 'int16_t', possible loss of data
  (compiling source file '/Thing3d.cpp')
  
C:\Users\ookam\Code\survival\postal-code\Thing3d.cpp(1831,49): warning C4244: 'argument': conversion from 'double' to 'float', possible loss of data
  (compiling source file '/Thing3d.cpp')
  
C:\Users\ookam\Code\survival\postal-code\Thing3d.cpp(1831,43): warning C4244: 'argument': conversion from 'double' to 'float', possible loss of data
  (compiling source file '/Thing3d.cpp')
  
C:\Users\ookam\Code\survival\postal-code\Thing3d.cpp(1831,37): warning C4244: 'argument': conversion from 'double' to 'float', possible loss of data
  (compiling source file '/Thing3d.cpp')
  
C:\Users\ookam\Code\survival\postal-code\Thing3d.cpp(1865,3): warning C4996: 'strcpy': This function or variable may be unsafe. Consider using strcpy_s instead. To disable deprecation, use _CRT_SECURE_NO_WARNINGS. See online help for details.
  (compiling source file '/Thing3d.cpp')
  
  trigger.cpp
C:\Users\ookam\Code\survival\postal-code\settings.h(41,4): warning C4091: 'typedef ': ignored on left of 'CSettings::<unnamed-enum-MemFileSize>' when no variable is declared
  (compiling source file '/trigger.cpp')
  
C:\Users\ookam\Code\survival\postal-code\WishPiX\Prefs\prefline.h(56,16): warning C4091: 'typedef ': ignored on left of 'RPrefsLine::ePrefsLineType' when no variable is declared
  (compiling source file '/trigger.cpp')
  
C:\Users\ookam\Code\survival\postal-code\WishPiX\Prefs\prefs.h(47,16): warning C4091: 'typedef ': ignored on left of 'RPrefs::ePrefs' when no variable is declared
  (compiling source file '/trigger.cpp')
  
C:\Users\ookam\Code\survival\postal-code\StockPile.h(94,4): warning C4091: 'typedef ': ignored on left of 'CStockPile::<unnamed-enum-Bullets>' when no variable is declared
  (compiling source file '/trigger.cpp')
  
C:\Users\ookam\Code\survival\postal-code\sprites.h(110,4): warning C4091: 'typedef ': ignored on left of 'CSprite::<unnamed-enum-InAlpha>' when no variable is declared
  (compiling source file '/trigger.cpp')
  
C:\Users\ookam\Code\survival\postal-code\sprites.h(126,4): warning C4091: 'typedef ': ignored on left of 'CSprite::<unnamed-enum-OutRendered>' when no variable is declared
  (compiling source file '/trigger.cpp')
  
C:\Users\ookam\Code\survival\postal-code\sprites.h(132,4): warning C4091: 'typedef ': ignored on left of 'CSprite::<unnamed-enum-PrivInserted>' when no variable is declared
  (compiling source file '/trigger.cpp')
  
C:\Users\ookam\Code\survival\postal-code\thing.h(385,4): warning C4091: 'typedef ': ignored on left of 'CThing::<unnamed-enum-CHoodID>' when no variable is declared
  (compiling source file '/trigger.cpp')
  
C:\Users\ookam\Code\survival\postal-code\realm.h(504,4): warning C4091: 'typedef ': ignored on left of 'CRealm::<unnamed-enum-Standard>' when no variable is declared
  (compiling source file '/trigger.cpp')
  
  warp.cpp
C:\Users\ookam\Code\survival\postal-code\warp.cpp(87,9): warning C4603: 'WARP_CPP': macro is not defined or definition is different after precompiled header use
  (compiling source file '/warp.cpp')
      C:\Users\ookam\Code\survival\postal-code\warp.cpp(87,9):
      Add macro to precompiled header instead of defining here
      C:\Users\ookam\Code\survival\postal-code\warp.cpp(89,1):
      use of precompiled header
  
C:\Users\ookam\Code\survival\postal-code\settings.h(41,4): warning C4091: 'typedef ': ignored on left of 'CSettings::<unnamed-enum-MemFileSize>' when no variable is declared
  (compiling source file '/warp.cpp')
  
C:\Users\ookam\Code\survival\postal-code\WishPiX\Prefs\prefline.h(56,16): warning C4091: 'typedef ': ignored on left of 'RPrefsLine::ePrefsLineType' when no variable is declared
  (compiling source file '/warp.cpp')
  
C:\Users\ookam\Code\survival\postal-code\WishPiX\Prefs\prefs.h(47,16): warning C4091: 'typedef ': ignored on left of 'RPrefs::ePrefs' when no variable is declared
  (compiling source file '/warp.cpp')
  
C:\Users\ookam\Code\survival\postal-code\StockPile.h(94,4): warning C4091: 'typedef ': ignored on left of 'CStockPile::<unnamed-enum-Bullets>' when no variable is declared
  (compiling source file '/warp.cpp')
  
C:\Users\ookam\Code\survival\postal-code\sprites.h(110,4): warning C4091: 'typedef ': ignored on left of 'CSprite::<unnamed-enum-InAlpha>' when no variable is declared
  (compiling source file '/warp.cpp')
  
C:\Users\ookam\Code\survival\postal-code\sprites.h(126,4): warning C4091: 'typedef ': ignored on left of 'CSprite::<unnamed-enum-OutRendered>' when no variable is declared
  (compiling source file '/warp.cpp')
  
C:\Users\ookam\Code\survival\postal-code\sprites.h(132,4): warning C4091: 'typedef ': ignored on left of 'CSprite::<unnamed-enum-PrivInserted>' when no variable is declared
  (compiling source file '/warp.cpp')
  
C:\Users\ookam\Code\survival\postal-code\thing.h(385,4): warning C4091: 'typedef ': ignored on left of 'CThing::<unnamed-enum-CHoodID>' when no variable is declared
  (compiling source file '/warp.cpp')
  
C:\Users\ookam\Code\survival\postal-code\realm.h(504,4): warning C4091: 'typedef ': ignored on left of 'CRealm::<unnamed-enum-Standard>' when no variable is declared
  (compiling source file '/warp.cpp')
  
C:\Users\ookam\Code\survival\postal-code\weapon.h(95,2): warning C4091: 'typedef ': ignored on left of 'CWeapon::<unnamed-enum-State_Idle>' when no variable is declared
  (compiling source file '/warp.cpp')
  
C:\Users\ookam\Code\survival\postal-code\character.h(460,32): warning C4244: 'argument': conversion from 'double' to 'int16_t', possible loss of data
  (compiling source file '/warp.cpp')
  
C:\Users\ookam\Code\survival\postal-code\character.h(460,19): warning C4244: 'argument': conversion from 'double' to 'int16_t', possible loss of data
  (compiling source file '/warp.cpp')
  
C:\Users\ookam\Code\survival\postal-code\warp.cpp(405,3): warning C4244: 'argument': conversion from 'double' to 'int16_t', possible loss of data
  (compiling source file '/warp.cpp')
  
C:\Users\ookam\Code\survival\postal-code\warp.cpp(404,3): warning C4244: 'argument': conversion from 'double' to 'int16_t', possible loss of data
  (compiling source file '/warp.cpp')
  
C:\Users\ookam\Code\survival\postal-code\warp.cpp(403,3): warning C4244: 'argument': conversion from 'double' to 'int16_t', possible loss of data
  (compiling source file '/warp.cpp')
  
C:\Users\ookam\Code\survival\postal-code\warp.cpp(464,25): warning C4244: '=': conversion from 'double' to 'int16_t', possible loss of data
  (compiling source file '/warp.cpp')
  
C:\Users\ookam\Code\survival\postal-code\warp.cpp(693,29): warning C4244: '=': conversion from 'double' to 'int16_t', possible loss of data
  (compiling source file '/warp.cpp')
  
  weapon.cpp
C:\Users\ookam\Code\survival\postal-code\weapon.cpp(49,9): warning C4603: 'WEAPON_CPP': macro is not defined or definition is different after precompiled header use
  (compiling source file '/weapon.cpp')
      C:\Users\ookam\Code\survival\postal-code\weapon.cpp(49,9):
      Add macro to precompiled header instead of defining here
      C:\Users\ookam\Code\survival\postal-code\weapon.cpp(51,1):
      use of precompiled header
  
C:\Users\ookam\Code\survival\postal-code\settings.h(41,4): warning C4091: 'typedef ': ignored on left of 'CSettings::<unnamed-enum-MemFileSize>' when no variable is declared
  (compiling source file '/weapon.cpp')
  
C:\Users\ookam\Code\survival\postal-code\WishPiX\Prefs\prefline.h(56,16): warning C4091: 'typedef ': ignored on left of 'RPrefsLine::ePrefsLineType' when no variable is declared
  (compiling source file '/weapon.cpp')
  
C:\Users\ookam\Code\survival\postal-code\WishPiX\Prefs\prefs.h(47,16): warning C4091: 'typedef ': ignored on left of 'RPrefs::ePrefs' when no variable is declared
  (compiling source file '/weapon.cpp')
  
C:\Users\ookam\Code\survival\postal-code\StockPile.h(94,4): warning C4091: 'typedef ': ignored on left of 'CStockPile::<unnamed-enum-Bullets>' when no variable is declared
  (compiling source file '/weapon.cpp')
  
C:\Users\ookam\Code\survival\postal-code\sprites.h(110,4): warning C4091: 'typedef ': ignored on left of 'CSprite::<unnamed-enum-InAlpha>' when no variable is declared
  (compiling source file '/weapon.cpp')
  
C:\Users\ookam\Code\survival\postal-code\sprites.h(126,4): warning C4091: 'typedef ': ignored on left of 'CSprite::<unnamed-enum-OutRendered>' when no variable is declared
  (compiling source file '/weapon.cpp')
  
C:\Users\ookam\Code\survival\postal-code\sprites.h(132,4): warning C4091: 'typedef ': ignored on left of 'CSprite::<unnamed-enum-PrivInserted>' when no variable is declared
  (compiling source file '/weapon.cpp')
  
C:\Users\ookam\Code\survival\postal-code\thing.h(385,4): warning C4091: 'typedef ': ignored on left of 'CThing::<unnamed-enum-CHoodID>' when no variable is declared
  (compiling source file '/weapon.cpp')
  
C:\Users\ookam\Code\survival\postal-code\realm.h(504,4): warning C4091: 'typedef ': ignored on left of 'CRealm::<unnamed-enum-Standard>' when no variable is declared
  (compiling source file '/weapon.cpp')
  
C:\Users\ookam\Code\survival\postal-code\weapon.h(95,2): warning C4091: 'typedef ': ignored on left of 'CWeapon::<unnamed-enum-State_Idle>' when no variable is declared
  (compiling source file '/weapon.cpp')
  
C:\Users\ookam\Code\survival\postal-code\weapon.cpp(254,32): warning C4244: 'argument': conversion from 'double' to 'int16_t', possible loss of data
  (compiling source file '/weapon.cpp')
  
C:\Users\ookam\Code\survival\postal-code\weapon.cpp(254,28): warning C4244: 'argument': conversion from 'double' to 'int16_t', possible loss of data
  (compiling source file '/weapon.cpp')
  
C:\Users\ookam\Code\survival\postal-code\weapon.cpp(254,13): warning C4244: 'argument': conversion from 'double' to 'int16_t', possible loss of data
  (compiling source file '/weapon.cpp')
  
  Anim3D.cpp
C:\Users\ookam\Code\survival\postal-code\Anim3D.cpp(54,9): warning C4603: 'ANIM3D_CPP': macro is not defined or definition is different after precompiled header use
  (compiling source file '/Anim3D.cpp')
      C:\Users\ookam\Code\survival\postal-code\Anim3D.cpp(54,9):
      Add macro to precompiled header instead of defining here
      C:\Users\ookam\Code\survival\postal-code\Anim3D.cpp(56,1):
      use of precompiled header
  
C:\Users\ookam\Code\survival\postal-code\settings.h(41,4): warning C4091: 'typedef ': ignored on left of 'CSettings::<unnamed-enum-MemFileSize>' when no variable is declared
  (compiling source file '/Anim3D.cpp')
  
C:\Users\ookam\Code\survival\postal-code\WishPiX\Prefs\prefline.h(56,16): warning C4091: 'typedef ': ignored on left of 'RPrefsLine::ePrefsLineType' when no variable is declared
  (compiling source file '/Anim3D.cpp')
  
C:\Users\ookam\Code\survival\postal-code\WishPiX\Prefs\prefs.h(47,16): warning C4091: 'typedef ': ignored on left of 'RPrefs::ePrefs' when no variable is declared
  (compiling source file '/Anim3D.cpp')
  
C:\Users\ookam\Code\survival\postal-code\StockPile.h(94,4): warning C4091: 'typedef ': ignored on left of 'CStockPile::<unnamed-enum-Bullets>' when no variable is declared
  (compiling source file '/Anim3D.cpp')
  
C:\Users\ookam\Code\survival\postal-code\Anim3D.cpp(190,2): warning C4996: 'sprintf': This function or variable may be unsafe. Consider using sprintf_s instead. To disable deprecation, use _CRT_SECURE_NO_WARNINGS. See online help for details.
  (compiling source file '/Anim3D.cpp')
  
C:\Users\ookam\Code\survival\postal-code\Anim3D.cpp(194,3): warning C4996: 'sprintf': This function or variable may be unsafe. Consider using sprintf_s instead. To disable deprecation, use _CRT_SECURE_NO_WARNINGS. See online help for details.
  (compiling source file '/Anim3D.cpp')
  
C:\Users\ookam\Code\survival\postal-code\Anim3D.cpp(198,4): warning C4996: 'sprintf': This function or variable may be unsafe. Consider using sprintf_s instead. To disable deprecation, use _CRT_SECURE_NO_WARNINGS. See online help for details.
  (compiling source file '/Anim3D.cpp')
  
C:\Users\ookam\Code\survival\postal-code\Anim3D.cpp(202,5): warning C4996: 'sprintf': This function or variable may be unsafe. Consider using sprintf_s instead. To disable deprecation, use _CRT_SECURE_NO_WARNINGS. See online help for details.
  (compiling source file '/Anim3D.cpp')
  
C:\Users\ookam\Code\survival\postal-code\Anim3D.cpp(210,8): warning C4996: 'sprintf': This function or variable may be unsafe. Consider using sprintf_s instead. To disable deprecation, use _CRT_SECURE_NO_WARNINGS. See online help for details.
  (compiling source file '/Anim3D.cpp')
  
C:\Users\ookam\Code\survival\postal-code\Anim3D.cpp(221,9): warning C4996: 'sprintf': This function or variable may be unsafe. Consider using sprintf_s instead. To disable deprecation, use _CRT_SECURE_NO_WARNINGS. See online help for details.
  (compiling source file '/Anim3D.cpp')
  
C:\Users\ookam\Code\survival\postal-code\Anim3D.cpp(232,10): warning C4996: 'sprintf': This function or variable may be unsafe. Consider using sprintf_s instead. To disable deprecation, use _CRT_SECURE_NO_WARNINGS. See online help for details.
  (compiling source file '/Anim3D.cpp')
  
C:\Users\ookam\Code\survival\postal-code\Anim3D.cpp(278,2): warning C4996: 'sprintf': This function or variable may be unsafe. Consider using sprintf_s instead. To disable deprecation, use _CRT_SECURE_NO_WARNINGS. See online help for details.
  (compiling source file '/Anim3D.cpp')
  
C:\Users\ookam\Code\survival\postal-code\Anim3D.cpp(301,2): warning C4996: 'sprintf': This function or variable may be unsafe. Consider using sprintf_s instead. To disable deprecation, use _CRT_SECURE_NO_WARNINGS. See online help for details.
  (compiling source file '/Anim3D.cpp')
  
C:\Users\ookam\Code\survival\postal-code\Anim3D.cpp(305,2): warning C4996: 'sprintf': This function or variable may be unsafe. Consider using sprintf_s instead. To disable deprecation, use _CRT_SECURE_NO_WARNINGS. See online help for details.
  (compiling source file '/Anim3D.cpp')
  
C:\Users\ookam\Code\survival\postal-code\Anim3D.cpp(309,3): warning C4996: 'sprintf': This function or variable may be unsafe. Consider using sprintf_s instead. To disable deprecation, use _CRT_SECURE_NO_WARNINGS. See online help for details.
  (compiling source file '/Anim3D.cpp')
  
C:\Users\ookam\Code\survival\postal-code\Anim3D.cpp(316,5): warning C4996: 'sprintf': This function or variable may be unsafe. Consider using sprintf_s instead. To disable deprecation, use _CRT_SECURE_NO_WARNINGS. See online help for details.
  (compiling source file '/Anim3D.cpp')
  
C:\Users\ookam\Code\survival\postal-code\Anim3D.cpp(320,5): warning C4996: 'sprintf': This function or variable may be unsafe. Consider using sprintf_s instead. To disable deprecation, use _CRT_SECURE_NO_WARNINGS. See online help for details.
  (compiling source file '/Anim3D.cpp')
  
C:\Users\ookam\Code\survival\postal-code\Anim3D.cpp(326,5): warning C4996: 'sprintf': This function or variable may be unsafe. Consider using sprintf_s instead. To disable deprecation, use _CRT_SECURE_NO_WARNINGS. See online help for details.
  (compiling source file '/Anim3D.cpp')
  
C:\Users\ookam\Code\survival\postal-code\Anim3D.cpp(334,8): warning C4996: 'sprintf': This function or variable may be unsafe. Consider using sprintf_s instead. To disable deprecation, use _CRT_SECURE_NO_WARNINGS. See online help for details.
  (compiling source file '/Anim3D.cpp')
  
C:\Users\ookam\Code\survival\postal-code\Anim3D.cpp(345,9): warning C4996: 'sprintf': This function or variable may be unsafe. Consider using sprintf_s instead. To disable deprecation, use _CRT_SECURE_NO_WARNINGS. See online help for details.
  (compiling source file '/Anim3D.cpp')
  
C:\Users\ookam\Code\survival\postal-code\Anim3D.cpp(356,10): warning C4996: 'sprintf': This function or variable may be unsafe. Consider using sprintf_s instead. To disable deprecation, use _CRT_SECURE_NO_WARNINGS. See online help for details.
  (compiling source file '/Anim3D.cpp')
  
  BufQ.cpp
  bulletFest.cpp
C:\Users\ookam\Code\survival\postal-code\settings.h(41,4): warning C4091: 'typedef ': ignored on left of 'CSettings::<unnamed-enum-MemFileSize>' when no variable is declared
  (compiling source file '/bulletFest.cpp')
  
C:\Users\ookam\Code\survival\postal-code\WishPiX\Prefs\prefline.h(56,16): warning C4091: 'typedef ': ignored on left of 'RPrefsLine::ePrefsLineType' when no variable is declared
  (compiling source file '/bulletFest.cpp')
  
C:\Users\ookam\Code\survival\postal-code\WishPiX\Prefs\prefs.h(47,16): warning C4091: 'typedef ': ignored on left of 'RPrefs::ePrefs' when no variable is declared
  (compiling source file '/bulletFest.cpp')
  
C:\Users\ookam\Code\survival\postal-code\StockPile.h(94,4): warning C4091: 'typedef ': ignored on left of 'CStockPile::<unnamed-enum-Bullets>' when no variable is declared
  (compiling source file '/bulletFest.cpp')
  
C:\Users\ookam\Code\survival\postal-code\sprites.h(110,4): warning C4091: 'typedef ': ignored on left of 'CSprite::<unnamed-enum-InAlpha>' when no variable is declared
  (compiling source file '/bulletFest.cpp')
  
C:\Users\ookam\Code\survival\postal-code\sprites.h(126,4): warning C4091: 'typedef ': ignored on left of 'CSprite::<unnamed-enum-OutRendered>' when no variable is declared
  (compiling source file '/bulletFest.cpp')
  
C:\Users\ookam\Code\survival\postal-code\sprites.h(132,4): warning C4091: 'typedef ': ignored on left of 'CSprite::<unnamed-enum-PrivInserted>' when no variable is declared
  (compiling source file '/bulletFest.cpp')
  
C:\Users\ookam\Code\survival\postal-code\thing.h(385,4): warning C4091: 'typedef ': ignored on left of 'CThing::<unnamed-enum-CHoodID>' when no variable is declared
  (compiling source file '/bulletFest.cpp')
  
C:\Users\ookam\Code\survival\postal-code\realm.h(504,4): warning C4091: 'typedef ': ignored on left of 'CRealm::<unnamed-enum-Standard>' when no variable is declared
  (compiling source file '/bulletFest.cpp')
  
C:\Users\ookam\Code\survival\postal-code\bulletFest.cpp(609,2): warning C4996: 'strcpy': This function or variable may be unsafe. Consider using strcpy_s instead. To disable deprecation, use _CRT_SECURE_NO_WARNINGS. See online help for details.
  (compiling source file '/bulletFest.cpp')
  
C:\Users\ookam\Code\survival\postal-code\bulletFest.cpp(641,2): warning C4996: 'strcpy': This function or variable may be unsafe. Consider using strcpy_s instead. To disable deprecation, use _CRT_SECURE_NO_WARNINGS. See online help for details.
  (compiling source file '/bulletFest.cpp')
  
C:\Users\ookam\Code\survival\postal-code\bulletFest.cpp(667,2): warning C4996: 'strcpy': This function or variable may be unsafe. Consider using strcpy_s instead. To disable deprecation, use _CRT_SECURE_NO_WARNINGS. See online help for details.
  (compiling source file '/bulletFest.cpp')
  
C:\Users\ookam\Code\survival\postal-code\bulletFest.cpp(724,16): warning C4244: 'initializing': conversion from 'double' to 'float', possible loss of data
  (compiling source file '/bulletFest.cpp')
  
C:\Users\ookam\Code\survival\postal-code\bulletFest.cpp(725,16): warning C4244: 'initializing': conversion from 'double' to 'float', possible loss of data
  (compiling source file '/bulletFest.cpp')
  
C:\Users\ookam\Code\survival\postal-code\bulletFest.cpp(726,16): warning C4244: 'initializing': conversion from 'double' to 'float', possible loss of data
  (compiling source file '/bulletFest.cpp')
  
C:\Users\ookam\Code\survival\postal-code\bulletFest.cpp(729,18): warning C4244: 'initializing': conversion from 'double' to 'float', possible loss of data
  (compiling source file '/bulletFest.cpp')
  
C:\Users\ookam\Code\survival\postal-code\bulletFest.cpp(789,12): warning C4244: '=': conversion from 'float' to 'int32_t', possible loss of data
  (compiling source file '/bulletFest.cpp')
  
C:\Users\ookam\Code\survival\postal-code\bulletFest.cpp(790,12): warning C4244: '=': conversion from 'float' to 'int32_t', possible loss of data
  (compiling source file '/bulletFest.cpp')
  
C:\Users\ookam\Code\survival\postal-code\bulletFest.cpp(791,12): warning C4244: '=': conversion from 'float' to 'int32_t', possible loss of data
  (compiling source file '/bulletFest.cpp')
  
C:\Users\ookam\Code\survival\postal-code\bulletFest.cpp(817,11): warning C4244: '=': conversion from 'float' to 'int16_t', possible loss of data
  (compiling source file '/bulletFest.cpp')
  
C:\Users\ookam\Code\survival\postal-code\bulletFest.cpp(818,11): warning C4244: '=': conversion from 'float' to 'int16_t', possible loss of data
  (compiling source file '/bulletFest.cpp')
  
C:\Users\ookam\Code\survival\postal-code\bulletFest.cpp(819,11): warning C4244: '=': conversion from 'float' to 'int16_t', possible loss of data
  (compiling source file '/bulletFest.cpp')
  
C:\Users\ookam\Code\survival\postal-code\bulletFest.cpp(835,28): warning C4244: '=': conversion from 'float' to 'int16_t', possible loss of data
  (compiling source file '/bulletFest.cpp')
  
C:\Users\ookam\Code\survival\postal-code\bulletFest.cpp(886,5): warning C4244: 'argument': conversion from 'float' to 'int16_t', possible loss of data
  (compiling source file '/bulletFest.cpp')
  
C:\Users\ookam\Code\survival\postal-code\bulletFest.cpp(885,5): warning C4244: 'argument': conversion from 'float' to 'int16_t', possible loss of data
  (compiling source file '/bulletFest.cpp')
  
C:\Users\ookam\Code\survival\postal-code\bulletFest.cpp(884,5): warning C4244: 'argument': conversion from 'float' to 'int16_t', possible loss of data
  (compiling source file '/bulletFest.cpp')
  
C:\Users\ookam\Code\survival\postal-code\bulletFest.cpp(892,13): warning C4244: 'argument': conversion from 'float' to 'int16_t', possible loss of data
  (compiling source file '/bulletFest.cpp')
  
C:\Users\ookam\Code\survival\postal-code\bulletFest.cpp(891,13): warning C4244: 'argument': conversion from 'float' to 'int16_t', possible loss of data
  (compiling source file '/bulletFest.cpp')
  
C:\Users\ookam\Code\survival\postal-code\bulletFest.cpp(890,13): warning C4244: 'argument': conversion from 'float' to 'int16_t', possible loss of data
  (compiling source file '/bulletFest.cpp')
  
C:\Users\ookam\Code\survival\postal-code\bulletFest.cpp(895,25): warning C4244: '=': conversion from 'float' to 'int16_t', possible loss of data
  (compiling source file '/bulletFest.cpp')
  
  Generating Code...
  Compiling...
  camera.cpp
C:\Users\ookam\Code\survival\postal-code\camera.cpp(38,9): warning C4603: 'CAMERA_CPP': macro is not defined or definition is different after precompiled header use
  (compiling source file '/camera.cpp')
      C:\Users\ookam\Code\survival\postal-code\camera.cpp(38,9):
      Add macro to precompiled header instead of defining here
      C:\Users\ookam\Code\survival\postal-code\camera.cpp(40,1):
      use of precompiled header
  
C:\Users\ookam\Code\survival\postal-code\settings.h(41,4): warning C4091: 'typedef ': ignored on left of 'CSettings::<unnamed-enum-MemFileSize>' when no variable is declared
  (compiling source file '/camera.cpp')
  
C:\Users\ookam\Code\survival\postal-code\WishPiX\Prefs\prefline.h(56,16): warning C4091: 'typedef ': ignored on left of 'RPrefsLine::ePrefsLineType' when no variable is declared
  (compiling source file '/camera.cpp')
  
C:\Users\ookam\Code\survival\postal-code\WishPiX\Prefs\prefs.h(47,16): warning C4091: 'typedef ': ignored on left of 'RPrefs::ePrefs' when no variable is declared
  (compiling source file '/camera.cpp')
  
C:\Users\ookam\Code\survival\postal-code\StockPile.h(94,4): warning C4091: 'typedef ': ignored on left of 'CStockPile::<unnamed-enum-Bullets>' when no variable is declared
  (compiling source file '/camera.cpp')
  
C:\Users\ookam\Code\survival\postal-code\sprites.h(110,4): warning C4091: 'typedef ': ignored on left of 'CSprite::<unnamed-enum-InAlpha>' when no variable is declared
  (compiling source file '/camera.cpp')
  
C:\Users\ookam\Code\survival\postal-code\sprites.h(126,4): warning C4091: 'typedef ': ignored on left of 'CSprite::<unnamed-enum-OutRendered>' when no variable is declared
  (compiling source file '/camera.cpp')
  
C:\Users\ookam\Code\survival\postal-code\sprites.h(132,4): warning C4091: 'typedef ': ignored on left of 'CSprite::<unnamed-enum-PrivInserted>' when no variable is declared
  (compiling source file '/camera.cpp')
  
C:\Users\ookam\Code\survival\postal-code\thing.h(385,4): warning C4091: 'typedef ': ignored on left of 'CThing::<unnamed-enum-CHoodID>' when no variable is declared
  (compiling source file '/camera.cpp')
  
  crawler.cpp
C:\Users\ookam\Code\survival\postal-code\settings.h(41,4): warning C4091: 'typedef ': ignored on left of 'CSettings::<unnamed-enum-MemFileSize>' when no variable is declared
  (compiling source file '/crawler.cpp')
  
C:\Users\ookam\Code\survival\postal-code\WishPiX\Prefs\prefline.h(56,16): warning C4091: 'typedef ': ignored on left of 'RPrefsLine::ePrefsLineType' when no variable is declared
  (compiling source file '/crawler.cpp')
  
C:\Users\ookam\Code\survival\postal-code\WishPiX\Prefs\prefs.h(47,16): warning C4091: 'typedef ': ignored on left of 'RPrefs::ePrefs' when no variable is declared
  (compiling source file '/crawler.cpp')
  
C:\Users\ookam\Code\survival\postal-code\StockPile.h(94,4): warning C4091: 'typedef ': ignored on left of 'CStockPile::<unnamed-enum-Bullets>' when no variable is declared
  (compiling source file '/crawler.cpp')
  
C:\Users\ookam\Code\survival\postal-code\sprites.h(110,4): warning C4091: 'typedef ': ignored on left of 'CSprite::<unnamed-enum-InAlpha>' when no variable is declared
  (compiling source file '/crawler.cpp')
  
C:\Users\ookam\Code\survival\postal-code\sprites.h(126,4): warning C4091: 'typedef ': ignored on left of 'CSprite::<unnamed-enum-OutRendered>' when no variable is declared
  (compiling source file '/crawler.cpp')
  
C:\Users\ookam\Code\survival\postal-code\sprites.h(132,4): warning C4091: 'typedef ': ignored on left of 'CSprite::<unnamed-enum-PrivInserted>' when no variable is declared
  (compiling source file '/crawler.cpp')
  
C:\Users\ookam\Code\survival\postal-code\thing.h(385,4): warning C4091: 'typedef ': ignored on left of 'CThing::<unnamed-enum-CHoodID>' when no variable is declared
  (compiling source file '/crawler.cpp')
  
C:\Users\ookam\Code\survival\postal-code\realm.h(504,4): warning C4091: 'typedef ': ignored on left of 'CRealm::<unnamed-enum-Standard>' when no variable is declared
  (compiling source file '/crawler.cpp')
  
  cutscene.cpp
C:\Users\ookam\Code\survival\postal-code\WishPiX\Prefs\prefline.h(56,16): warning C4091: 'typedef ': ignored on left of 'RPrefsLine::ePrefsLineType' when no variable is declared
  (compiling source file '/cutscene.cpp')
  
C:\Users\ookam\Code\survival\postal-code\WishPiX\Prefs\prefs.h(47,16): warning C4091: 'typedef ': ignored on left of 'RPrefs::ePrefs' when no variable is declared
  (compiling source file '/cutscene.cpp')
  
C:\Users\ookam\Code\survival\postal-code\settings.h(41,4): warning C4091: 'typedef ': ignored on left of 'CSettings::<unnamed-enum-MemFileSize>' when no variable is declared
  (compiling source file '/cutscene.cpp')
  
C:\Users\ookam\Code\survival\postal-code\StockPile.h(94,4): warning C4091: 'typedef ': ignored on left of 'CStockPile::<unnamed-enum-Bullets>' when no variable is declared
  (compiling source file '/cutscene.cpp')
  
C:\Users\ookam\Code\survival\postal-code\cutscene.cpp(745,3): warning C4996: 'strcpy': This function or variable may be unsafe. Consider using strcpy_s instead. To disable deprecation, use _CRT_SECURE_NO_WARNINGS. See online help for details.
  (compiling source file '/cutscene.cpp')
  
C:\Users\ookam\Code\survival\postal-code\cutscene.cpp(755,5): warning C4996: 'strcpy': This function or variable may be unsafe. Consider using strcpy_s instead. To disable deprecation, use _CRT_SECURE_NO_WARNINGS. See online help for details.
  (compiling source file '/cutscene.cpp')
  
C:\Users\ookam\Code\survival\postal-code\cutscene.cpp(775,5): warning C4996: 'strcpy': This function or variable may be unsafe. Consider using strcpy_s instead. To disable deprecation, use _CRT_SECURE_NO_WARNINGS. See online help for details.
  (compiling source file '/cutscene.cpp')
  
C:\Users\ookam\Code\survival\postal-code\cutscene.cpp(781,5): warning C4996: 'strcpy': This function or variable may be unsafe. Consider using strcpy_s instead. To disable deprecation, use _CRT_SECURE_NO_WARNINGS. See online help for details.
  (compiling source file '/cutscene.cpp')
  
C:\Users\ookam\Code\survival\postal-code\cutscene.cpp(785,6): warning C4996: 'strcpy': This function or variable may be unsafe. Consider using strcpy_s instead. To disable deprecation, use _CRT_SECURE_NO_WARNINGS. See online help for details.
  (compiling source file '/cutscene.cpp')
  
C:\Users\ookam\Code\survival\postal-code\cutscene.cpp(792,4): warning C4996: 'strcpy': This function or variable may be unsafe. Consider using strcpy_s instead. To disable deprecation, use _CRT_SECURE_NO_WARNINGS. See online help for details.
  (compiling source file '/cutscene.cpp')
  
C:\Users\ookam\Code\survival\postal-code\cutscene.cpp(872,3): warning C4996: 'strcpy': This function or variable may be unsafe. Consider using strcpy_s instead. To disable deprecation, use _CRT_SECURE_NO_WARNINGS. See online help for details.
  (compiling source file '/cutscene.cpp')
  
C:\Users\ookam\Code\survival\postal-code\cutscene.cpp(880,4): warning C4996: 'strcpy': This function or variable may be unsafe. Consider using strcpy_s instead. To disable deprecation, use _CRT_SECURE_NO_WARNINGS. See online help for details.
  (compiling source file '/cutscene.cpp')
  
C:\Users\ookam\Code\survival\postal-code\cutscene.cpp(891,3): warning C4996: 'strcpy': This function or variable may be unsafe. Consider using strcpy_s instead. To disable deprecation, use _CRT_SECURE_NO_WARNINGS. See online help for details.
  (compiling source file '/cutscene.cpp')
  
C:\Users\ookam\Code\survival\postal-code\cutscene.cpp(899,4): warning C4996: 'strcpy': This function or variable may be unsafe. Consider using strcpy_s instead. To disable deprecation, use _CRT_SECURE_NO_WARNINGS. See online help for details.
  (compiling source file '/cutscene.cpp')
  
C:\Users\ookam\Code\survival\postal-code\cutscene.cpp(926,3): warning C4996: 'strcpy': This function or variable may be unsafe. Consider using strcpy_s instead. To disable deprecation, use _CRT_SECURE_NO_WARNINGS. See online help for details.
  (compiling source file '/cutscene.cpp')
  
C:\Users\ookam\Code\survival\postal-code\cutscene.cpp(934,4): warning C4996: 'strcpy': This function or variable may be unsafe. Consider using strcpy_s instead. To disable deprecation, use _CRT_SECURE_NO_WARNINGS. See online help for details.
  (compiling source file '/cutscene.cpp')
  
  encrypt.cpp
C:\Users\ookam\Code\survival\postal-code\settings.h(41,4): warning C4091: 'typedef ': ignored on left of 'CSettings::<unnamed-enum-MemFileSize>' when no variable is declared
  (compiling source file '/encrypt.cpp')
  
C:\Users\ookam\Code\survival\postal-code\WishPiX\Prefs\prefline.h(56,16): warning C4091: 'typedef ': ignored on left of 'RPrefsLine::ePrefsLineType' when no variable is declared
  (compiling source file '/encrypt.cpp')
  
C:\Users\ookam\Code\survival\postal-code\WishPiX\Prefs\prefs.h(47,16): warning C4091: 'typedef ': ignored on left of 'RPrefs::ePrefs' when no variable is declared
  (compiling source file '/encrypt.cpp')
  
C:\Users\ookam\Code\survival\postal-code\StockPile.h(94,4): warning C4091: 'typedef ': ignored on left of 'CStockPile::<unnamed-enum-Bullets>' when no variable is declared
  (compiling source file '/encrypt.cpp')
  
C:\Users\ookam\Code\survival\postal-code\encrypt.cpp(258,11): warning C4267: 'initializing': conversion from 'size_t' to 'int16_t', possible loss of data
  (compiling source file '/encrypt.cpp')
  
  GameSettings.cpp
C:\Users\ookam\Code\survival\postal-code\WishPiX\Prefs\prefline.h(56,16): warning C4091: 'typedef ': ignored on left of 'RPrefsLine::ePrefsLineType' when no variable is declared
  (compiling source file '/GameSettings.cpp')
  
C:\Users\ookam\Code\survival\postal-code\WishPiX\Prefs\prefs.h(47,16): warning C4091: 'typedef ': ignored on left of 'RPrefs::ePrefs' when no variable is declared
  (compiling source file '/GameSettings.cpp')
  
C:\Users\ookam\Code\survival\postal-code\settings.h(41,4): warning C4091: 'typedef ': ignored on left of 'CSettings::<unnamed-enum-MemFileSize>' when no variable is declared
  (compiling source file '/GameSettings.cpp')
  
C:\Users\ookam\Code\survival\postal-code\StockPile.h(94,4): warning C4091: 'typedef ': ignored on left of 'CStockPile::<unnamed-enum-Bullets>' when no variable is declared
  (compiling source file '/GameSettings.cpp')
  
C:\Users\ookam\Code\survival\postal-code\net.h(90,3): warning C4091: 'typedef ': ignored on left of 'Net::<unnamed-enum-MaxNumIDs>' when no variable is declared
  (compiling source file '/GameSettings.cpp')
  
C:\Users\ookam\Code\survival\postal-code\sprites.h(110,4): warning C4091: 'typedef ': ignored on left of 'CSprite::<unnamed-enum-InAlpha>' when no variable is declared
  (compiling source file '/GameSettings.cpp')
  
C:\Users\ookam\Code\survival\postal-code\sprites.h(126,4): warning C4091: 'typedef ': ignored on left of 'CSprite::<unnamed-enum-OutRendered>' when no variable is declared
  (compiling source file '/GameSettings.cpp')
  
C:\Users\ookam\Code\survival\postal-code\sprites.h(132,4): warning C4091: 'typedef ': ignored on left of 'CSprite::<unnamed-enum-PrivInserted>' when no variable is declared
  (compiling source file '/GameSettings.cpp')
  
C:\Users\ookam\Code\survival\postal-code\thing.h(385,4): warning C4091: 'typedef ': ignored on left of 'CThing::<unnamed-enum-CHoodID>' when no variable is declared
  (compiling source file '/GameSettings.cpp')
  
C:\Users\ookam\Code\survival\postal-code\realm.h(504,4): warning C4091: 'typedef ': ignored on left of 'CRealm::<unnamed-enum-Standard>' when no variable is declared
  (compiling source file '/GameSettings.cpp')
  
C:\Users\ookam\Code\survival\postal-code\weapon.h(95,2): warning C4091: 'typedef ': ignored on left of 'CWeapon::<unnamed-enum-State_Idle>' when no variable is declared
  (compiling source file '/GameSettings.cpp')
  
C:\Users\ookam\Code\survival\postal-code\character.h(460,32): warning C4244: 'argument': conversion from 'double' to 'int16_t', possible loss of data
  (compiling source file '/GameSettings.cpp')
  
C:\Users\ookam\Code\survival\postal-code\character.h(460,19): warning C4244: 'argument': conversion from 'double' to 'int16_t', possible loss of data
  (compiling source file '/GameSettings.cpp')
  
C:\Users\ookam\Code\survival\postal-code\GameSettings.cpp(234,13): warning C4996: 'localtime': This function or variable may be unsafe. Consider using localtime_s instead. To disable deprecation, use _CRT_SECURE_NO_WARNINGS. See online help for details.
  (compiling source file '/GameSettings.cpp')
  
C:\Users\ookam\Code\survival\postal-code\GameSettings.cpp(492,2): warning C4996: 'strncpy': This function or variable may be unsafe. Consider using strncpy_s instead. To disable deprecation, use _CRT_SECURE_NO_WARNINGS. See online help for details.
  (compiling source file '/GameSettings.cpp')
  
C:\Users\ookam\Code\survival\postal-code\GameSettings.cpp(533,3): warning C4996: 'sprintf': This function or variable may be unsafe. Consider using sprintf_s instead. To disable deprecation, use _CRT_SECURE_NO_WARNINGS. See online help for details.
  (compiling source file '/GameSettings.cpp')
  
  grip.cpp
C:\Users\ookam\Code\survival\postal-code\grip.cpp(28,9): warning C4603: 'GRIP_CPP': macro is not defined or definition is different after precompiled header use
  (compiling source file '/grip.cpp')
      C:\Users\ookam\Code\survival\postal-code\grip.cpp(28,9):
      Add macro to precompiled header instead of defining here
      C:\Users\ookam\Code\survival\postal-code\grip.cpp(30,1):
      use of precompiled header
  
C:\Users\ookam\Code\survival\postal-code\settings.h(41,4): warning C4091: 'typedef ': ignored on left of 'CSettings::<unnamed-enum-MemFileSize>' when no variable is declared
  (compiling source file '/grip.cpp')
  
C:\Users\ookam\Code\survival\postal-code\WishPiX\Prefs\prefline.h(56,16): warning C4091: 'typedef ': ignored on left of 'RPrefsLine::ePrefsLineType' when no variable is declared
  (compiling source file '/grip.cpp')
  
C:\Users\ookam\Code\survival\postal-code\WishPiX\Prefs\prefs.h(47,16): warning C4091: 'typedef ': ignored on left of 'RPrefs::ePrefs' when no variable is declared
  (compiling source file '/grip.cpp')
  
C:\Users\ookam\Code\survival\postal-code\StockPile.h(94,4): warning C4091: 'typedef ': ignored on left of 'CStockPile::<unnamed-enum-Bullets>' when no variable is declared
  (compiling source file '/grip.cpp')
  
C:\Users\ookam\Code\survival\postal-code\sprites.h(110,4): warning C4091: 'typedef ': ignored on left of 'CSprite::<unnamed-enum-InAlpha>' when no variable is declared
  (compiling source file '/grip.cpp')
  
C:\Users\ookam\Code\survival\postal-code\sprites.h(126,4): warning C4091: 'typedef ': ignored on left of 'CSprite::<unnamed-enum-OutRendered>' when no variable is declared
  (compiling source file '/grip.cpp')
  
C:\Users\ookam\Code\survival\postal-code\sprites.h(132,4): warning C4091: 'typedef ': ignored on left of 'CSprite::<unnamed-enum-PrivInserted>' when no variable is declared
  (compiling source file '/grip.cpp')
  
C:\Users\ookam\Code\survival\postal-code\thing.h(385,4): warning C4091: 'typedef ': ignored on left of 'CThing::<unnamed-enum-CHoodID>' when no variable is declared
  (compiling source file '/grip.cpp')
  
C:\Users\ookam\Code\survival\postal-code\grip.h(157,32): warning C4244: 'argument': conversion from 'double' to 'int16_t', possible loss of data
  (compiling source file '/grip.cpp')
  
C:\Users\ookam\Code\survival\postal-code\grip.h(157,28): warning C4244: 'argument': conversion from 'double' to 'int16_t', possible loss of data
  (compiling source file '/grip.cpp')
  
  IdBank.cpp
C:\Users\ookam\Code\survival\postal-code\settings.h(41,4): warning C4091: 'typedef ': ignored on left of 'CSettings::<unnamed-enum-MemFileSize>' when no variable is declared
  (compiling source file '/IdBank.cpp')
  
C:\Users\ookam\Code\survival\postal-code\WishPiX\Prefs\prefline.h(56,16): warning C4091: 'typedef ': ignored on left of 'RPrefsLine::ePrefsLineType' when no variable is declared
  (compiling source file '/IdBank.cpp')
  
C:\Users\ookam\Code\survival\postal-code\WishPiX\Prefs\prefs.h(47,16): warning C4091: 'typedef ': ignored on left of 'RPrefs::ePrefs' when no variable is declared
  (compiling source file '/IdBank.cpp')
  
C:\Users\ookam\Code\survival\postal-code\StockPile.h(94,4): warning C4091: 'typedef ': ignored on left of 'CStockPile::<unnamed-enum-Bullets>' when no variable is declared
  (compiling source file '/IdBank.cpp')
  
C:\Users\ookam\Code\survival\postal-code\sprites.h(110,4): warning C4091: 'typedef ': ignored on left of 'CSprite::<unnamed-enum-InAlpha>' when no variable is declared
  (compiling source file '/IdBank.cpp')
  
C:\Users\ookam\Code\survival\postal-code\sprites.h(126,4): warning C4091: 'typedef ': ignored on left of 'CSprite::<unnamed-enum-OutRendered>' when no variable is declared
  (compiling source file '/IdBank.cpp')
  
C:\Users\ookam\Code\survival\postal-code\sprites.h(132,4): warning C4091: 'typedef ': ignored on left of 'CSprite::<unnamed-enum-PrivInserted>' when no variable is declared
  (compiling source file '/IdBank.cpp')
  
C:\Users\ookam\Code\survival\postal-code\thing.h(385,4): warning C4091: 'typedef ': ignored on left of 'CThing::<unnamed-enum-CHoodID>' when no variable is declared
  (compiling source file '/IdBank.cpp')
  
  InputSettings.cpp
C:\Users\ookam\Code\survival\postal-code\WishPiX\Prefs\prefline.h(56,16): warning C4091: 'typedef ': ignored on left of 'RPrefsLine::ePrefsLineType' when no variable is declared
  (compiling source file '/InputSettings.cpp')
  
C:\Users\ookam\Code\survival\postal-code\WishPiX\Prefs\prefs.h(47,16): warning C4091: 'typedef ': ignored on left of 'RPrefs::ePrefs' when no variable is declared
  (compiling source file '/InputSettings.cpp')
  
C:\Users\ookam\Code\survival\postal-code\settings.h(41,4): warning C4091: 'typedef ': ignored on left of 'CSettings::<unnamed-enum-MemFileSize>' when no variable is declared
  (compiling source file '/InputSettings.cpp')
  
C:\Users\ookam\Code\survival\postal-code\StockPile.h(94,4): warning C4091: 'typedef ': ignored on left of 'CStockPile::<unnamed-enum-Bullets>' when no variable is declared
  (compiling source file '/InputSettings.cpp')
  
C:\Users\ookam\Code\survival\postal-code\InputSettings.cpp(194,56): warning C4838: conversion from 'int' to 'int16_t' requires a narrowing conversion
  (compiling source file '/InputSettings.cpp')
  
C:\Users\ookam\Code\survival\postal-code\InputSettings.cpp(194,56): warning C4305: 'initializing': truncation from 'int' to 'int16_t'
  (compiling source file '/InputSettings.cpp')
  
C:\Users\ookam\Code\survival\postal-code\InputSettings.cpp(194,56): warning C4309: 'initializing': truncation of constant value
  (compiling source file '/InputSettings.cpp')
  
C:\Users\ookam\Code\survival\postal-code\InputSettings.cpp(200,51): warning C4838: conversion from 'int' to 'int16_t' requires a narrowing conversion
  (compiling source file '/InputSettings.cpp')
  
C:\Users\ookam\Code\survival\postal-code\InputSettings.cpp(200,51): warning C4309: 'initializing': truncation of constant value
  (compiling source file '/InputSettings.cpp')
  
  InputSettingsDlg.cpp
C:\Users\ookam\Code\survival\postal-code\settings.h(41,4): warning C4091: 'typedef ': ignored on left of 'CSettings::<unnamed-enum-MemFileSize>' when no variable is declared
  (compiling source file '/InputSettingsDlg.cpp')
  
C:\Users\ookam\Code\survival\postal-code\WishPiX\Prefs\prefline.h(56,16): warning C4091: 'typedef ': ignored on left of 'RPrefsLine::ePrefsLineType' when no variable is declared
  (compiling source file '/InputSettingsDlg.cpp')
  
C:\Users\ookam\Code\survival\postal-code\WishPiX\Prefs\prefs.h(47,16): warning C4091: 'typedef ': ignored on left of 'RPrefs::ePrefs' when no variable is declared
  (compiling source file '/InputSettingsDlg.cpp')
  
C:\Users\ookam\Code\survival\postal-code\StockPile.h(94,4): warning C4091: 'typedef ': ignored on left of 'CStockPile::<unnamed-enum-Bullets>' when no variable is declared
  (compiling source file '/InputSettingsDlg.cpp')
  
C:\Users\ookam\Code\survival\postal-code\sprites.h(110,4): warning C4091: 'typedef ': ignored on left of 'CSprite::<unnamed-enum-InAlpha>' when no variable is declared
  (compiling source file '/InputSettingsDlg.cpp')
  
C:\Users\ookam\Code\survival\postal-code\sprites.h(126,4): warning C4091: 'typedef ': ignored on left of 'CSprite::<unnamed-enum-OutRendered>' when no variable is declared
  (compiling source file '/InputSettingsDlg.cpp')
  
C:\Users\ookam\Code\survival\postal-code\sprites.h(132,4): warning C4091: 'typedef ': ignored on left of 'CSprite::<unnamed-enum-PrivInserted>' when no variable is declared
  (compiling source file '/InputSettingsDlg.cpp')
  
C:\Users\ookam\Code\survival\postal-code\thing.h(385,4): warning C4091: 'typedef ': ignored on left of 'CThing::<unnamed-enum-CHoodID>' when no variable is declared
  (compiling source file '/InputSettingsDlg.cpp')
  
C:\Users\ookam\Code\survival\postal-code\realm.h(504,4): warning C4091: 'typedef ': ignored on left of 'CRealm::<unnamed-enum-Standard>' when no variable is declared
  (compiling source file '/InputSettingsDlg.cpp')
  
C:\Users\ookam\Code\survival\postal-code\weapon.h(95,2): warning C4091: 'typedef ': ignored on left of 'CWeapon::<unnamed-enum-State_Idle>' when no variable is declared
  (compiling source file '/InputSettingsDlg.cpp')
  
C:\Users\ookam\Code\survival\postal-code\character.h(460,32): warning C4244: 'argument': conversion from 'double' to 'int16_t', possible loss of data
  (compiling source file '/InputSettingsDlg.cpp')
  
C:\Users\ookam\Code\survival\postal-code\character.h(460,19): warning C4244: 'argument': conversion from 'double' to 'int16_t', possible loss of data
  (compiling source file '/InputSettingsDlg.cpp')
  
C:\Users\ookam\Code\survival\postal-code\InputSettingsDlg.cpp(523,22): warning C4244: 'argument': conversion from 'int16_t' to 'U8', possible loss of data
  (compiling source file '/InputSettingsDlg.cpp')
  
  keys.cpp
  Log.cpp
C:\Users\ookam\Code\survival\postal-code\settings.h(41,4): warning C4091: 'typedef ': ignored on left of 'CSettings::<unnamed-enum-MemFileSize>' when no variable is declared
  (compiling source file '/Log.cpp')
  
C:\Users\ookam\Code\survival\postal-code\WishPiX\Prefs\prefline.h(56,16): warning C4091: 'typedef ': ignored on left of 'RPrefsLine::ePrefsLineType' when no variable is declared
  (compiling source file '/Log.cpp')
  
C:\Users\ookam\Code\survival\postal-code\WishPiX\Prefs\prefs.h(47,16): warning C4091: 'typedef ': ignored on left of 'RPrefs::ePrefs' when no variable is declared
  (compiling source file '/Log.cpp')
  
C:\Users\ookam\Code\survival\postal-code\StockPile.h(94,4): warning C4091: 'typedef ': ignored on left of 'CStockPile::<unnamed-enum-Bullets>' when no variable is declared
  (compiling source file '/Log.cpp')
  
C:\Users\ookam\Code\survival\postal-code\net.h(90,3): warning C4091: 'typedef ': ignored on left of 'Net::<unnamed-enum-MaxNumIDs>' when no variable is declared
  (compiling source file '/Log.cpp')
  
C:\Users\ookam\Code\survival\postal-code\sprites.h(110,4): warning C4091: 'typedef ': ignored on left of 'CSprite::<unnamed-enum-InAlpha>' when no variable is declared
  (compiling source file '/Log.cpp')
  
C:\Users\ookam\Code\survival\postal-code\sprites.h(126,4): warning C4091: 'typedef ': ignored on left of 'CSprite::<unnamed-enum-OutRendered>' when no variable is declared
  (compiling source file '/Log.cpp')
  
C:\Users\ookam\Code\survival\postal-code\sprites.h(132,4): warning C4091: 'typedef ': ignored on left of 'CSprite::<unnamed-enum-PrivInserted>' when no variable is declared
  (compiling source file '/Log.cpp')
  
C:\Users\ookam\Code\survival\postal-code\thing.h(385,4): warning C4091: 'typedef ': ignored on left of 'CThing::<unnamed-enum-CHoodID>' when no variable is declared
  (compiling source file '/Log.cpp')
  
C:\Users\ookam\Code\survival\postal-code\realm.h(504,4): warning C4091: 'typedef ': ignored on left of 'CRealm::<unnamed-enum-Standard>' when no variable is declared
  (compiling source file '/Log.cpp')
  
C:\Users\ookam\Code\survival\postal-code\weapon.h(95,2): warning C4091: 'typedef ': ignored on left of 'CWeapon::<unnamed-enum-State_Idle>' when no variable is declared
  (compiling source file '/Log.cpp')
  
C:\Users\ookam\Code\survival\postal-code\character.h(460,32): warning C4244: 'argument': conversion from 'double' to 'int16_t', possible loss of data
  (compiling source file '/Log.cpp')
  
C:\Users\ookam\Code\survival\postal-code\character.h(460,19): warning C4244: 'argument': conversion from 'double' to 'int16_t', possible loss of data
  (compiling source file '/Log.cpp')
  
C:\Users\ookam\Code\survival\postal-code\netmsgr.h(177,4): warning C4091: 'typedef ': ignored on left of 'NetMsg::<unnamed-enum-NOTHING>' when no variable is declared
  (compiling source file '/Log.cpp')
  
C:\Users\ookam\Code\survival\postal-code\netmsgr.h(218,4): warning C4091: 'typedef ': ignored on left of 'NetMsg::<unnamed-enum-TooManyPlayers>' when no variable is declared
  (compiling source file '/Log.cpp')
  
C:\Users\ookam\Code\survival\postal-code\netmsgr.h(226,4): warning C4091: 'typedef ': ignored on left of 'NetMsg::<unnamed-enum-UserAbortedGame>' when no variable is declared
  (compiling source file '/Log.cpp')
  
C:\Users\ookam\Code\survival\postal-code\netmsgr.h(1267,4): warning C4091: 'typedef ': ignored on left of 'CNetMsgr::<unnamed-enum-MagicNum>' when no variable is declared
  (compiling source file '/Log.cpp')
  
C:\Users\ookam\Code\survival\postal-code\Log.cpp(160,2): warning C4996: 'itoa': The POSIX name for this item is deprecated. Instead, use the ISO C and C++ conformant name: _itoa. See online help for details.
  (compiling source file '/Log.cpp')
  
  logtab.cpp
C:\Users\ookam\Code\survival\postal-code\logtab.h(452,4): warning C4091: 'typedef ': ignored on left of 'CLogTab<usertype>::<unnamed-enum-MaxVars>' when no variable is declared
  (compiling source file '/logtab.cpp')
      C:\Users\ookam\Code\survival\postal-code\logtab.h(452,4):
      the template instantiation context (the oldest one first) is
          C:\Users\ookam\Code\survival\postal-code\logtab.h(445,7):
          while compiling class template 'CLogTab'
  
  MemFileFest.cpp
  MenuSettings.cpp
C:\Users\ookam\Code\survival\postal-code\WishPiX\Prefs\prefline.h(56,16): warning C4091: 'typedef ': ignored on left of 'RPrefsLine::ePrefsLineType' when no variable is declared
  (compiling source file '/MenuSettings.cpp')
  
C:\Users\ookam\Code\survival\postal-code\WishPiX\Prefs\prefs.h(47,16): warning C4091: 'typedef ': ignored on left of 'RPrefs::ePrefs' when no variable is declared
  (compiling source file '/MenuSettings.cpp')
  
C:\Users\ookam\Code\survival\postal-code\settings.h(41,4): warning C4091: 'typedef ': ignored on left of 'CSettings::<unnamed-enum-MemFileSize>' when no variable is declared
  (compiling source file '/MenuSettings.cpp')
  
C:\Users\ookam\Code\survival\postal-code\MenuSettings.cpp(146,3): warning C4996: 'sprintf': This function or variable may be unsafe. Consider using sprintf_s instead. To disable deprecation, use _CRT_SECURE_NO_WARNINGS. See online help for details.
  (compiling source file '/MenuSettings.cpp')
  
  net.cpp
C:\Users\ookam\Code\survival\postal-code\net.h(90,3): warning C4091: 'typedef ': ignored on left of 'Net::<unnamed-enum-MaxNumIDs>' when no variable is declared
  (compiling source file '/net.cpp')
  
  NetBrowse.cpp
C:\Users\ookam\Code\survival\postal-code\net.h(90,3): warning C4091: 'typedef ': ignored on left of 'Net::<unnamed-enum-MaxNumIDs>' when no variable is declared
  (compiling source file '/NetBrowse.cpp')
  
C:\Users\ookam\Code\survival\postal-code\netbrowse.h(75,6): warning C4996: 'strncpy': This function or variable may be unsafe. Consider using strncpy_s instead. To disable deprecation, use _CRT_SECURE_NO_WARNINGS. See online help for details.
  (compiling source file '/NetBrowse.cpp')
  
C:\Users\ookam\Code\survival\postal-code\NetBrowse.cpp(198,4): warning C4996: 'strncpy': This function or variable may be unsafe. Consider using strncpy_s instead. To disable deprecation, use _CRT_SECURE_NO_WARNINGS. See online help for details.
  (compiling source file '/NetBrowse.cpp')
  
  NetClient.cpp
C:\Users\ookam\Code\survival\postal-code\net.h(90,3): warning C4091: 'typedef ': ignored on left of 'Net::<unnamed-enum-MaxNumIDs>' when no variable is declared
  (compiling source file '/NetClient.cpp')
  
C:\Users\ookam\Code\survival\postal-code\settings.h(41,4): warning C4091: 'typedef ': ignored on left of 'CSettings::<unnamed-enum-MemFileSize>' when no variable is declared
  (compiling source file '/NetClient.cpp')
  
C:\Users\ookam\Code\survival\postal-code\WishPiX\Prefs\prefline.h(56,16): warning C4091: 'typedef ': ignored on left of 'RPrefsLine::ePrefsLineType' when no variable is declared
  (compiling source file '/NetClient.cpp')
  
C:\Users\ookam\Code\survival\postal-code\WishPiX\Prefs\prefs.h(47,16): warning C4091: 'typedef ': ignored on left of 'RPrefs::ePrefs' when no variable is declared
  (compiling source file '/NetClient.cpp')
  
C:\Users\ookam\Code\survival\postal-code\StockPile.h(94,4): warning C4091: 'typedef ': ignored on left of 'CStockPile::<unnamed-enum-Bullets>' when no variable is declared
  (compiling source file '/NetClient.cpp')
  
C:\Users\ookam\Code\survival\postal-code\sprites.h(110,4): warning C4091: 'typedef ': ignored on left of 'CSprite::<unnamed-enum-InAlpha>' when no variable is declared
  (compiling source file '/NetClient.cpp')
  
C:\Users\ookam\Code\survival\postal-code\sprites.h(126,4): warning C4091: 'typedef ': ignored on left of 'CSprite::<unnamed-enum-OutRendered>' when no variable is declared
  (compiling source file '/NetClient.cpp')
  
C:\Users\ookam\Code\survival\postal-code\sprites.h(132,4): warning C4091: 'typedef ': ignored on left of 'CSprite::<unnamed-enum-PrivInserted>' when no variable is declared
  (compiling source file '/NetClient.cpp')
  
C:\Users\ookam\Code\survival\postal-code\thing.h(385,4): warning C4091: 'typedef ': ignored on left of 'CThing::<unnamed-enum-CHoodID>' when no variable is declared
  (compiling source file '/NetClient.cpp')
  
C:\Users\ookam\Code\survival\postal-code\realm.h(504,4): warning C4091: 'typedef ': ignored on left of 'CRealm::<unnamed-enum-Standard>' when no variable is declared
  (compiling source file '/NetClient.cpp')
  
C:\Users\ookam\Code\survival\postal-code\weapon.h(95,2): warning C4091: 'typedef ': ignored on left of 'CWeapon::<unnamed-enum-State_Idle>' when no variable is declared
  (compiling source file '/NetClient.cpp')
  
C:\Users\ookam\Code\survival\postal-code\character.h(460,32): warning C4244: 'argument': conversion from 'double' to 'int16_t', possible loss of data
  (compiling source file '/NetClient.cpp')
  
C:\Users\ookam\Code\survival\postal-code\character.h(460,19): warning C4244: 'argument': conversion from 'double' to 'int16_t', possible loss of data
  (compiling source file '/NetClient.cpp')
  
C:\Users\ookam\Code\survival\postal-code\netmsgr.h(177,4): warning C4091: 'typedef ': ignored on left of 'NetMsg::<unnamed-enum-NOTHING>' when no variable is declared
  (compiling source file '/NetClient.cpp')
  
C:\Users\ookam\Code\survival\postal-code\netmsgr.h(218,4): warning C4091: 'typedef ': ignored on left of 'NetMsg::<unnamed-enum-TooManyPlayers>' when no variable is declared
  (compiling source file '/NetClient.cpp')
  
C:\Users\ookam\Code\survival\postal-code\netmsgr.h(226,4): warning C4091: 'typedef ': ignored on left of 'NetMsg::<unnamed-enum-UserAbortedGame>' when no variable is declared
  (compiling source file '/NetClient.cpp')
  
C:\Users\ookam\Code\survival\postal-code\netmsgr.h(1267,4): warning C4091: 'typedef ': ignored on left of 'CNetMsgr::<unnamed-enum-MagicNum>' when no variable is declared
  (compiling source file '/NetClient.cpp')
  
C:\Users\ookam\Code\survival\postal-code\NetClient.cpp(1043,3): warning C4996: 'sprintf': This function or variable may be unsafe. Consider using sprintf_s instead. To disable deprecation, use _CRT_SECURE_NO_WARNINGS. See online help for details.
  (compiling source file '/NetClient.cpp')
  
C:\Users\ookam\Code\survival\postal-code\NetClient.cpp(1066,3): warning C4996: 'strncpy': This function or variable may be unsafe. Consider using strncpy_s instead. To disable deprecation, use _CRT_SECURE_NO_WARNINGS. See online help for details.
  (compiling source file '/NetClient.cpp')
  
  NetDlg.cpp
C:\Users\ookam\Code\survival\postal-code\WishPiX\Prefs\prefline.h(56,16): warning C4091: 'typedef ': ignored on left of 'RPrefsLine::ePrefsLineType' when no variable is declared
  (compiling source file '/NetDlg.cpp')
  
C:\Users\ookam\Code\survival\postal-code\WishPiX\Prefs\prefs.h(47,16): warning C4091: 'typedef ': ignored on left of 'RPrefs::ePrefs' when no variable is declared
  (compiling source file '/NetDlg.cpp')
  
C:\Users\ookam\Code\survival\postal-code\settings.h(41,4): warning C4091: 'typedef ': ignored on left of 'CSettings::<unnamed-enum-MemFileSize>' when no variable is declared
  (compiling source file '/NetDlg.cpp')
  
C:\Users\ookam\Code\survival\postal-code\StockPile.h(94,4): warning C4091: 'typedef ': ignored on left of 'CStockPile::<unnamed-enum-Bullets>' when no variable is declared
  (compiling source file '/NetDlg.cpp')
  
C:\Users\ookam\Code\survival\postal-code\net.h(90,3): warning C4091: 'typedef ': ignored on left of 'Net::<unnamed-enum-MaxNumIDs>' when no variable is declared
  (compiling source file '/NetDlg.cpp')
  
C:\Users\ookam\Code\survival\postal-code\sprites.h(110,4): warning C4091: 'typedef ': ignored on left of 'CSprite::<unnamed-enum-InAlpha>' when no variable is declared
  (compiling source file '/NetDlg.cpp')
  
C:\Users\ookam\Code\survival\postal-code\sprites.h(126,4): warning C4091: 'typedef ': ignored on left of 'CSprite::<unnamed-enum-OutRendered>' when no variable is declared
  (compiling source file '/NetDlg.cpp')
  
C:\Users\ookam\Code\survival\postal-code\sprites.h(132,4): warning C4091: 'typedef ': ignored on left of 'CSprite::<unnamed-enum-PrivInserted>' when no variable is declared
  (compiling source file '/NetDlg.cpp')
  
C:\Users\ookam\Code\survival\postal-code\thing.h(385,4): warning C4091: 'typedef ': ignored on left of 'CThing::<unnamed-enum-CHoodID>' when no variable is declared
  (compiling source file '/NetDlg.cpp')
  
C:\Users\ookam\Code\survival\postal-code\realm.h(504,4): warning C4091: 'typedef ': ignored on left of 'CRealm::<unnamed-enum-Standard>' when no variable is declared
  (compiling source file '/NetDlg.cpp')
  
C:\Users\ookam\Code\survival\postal-code\weapon.h(95,2): warning C4091: 'typedef ': ignored on left of 'CWeapon::<unnamed-enum-State_Idle>' when no variable is declared
  (compiling source file '/NetDlg.cpp')
  
C:\Users\ookam\Code\survival\postal-code\character.h(460,32): warning C4244: 'argument': conversion from 'double' to 'int16_t', possible loss of data
  (compiling source file '/NetDlg.cpp')
  
C:\Users\ookam\Code\survival\postal-code\character.h(460,19): warning C4244: 'argument': conversion from 'double' to 'int16_t', possible loss of data
  (compiling source file '/NetDlg.cpp')
  
C:\Users\ookam\Code\survival\postal-code\netmsgr.h(177,4): warning C4091: 'typedef ': ignored on left of 'NetMsg::<unnamed-enum-NOTHING>' when no variable is declared
  (compiling source file '/NetDlg.cpp')
  
C:\Users\ookam\Code\survival\postal-code\netmsgr.h(218,4): warning C4091: 'typedef ': ignored on left of 'NetMsg::<unnamed-enum-TooManyPlayers>' when no variable is declared
  (compiling source file '/NetDlg.cpp')
  
C:\Users\ookam\Code\survival\postal-code\netmsgr.h(226,4): warning C4091: 'typedef ': ignored on left of 'NetMsg::<unnamed-enum-UserAbortedGame>' when no variable is declared
  (compiling source file '/NetDlg.cpp')
  
C:\Users\ookam\Code\survival\postal-code\netmsgr.h(1267,4): warning C4091: 'typedef ': ignored on left of 'CNetMsgr::<unnamed-enum-MagicNum>' when no variable is declared
  (compiling source file '/NetDlg.cpp')
  
C:\Users\ookam\Code\survival\postal-code\netbrowse.h(75,6): warning C4996: 'strncpy': This function or variable may be unsafe. Consider using strncpy_s instead. To disable deprecation, use _CRT_SECURE_NO_WARNINGS. See online help for details.
  (compiling source file '/NetDlg.cpp')
  
C:\Users\ookam\Code\survival\postal-code\NetDlg.cpp(893,6): warning C4996: 'strcpy': This function or variable may be unsafe. Consider using strcpy_s instead. To disable deprecation, use _CRT_SECURE_NO_WARNINGS. See online help for details.
  (compiling source file '/NetDlg.cpp')
  
C:\Users\ookam\Code\survival\postal-code\NetDlg.cpp(1332,2): warning C4996: 'sprintf': This function or variable may be unsafe. Consider using sprintf_s instead. To disable deprecation, use _CRT_SECURE_NO_WARNINGS. See online help for details.
  (compiling source file '/NetDlg.cpp')
  
C:\Users\ookam\Code\survival\postal-code\NetDlg.cpp(1668,3): warning C4996: 'vsprintf': This function or variable may be unsafe. Consider using vsprintf_s instead. To disable deprecation, use _CRT_SECURE_NO_WARNINGS. See online help for details.
  (compiling source file '/NetDlg.cpp')
  
C:\Users\ookam\Code\survival\postal-code\NetDlg.cpp(1678,4): warning C4996: 'strcpy': This function or variable may be unsafe. Consider using strcpy_s instead. To disable deprecation, use _CRT_SECURE_NO_WARNINGS. See online help for details.
  (compiling source file '/NetDlg.cpp')
  
C:\Users\ookam\Code\survival\postal-code\NetDlg.cpp(1683,4): warning C4996: 'sprintf': This function or variable may be unsafe. Consider using sprintf_s instead. To disable deprecation, use _CRT_SECURE_NO_WARNINGS. See online help for details.
  (compiling source file '/NetDlg.cpp')
  
C:\Users\ookam\Code\survival\postal-code\NetDlg.cpp(1808,5): warning C4996: 'sprintf': This function or variable may be unsafe. Consider using sprintf_s instead. To disable deprecation, use _CRT_SECURE_NO_WARNINGS. See online help for details.
  (compiling source file '/NetDlg.cpp')
  
C:\Users\ookam\Code\survival\postal-code\NetDlg.cpp(1812,5): warning C4996: 'sprintf': This function or variable may be unsafe. Consider using sprintf_s instead. To disable deprecation, use _CRT_SECURE_NO_WARNINGS. See online help for details.
  (compiling source file '/NetDlg.cpp')
  
C:\Users\ookam\Code\survival\postal-code\NetDlg.cpp(1871,4): warning C4996: 'sprintf': This function or variable may be unsafe. Consider using sprintf_s instead. To disable deprecation, use _CRT_SECURE_NO_WARNINGS. See online help for details.
  (compiling source file '/NetDlg.cpp')
  
C:\Users\ookam\Code\survival\postal-code\NetDlg.cpp(1967,2): warning C4996: 'sprintf': This function or variable may be unsafe. Consider using sprintf_s instead. To disable deprecation, use _CRT_SECURE_NO_WARNINGS. See online help for details.
  (compiling source file '/NetDlg.cpp')
  
C:\Users\ookam\Code\survival\postal-code\NetDlg.cpp(2073,4): warning C4996: 'strcpy': This function or variable may be unsafe. Consider using strcpy_s instead. To disable deprecation, use _CRT_SECURE_NO_WARNINGS. See online help for details.
  (compiling source file '/NetDlg.cpp')
  
C:\Users\ookam\Code\survival\postal-code\NetDlg.cpp(2140,5): warning C4996: 'strcpy': This function or variable may be unsafe. Consider using strcpy_s instead. To disable deprecation, use _CRT_SECURE_NO_WARNINGS. See online help for details.
  (compiling source file '/NetDlg.cpp')
  
C:\Users\ookam\Code\survival\postal-code\NetDlg.cpp(2147,5): warning C4996: 'sprintf': This function or variable may be unsafe. Consider using sprintf_s instead. To disable deprecation, use _CRT_SECURE_NO_WARNINGS. See online help for details.
  (compiling source file '/NetDlg.cpp')
  
C:\Users\ookam\Code\survival\postal-code\NetDlg.cpp(2152,5): warning C4996: 'sprintf': This function or variable may be unsafe. Consider using sprintf_s instead. To disable deprecation, use _CRT_SECURE_NO_WARNINGS. See online help for details.
  (compiling source file '/NetDlg.cpp')
  
C:\Users\ookam\Code\survival\postal-code\NetDlg.cpp(2158,5): warning C4996: 'strcpy': This function or variable may be unsafe. Consider using strcpy_s instead. To disable deprecation, use _CRT_SECURE_NO_WARNINGS. See online help for details.
  (compiling source file '/NetDlg.cpp')
  
C:\Users\ookam\Code\survival\postal-code\NetDlg.cpp(2162,5): warning C4996: 'strcpy': This function or variable may be unsafe. Consider using strcpy_s instead. To disable deprecation, use _CRT_SECURE_NO_WARNINGS. See online help for details.
  (compiling source file '/NetDlg.cpp')
  
C:\Users\ookam\Code\survival\postal-code\NetDlg.cpp(2168,5): warning C4996: 'sprintf': This function or variable may be unsafe. Consider using sprintf_s instead. To disable deprecation, use _CRT_SECURE_NO_WARNINGS. See online help for details.
  (compiling source file '/NetDlg.cpp')
  
C:\Users\ookam\Code\survival\postal-code\NetDlg.cpp(2172,5): warning C4996: 'sprintf': This function or variable may be unsafe. Consider using sprintf_s instead. To disable deprecation, use _CRT_SECURE_NO_WARNINGS. See online help for details.
  (compiling source file '/NetDlg.cpp')
  
C:\Users\ookam\Code\survival\postal-code\NetDlg.cpp(2178,5): warning C4996: 'sprintf': This function or variable may be unsafe. Consider using sprintf_s instead. To disable deprecation, use _CRT_SECURE_NO_WARNINGS. See online help for details.
  (compiling source file '/NetDlg.cpp')
  
C:\Users\ookam\Code\survival\postal-code\NetDlg.cpp(2182,5): warning C4996: 'sprintf': This function or variable may be unsafe. Consider using sprintf_s instead. To disable deprecation, use _CRT_SECURE_NO_WARNINGS. See online help for details.
  (compiling source file '/NetDlg.cpp')
  
C:\Users\ookam\Code\survival\postal-code\NetDlg.cpp(2213,6): warning C4996: 'sprintf': This function or variable may be unsafe. Consider using sprintf_s instead. To disable deprecation, use _CRT_SECURE_NO_WARNINGS. See online help for details.
  (compiling source file '/NetDlg.cpp')
  
C:\Users\ookam\Code\survival\postal-code\NetDlg.cpp(2410,23): warning C4244: 'argument': conversion from 'int16_t' to 'uint8_t', possible loss of data
  (compiling source file '/NetDlg.cpp')
  
  netmsgr.cpp
C:\Users\ookam\Code\survival\postal-code\net.h(90,3): warning C4091: 'typedef ': ignored on left of 'Net::<unnamed-enum-MaxNumIDs>' when no variable is declared
  (compiling source file '/netmsgr.cpp')
  
C:\Users\ookam\Code\survival\postal-code\settings.h(41,4): warning C4091: 'typedef ': ignored on left of 'CSettings::<unnamed-enum-MemFileSize>' when no variable is declared
  (compiling source file '/netmsgr.cpp')
  
C:\Users\ookam\Code\survival\postal-code\WishPiX\Prefs\prefline.h(56,16): warning C4091: 'typedef ': ignored on left of 'RPrefsLine::ePrefsLineType' when no variable is declared
  (compiling source file '/netmsgr.cpp')
  
C:\Users\ookam\Code\survival\postal-code\WishPiX\Prefs\prefs.h(47,16): warning C4091: 'typedef ': ignored on left of 'RPrefs::ePrefs' when no variable is declared
  (compiling source file '/netmsgr.cpp')
  
C:\Users\ookam\Code\survival\postal-code\StockPile.h(94,4): warning C4091: 'typedef ': ignored on left of 'CStockPile::<unnamed-enum-Bullets>' when no variable is declared
  (compiling source file '/netmsgr.cpp')
  
C:\Users\ookam\Code\survival\postal-code\sprites.h(110,4): warning C4091: 'typedef ': ignored on left of 'CSprite::<unnamed-enum-InAlpha>' when no variable is declared
  (compiling source file '/netmsgr.cpp')
  
C:\Users\ookam\Code\survival\postal-code\sprites.h(126,4): warning C4091: 'typedef ': ignored on left of 'CSprite::<unnamed-enum-OutRendered>' when no variable is declared
  (compiling source file '/netmsgr.cpp')
  
C:\Users\ookam\Code\survival\postal-code\sprites.h(132,4): warning C4091: 'typedef ': ignored on left of 'CSprite::<unnamed-enum-PrivInserted>' when no variable is declared
  (compiling source file '/netmsgr.cpp')
  
C:\Users\ookam\Code\survival\postal-code\thing.h(385,4): warning C4091: 'typedef ': ignored on left of 'CThing::<unnamed-enum-CHoodID>' when no variable is declared
  (compiling source file '/netmsgr.cpp')
  
C:\Users\ookam\Code\survival\postal-code\realm.h(504,4): warning C4091: 'typedef ': ignored on left of 'CRealm::<unnamed-enum-Standard>' when no variable is declared
  (compiling source file '/netmsgr.cpp')
  
C:\Users\ookam\Code\survival\postal-code\weapon.h(95,2): warning C4091: 'typedef ': ignored on left of 'CWeapon::<unnamed-enum-State_Idle>' when no variable is declared
  (compiling source file '/netmsgr.cpp')
  
C:\Users\ookam\Code\survival\postal-code\character.h(460,32): warning C4244: 'argument': conversion from 'double' to 'int16_t', possible loss of data
  (compiling source file '/netmsgr.cpp')
  
C:\Users\ookam\Code\survival\postal-code\character.h(460,19): warning C4244: 'argument': conversion from 'double' to 'int16_t', possible loss of data
  (compiling source file '/netmsgr.cpp')
  
C:\Users\ookam\Code\survival\postal-code\netmsgr.h(177,4): warning C4091: 'typedef ': ignored on left of 'NetMsg::<unnamed-enum-NOTHING>' when no variable is declared
  (compiling source file '/netmsgr.cpp')
  
C:\Users\ookam\Code\survival\postal-code\netmsgr.h(218,4): warning C4091: 'typedef ': ignored on left of 'NetMsg::<unnamed-enum-TooManyPlayers>' when no variable is declared
  (compiling source file '/netmsgr.cpp')
  
C:\Users\ookam\Code\survival\postal-code\netmsgr.h(226,4): warning C4091: 'typedef ': ignored on left of 'NetMsg::<unnamed-enum-UserAbortedGame>' when no variable is declared
  (compiling source file '/netmsgr.cpp')
  
C:\Users\ookam\Code\survival\postal-code\netmsgr.h(1267,4): warning C4091: 'typedef ': ignored on left of 'CNetMsgr::<unnamed-enum-MagicNum>' when no variable is declared
  (compiling source file '/netmsgr.cpp')
  
  NetServer.cpp
C:\Users\ookam\Code\survival\postal-code\net.h(90,3): warning C4091: 'typedef ': ignored on left of 'Net::<unnamed-enum-MaxNumIDs>' when no variable is declared
  (compiling source file '/NetServer.cpp')
  
C:\Users\ookam\Code\survival\postal-code\settings.h(41,4): warning C4091: 'typedef ': ignored on left of 'CSettings::<unnamed-enum-MemFileSize>' when no variable is declared
  (compiling source file '/NetServer.cpp')
  
C:\Users\ookam\Code\survival\postal-code\WishPiX\Prefs\prefline.h(56,16): warning C4091: 'typedef ': ignored on left of 'RPrefsLine::ePrefsLineType' when no variable is declared
  (compiling source file '/NetServer.cpp')
  
C:\Users\ookam\Code\survival\postal-code\WishPiX\Prefs\prefs.h(47,16): warning C4091: 'typedef ': ignored on left of 'RPrefs::ePrefs' when no variable is declared
  (compiling source file '/NetServer.cpp')
  
C:\Users\ookam\Code\survival\postal-code\StockPile.h(94,4): warning C4091: 'typedef ': ignored on left of 'CStockPile::<unnamed-enum-Bullets>' when no variable is declared
  (compiling source file '/NetServer.cpp')
  
C:\Users\ookam\Code\survival\postal-code\sprites.h(110,4): warning C4091: 'typedef ': ignored on left of 'CSprite::<unnamed-enum-InAlpha>' when no variable is declared
  (compiling source file '/NetServer.cpp')
  
C:\Users\ookam\Code\survival\postal-code\sprites.h(126,4): warning C4091: 'typedef ': ignored on left of 'CSprite::<unnamed-enum-OutRendered>' when no variable is declared
  (compiling source file '/NetServer.cpp')
  
C:\Users\ookam\Code\survival\postal-code\sprites.h(132,4): warning C4091: 'typedef ': ignored on left of 'CSprite::<unnamed-enum-PrivInserted>' when no variable is declared
  (compiling source file '/NetServer.cpp')
  
C:\Users\ookam\Code\survival\postal-code\thing.h(385,4): warning C4091: 'typedef ': ignored on left of 'CThing::<unnamed-enum-CHoodID>' when no variable is declared
  (compiling source file '/NetServer.cpp')
  
C:\Users\ookam\Code\survival\postal-code\realm.h(504,4): warning C4091: 'typedef ': ignored on left of 'CRealm::<unnamed-enum-Standard>' when no variable is declared
  (compiling source file '/NetServer.cpp')
  
C:\Users\ookam\Code\survival\postal-code\weapon.h(95,2): warning C4091: 'typedef ': ignored on left of 'CWeapon::<unnamed-enum-State_Idle>' when no variable is declared
  (compiling source file '/NetServer.cpp')
  
C:\Users\ookam\Code\survival\postal-code\character.h(460,32): warning C4244: 'argument': conversion from 'double' to 'int16_t', possible loss of data
  (compiling source file '/NetServer.cpp')
  
C:\Users\ookam\Code\survival\postal-code\character.h(460,19): warning C4244: 'argument': conversion from 'double' to 'int16_t', possible loss of data
  (compiling source file '/NetServer.cpp')
  
C:\Users\ookam\Code\survival\postal-code\netmsgr.h(177,4): warning C4091: 'typedef ': ignored on left of 'NetMsg::<unnamed-enum-NOTHING>' when no variable is declared
  (compiling source file '/NetServer.cpp')
  
C:\Users\ookam\Code\survival\postal-code\netmsgr.h(218,4): warning C4091: 'typedef ': ignored on left of 'NetMsg::<unnamed-enum-TooManyPlayers>' when no variable is declared
  (compiling source file '/NetServer.cpp')
  
C:\Users\ookam\Code\survival\postal-code\netmsgr.h(226,4): warning C4091: 'typedef ': ignored on left of 'NetMsg::<unnamed-enum-UserAbortedGame>' when no variable is declared
  (compiling source file '/NetServer.cpp')
  
C:\Users\ookam\Code\survival\postal-code\netmsgr.h(1267,4): warning C4091: 'typedef ': ignored on left of 'CNetMsgr::<unnamed-enum-MagicNum>' when no variable is declared
  (compiling source file '/NetServer.cpp')
  
C:\Users\ookam\Code\survival\postal-code\NetServer.cpp(69,2): warning C4996: 'strncpy': This function or variable may be unsafe. Consider using strncpy_s instead. To disable deprecation, use _CRT_SECURE_NO_WARNINGS. See online help for details.
  (compiling source file '/NetServer.cpp')
  
C:\Users\ookam\Code\survival\postal-code\NetServer.cpp(222,5): warning C4996: 'strncpy': This function or variable may be unsafe. Consider using strncpy_s instead. To disable deprecation, use _CRT_SECURE_NO_WARNINGS. See online help for details.
  (compiling source file '/NetServer.cpp')
  
C:\Users\ookam\Code\survival\postal-code\NetServer.cpp(616,6): warning C4996: 'strncpy': This function or variable may be unsafe. Consider using strncpy_s instead. To disable deprecation, use _CRT_SECURE_NO_WARNINGS. See online help for details.
  (compiling source file '/NetServer.cpp')
  
  Generating Code...
  Compiling...
  organ.cpp
C:\Users\ookam\Code\survival\postal-code\settings.h(41,4): warning C4091: 'typedef ': ignored on left of 'CSettings::<unnamed-enum-MemFileSize>' when no variable is declared
  (compiling source file '/organ.cpp')
  
C:\Users\ookam\Code\survival\postal-code\WishPiX\Prefs\prefline.h(56,16): warning C4091: 'typedef ': ignored on left of 'RPrefsLine::ePrefsLineType' when no variable is declared
  (compiling source file '/organ.cpp')
  
C:\Users\ookam\Code\survival\postal-code\WishPiX\Prefs\prefs.h(47,16): warning C4091: 'typedef ': ignored on left of 'RPrefs::ePrefs' when no variable is declared
  (compiling source file '/organ.cpp')
  
C:\Users\ookam\Code\survival\postal-code\StockPile.h(94,4): warning C4091: 'typedef ': ignored on left of 'CStockPile::<unnamed-enum-Bullets>' when no variable is declared
  (compiling source file '/organ.cpp')
  
C:\Users\ookam\Code\survival\postal-code\organ.cpp(64,20): warning C4267: 'initializing': conversion from 'size_t' to 'int16_t', possible loss of data
  (compiling source file '/organ.cpp')
  
  Personatorium.cpp
C:\Users\ookam\Code\survival\postal-code\settings.h(41,4): warning C4091: 'typedef ': ignored on left of 'CSettings::<unnamed-enum-MemFileSize>' when no variable is declared
  (compiling source file '/Personatorium.cpp')
  
C:\Users\ookam\Code\survival\postal-code\WishPiX\Prefs\prefline.h(56,16): warning C4091: 'typedef ': ignored on left of 'RPrefsLine::ePrefsLineType' when no variable is declared
  (compiling source file '/Personatorium.cpp')
  
C:\Users\ookam\Code\survival\postal-code\WishPiX\Prefs\prefs.h(47,16): warning C4091: 'typedef ': ignored on left of 'RPrefs::ePrefs' when no variable is declared
  (compiling source file '/Personatorium.cpp')
  
C:\Users\ookam\Code\survival\postal-code\StockPile.h(94,4): warning C4091: 'typedef ': ignored on left of 'CStockPile::<unnamed-enum-Bullets>' when no variable is declared
  (compiling source file '/Personatorium.cpp')
  
C:\Users\ookam\Code\survival\postal-code\sprites.h(110,4): warning C4091: 'typedef ': ignored on left of 'CSprite::<unnamed-enum-InAlpha>' when no variable is declared
  (compiling source file '/Personatorium.cpp')
  
C:\Users\ookam\Code\survival\postal-code\sprites.h(126,4): warning C4091: 'typedef ': ignored on left of 'CSprite::<unnamed-enum-OutRendered>' when no variable is declared
  (compiling source file '/Personatorium.cpp')
  
C:\Users\ookam\Code\survival\postal-code\sprites.h(132,4): warning C4091: 'typedef ': ignored on left of 'CSprite::<unnamed-enum-PrivInserted>' when no variable is declared
  (compiling source file '/Personatorium.cpp')
  
C:\Users\ookam\Code\survival\postal-code\thing.h(385,4): warning C4091: 'typedef ': ignored on left of 'CThing::<unnamed-enum-CHoodID>' when no variable is declared
  (compiling source file '/Personatorium.cpp')
  
  ProtoBSDIP.cpp
  realm.cpp
C:\Users\ookam\Code\survival\postal-code\realm.cpp(337,9): warning C4603: 'REALM_CPP': macro is not defined or definition is different after precompiled header use
  (compiling source file '/realm.cpp')
      C:\Users\ookam\Code\survival\postal-code\realm.cpp(337,9):
      Add macro to precompiled header instead of defining here
      C:\Users\ookam\Code\survival\postal-code\realm.cpp(339,1):
      use of precompiled header
  
C:\Users\ookam\Code\survival\postal-code\settings.h(41,4): warning C4091: 'typedef ': ignored on left of 'CSettings::<unnamed-enum-MemFileSize>' when no variable is declared
  (compiling source file '/realm.cpp')
  
C:\Users\ookam\Code\survival\postal-code\WishPiX\Prefs\prefline.h(56,16): warning C4091: 'typedef ': ignored on left of 'RPrefsLine::ePrefsLineType' when no variable is declared
  (compiling source file '/realm.cpp')
  
C:\Users\ookam\Code\survival\postal-code\WishPiX\Prefs\prefs.h(47,16): warning C4091: 'typedef ': ignored on left of 'RPrefs::ePrefs' when no variable is declared
  (compiling source file '/realm.cpp')
  
C:\Users\ookam\Code\survival\postal-code\StockPile.h(94,4): warning C4091: 'typedef ': ignored on left of 'CStockPile::<unnamed-enum-Bullets>' when no variable is declared
  (compiling source file '/realm.cpp')
  
C:\Users\ookam\Code\survival\postal-code\sprites.h(110,4): warning C4091: 'typedef ': ignored on left of 'CSprite::<unnamed-enum-InAlpha>' when no variable is declared
  (compiling source file '/realm.cpp')
  
C:\Users\ookam\Code\survival\postal-code\sprites.h(126,4): warning C4091: 'typedef ': ignored on left of 'CSprite::<unnamed-enum-OutRendered>' when no variable is declared
  (compiling source file '/realm.cpp')
  
C:\Users\ookam\Code\survival\postal-code\sprites.h(132,4): warning C4091: 'typedef ': ignored on left of 'CSprite::<unnamed-enum-PrivInserted>' when no variable is declared
  (compiling source file '/realm.cpp')
  
C:\Users\ookam\Code\survival\postal-code\thing.h(385,4): warning C4091: 'typedef ': ignored on left of 'CThing::<unnamed-enum-CHoodID>' when no variable is declared
  (compiling source file '/realm.cpp')
  
C:\Users\ookam\Code\survival\postal-code\realm.h(504,4): warning C4091: 'typedef ': ignored on left of 'CRealm::<unnamed-enum-Standard>' when no variable is declared
  (compiling source file '/realm.cpp')
  
C:\Users\ookam\Code\survival\postal-code\net.h(90,3): warning C4091: 'typedef ': ignored on left of 'Net::<unnamed-enum-MaxNumIDs>' when no variable is declared
  (compiling source file '/realm.cpp')
  
C:\Users\ookam\Code\survival\postal-code\weapon.h(95,2): warning C4091: 'typedef ': ignored on left of 'CWeapon::<unnamed-enum-State_Idle>' when no variable is declared
  (compiling source file '/realm.cpp')
  
C:\Users\ookam\Code\survival\postal-code\character.h(460,32): warning C4244: 'argument': conversion from 'double' to 'int16_t', possible loss of data
  (compiling source file '/realm.cpp')
  
C:\Users\ookam\Code\survival\postal-code\character.h(460,19): warning C4244: 'argument': conversion from 'double' to 'int16_t', possible loss of data
  (compiling source file '/realm.cpp')
  
C:\Users\ookam\Code\survival\postal-code\netmsgr.h(177,4): warning C4091: 'typedef ': ignored on left of 'NetMsg::<unnamed-enum-NOTHING>' when no variable is declared
  (compiling source file '/realm.cpp')
  
C:\Users\ookam\Code\survival\postal-code\netmsgr.h(218,4): warning C4091: 'typedef ': ignored on left of 'NetMsg::<unnamed-enum-TooManyPlayers>' when no variable is declared
  (compiling source file '/realm.cpp')
  
C:\Users\ookam\Code\survival\postal-code\netmsgr.h(226,4): warning C4091: 'typedef ': ignored on left of 'NetMsg::<unnamed-enum-UserAbortedGame>' when no variable is declared
  (compiling source file '/realm.cpp')
  
C:\Users\ookam\Code\survival\postal-code\netmsgr.h(1267,4): warning C4091: 'typedef ': ignored on left of 'CNetMsgr::<unnamed-enum-MagicNum>' when no variable is declared
  (compiling source file '/realm.cpp')
  
C:\Users\ookam\Code\survival\postal-code\RSPiX\Src\ORANGE\Debug\profile.h(299,18): warning C4996: 'strcpy': This function or variable may be unsafe. Consider using strcpy_s instead. To disable deprecation, use _CRT_SECURE_NO_WARNINGS. See online help for details.
  (compiling source file '/realm.cpp')
  
C:\Users\ookam\Code\survival\postal-code\realm.cpp(580,22): warning C4244: '=': conversion from 'time_t' to 'int32_t', possible loss of data
  (compiling source file '/realm.cpp')
  
C:\Users\ookam\Code\survival\postal-code\realm.cpp(581,27): warning C4244: '=': conversion from 'time_t' to 'int32_t', possible loss of data
  (compiling source file '/realm.cpp')
  
C:\Users\ookam\Code\survival\postal-code\realm.cpp(789,5): warning C4996: 'strcpy': This function or variable may be unsafe. Consider using strcpy_s instead. To disable deprecation, use _CRT_SECURE_NO_WARNINGS. See online help for details.
  (compiling source file '/realm.cpp')
  
C:\Users\ookam\Code\survival\postal-code\realm.cpp(793,6): warning C4996: 'strcpy': This function or variable may be unsafe. Consider using strcpy_s instead. To disable deprecation, use _CRT_SECURE_NO_WARNINGS. See online help for details.
  (compiling source file '/realm.cpp')
  
C:\Users\ookam\Code\survival\postal-code\realm.cpp(1858,16): warning C4244: 'initializing': conversion from 'double' to 'float', possible loss of data
  (compiling source file '/realm.cpp')
  
C:\Users\ookam\Code\survival\postal-code\realm.cpp(1859,16): warning C4244: 'initializing': conversion from 'double' to 'float', possible loss of data
  (compiling source file '/realm.cpp')
  
C:\Users\ookam\Code\survival\postal-code\realm.cpp(1868,35): warning C4244: 'argument': conversion from 'T' to 'int32_t', possible loss of data
C:\Users\ookam\Code\survival\postal-code\realm.cpp(1868,35): warning C4244:         with
C:\Users\ookam\Code\survival\postal-code\realm.cpp(1868,35): warning C4244:         [
C:\Users\ookam\Code\survival\postal-code\realm.cpp(1868,35): warning C4244:             T=float
C:\Users\ookam\Code\survival\postal-code\realm.cpp(1868,35): warning C4244:         ]
  (compiling source file '/realm.cpp')
  
C:\Users\ookam\Code\survival\postal-code\realm.cpp(1908,2): warning C4244: '=': conversion from 'float' to 'int16_t', possible loss of data
  (compiling source file '/realm.cpp')
  
C:\Users\ookam\Code\survival\postal-code\realm.cpp(1909,2): warning C4244: '=': conversion from 'float' to 'int16_t', possible loss of data
  (compiling source file '/realm.cpp')
  
C:\Users\ookam\Code\survival\postal-code\realm.cpp(1910,2): warning C4244: '=': conversion from 'float' to 'int16_t', possible loss of data
  (compiling source file '/realm.cpp')
  
C:\Users\ookam\Code\survival\postal-code\realm.cpp(2321,2): warning C4996: 'strcpy': This function or variable may be unsafe. Consider using strcpy_s instead. To disable deprecation, use _CRT_SECURE_NO_WARNINGS. See online help for details.
  (compiling source file '/realm.cpp')
  
C:\Users\ookam\Code\survival\postal-code\realm.cpp(2322,2): warning C4996: 'strcat': This function or variable may be unsafe. Consider using strcat_s instead. To disable deprecation, use _CRT_SECURE_NO_WARNINGS. See online help for details.
  (compiling source file '/realm.cpp')
  
C:\Users\ookam\Code\survival\postal-code\realm.cpp(489,31): warning C4244: '=': conversion from 'double' to 'TOut', possible loss of data
C:\Users\ookam\Code\survival\postal-code\realm.cpp(489,31): warning C4244:         with
C:\Users\ookam\Code\survival\postal-code\realm.cpp(489,31): warning C4244:         [
C:\Users\ookam\Code\survival\postal-code\realm.cpp(489,31): warning C4244:             TOut=int16_t
C:\Users\ookam\Code\survival\postal-code\realm.cpp(489,31): warning C4244:         ]
  (compiling source file '/realm.cpp')
      C:\Users\ookam\Code\survival\postal-code\realm.cpp(489,31):
      the template instantiation context (the oldest one first) is
          C:\Users\ookam\Code\survival\postal-code\realm.cpp(2055,4):
          see reference to function template instantiation 'void Map3Dto2D<int16_t,int16_t>(TIn,TIn,TIn,TOut *,TOut *,int16_t)' being compiled
          with
          [
              TIn=int16_t,
              TOut=int16_t
          ]
  
C:\Users\ookam\Code\survival\postal-code\realm.cpp(504,29): warning C4244: '=': conversion from 'double' to 'TOut', possible loss of data
C:\Users\ookam\Code\survival\postal-code\realm.cpp(504,29): warning C4244:         with
C:\Users\ookam\Code\survival\postal-code\realm.cpp(504,29): warning C4244:         [
C:\Users\ookam\Code\survival\postal-code\realm.cpp(504,29): warning C4244:             TOut=int16_t
C:\Users\ookam\Code\survival\postal-code\realm.cpp(504,29): warning C4244:         ]
  (compiling source file '/realm.cpp')
      C:\Users\ookam\Code\survival\postal-code\realm.cpp(504,29):
      the template instantiation context (the oldest one first) is
          C:\Users\ookam\Code\survival\postal-code\realm.cpp(2092,4):
          see reference to function template instantiation 'void MapZ3DtoY2D<int16_t,int16_t>(TIn,TOut *,int16_t)' being compiled
          with
          [
              TIn=int16_t,
              TOut=int16_t
          ]
  
C:\Users\ookam\Code\survival\postal-code\realm.cpp(519,12): warning C4244: 'initializing': conversion from 'double' to 'float', possible loss of data
  (compiling source file '/realm.cpp')
      C:\Users\ookam\Code\survival\postal-code\realm.cpp(519,12):
      the template instantiation context (the oldest one first) is
          C:\Users\ookam\Code\survival\postal-code\realm.cpp(2103,4):
          see reference to function template instantiation 'void MapY2DtoZ3D<double,double>(TIn,TOut *,int16_t)' being compiled
          with
          [
              TIn=double,
              TOut=double
          ]
  
C:\Users\ookam\Code\survival\postal-code\realm.cpp(522,18): warning C4244: '=': conversion from 'float' to 'TOut', possible loss of data
C:\Users\ookam\Code\survival\postal-code\realm.cpp(522,18): warning C4244:         with
C:\Users\ookam\Code\survival\postal-code\realm.cpp(522,18): warning C4244:         [
C:\Users\ookam\Code\survival\postal-code\realm.cpp(522,18): warning C4244:             TOut=int16_t
C:\Users\ookam\Code\survival\postal-code\realm.cpp(522,18): warning C4244:         ]
  (compiling source file '/realm.cpp')
  
C:\Users\ookam\Code\survival\postal-code\realm.cpp(542,29): warning C4244: '=': conversion from 'double' to 'TOut', possible loss of data
C:\Users\ookam\Code\survival\postal-code\realm.cpp(542,29): warning C4244:         with
C:\Users\ookam\Code\survival\postal-code\realm.cpp(542,29): warning C4244:         [
C:\Users\ookam\Code\survival\postal-code\realm.cpp(542,29): warning C4244:             TOut=int16_t
C:\Users\ookam\Code\survival\postal-code\realm.cpp(542,29): warning C4244:         ]
  (compiling source file '/realm.cpp')
      C:\Users\ookam\Code\survival\postal-code\realm.cpp(542,29):
      the template instantiation context (the oldest one first) is
          C:\Users\ookam\Code\survival\postal-code\realm.cpp(2136,4):
          see reference to function template instantiation 'void MapY3DtoY2D<int16_t,int16_t>(TIn,TOut *,int16_t)' being compiled
          with
          [
              TIn=int16_t,
              TOut=int16_t
          ]
  
C:\Users\ookam\Code\survival\postal-code\realm.cpp(557,12): warning C4244: 'initializing': conversion from 'double' to 'float', possible loss of data
  (compiling source file '/realm.cpp')
      C:\Users\ookam\Code\survival\postal-code\realm.cpp(557,12):
      the template instantiation context (the oldest one first) is
          C:\Users\ookam\Code\survival\postal-code\realm.cpp(2147,4):
          see reference to function template instantiation 'void MapY2DtoY3D<double,double>(TIn,TOut *,int16_t)' being compiled
          with
          [
              TIn=double,
              TOut=double
          ]
  
C:\Users\ookam\Code\survival\postal-code\realm.cpp(560,18): warning C4244: '=': conversion from 'float' to 'TOut', possible loss of data
C:\Users\ookam\Code\survival\postal-code\realm.cpp(560,18): warning C4244:         with
C:\Users\ookam\Code\survival\postal-code\realm.cpp(560,18): warning C4244:         [
C:\Users\ookam\Code\survival\postal-code\realm.cpp(560,18): warning C4244:             TOut=int16_t
C:\Users\ookam\Code\survival\postal-code\realm.cpp(560,18): warning C4244:         ]
  (compiling source file '/realm.cpp')
  
  scene.cpp
C:\Users\ookam\Code\survival\postal-code\scene.cpp(319,9): warning C4603: 'SCENE_CPP': macro is not defined or definition is different after precompiled header use
  (compiling source file '/scene.cpp')
      C:\Users\ookam\Code\survival\postal-code\scene.cpp(319,9):
      Add macro to precompiled header instead of defining here
      C:\Users\ookam\Code\survival\postal-code\scene.cpp(321,1):
      use of precompiled header
  
C:\Users\ookam\Code\survival\postal-code\settings.h(41,4): warning C4091: 'typedef ': ignored on left of 'CSettings::<unnamed-enum-MemFileSize>' when no variable is declared
  (compiling source file '/scene.cpp')
  
C:\Users\ookam\Code\survival\postal-code\WishPiX\Prefs\prefline.h(56,16): warning C4091: 'typedef ': ignored on left of 'RPrefsLine::ePrefsLineType' when no variable is declared
  (compiling source file '/scene.cpp')
  
C:\Users\ookam\Code\survival\postal-code\WishPiX\Prefs\prefs.h(47,16): warning C4091: 'typedef ': ignored on left of 'RPrefs::ePrefs' when no variable is declared
  (compiling source file '/scene.cpp')
  
C:\Users\ookam\Code\survival\postal-code\StockPile.h(94,4): warning C4091: 'typedef ': ignored on left of 'CStockPile::<unnamed-enum-Bullets>' when no variable is declared
  (compiling source file '/scene.cpp')
  
C:\Users\ookam\Code\survival\postal-code\sprites.h(110,4): warning C4091: 'typedef ': ignored on left of 'CSprite::<unnamed-enum-InAlpha>' when no variable is declared
  (compiling source file '/scene.cpp')
  
C:\Users\ookam\Code\survival\postal-code\sprites.h(126,4): warning C4091: 'typedef ': ignored on left of 'CSprite::<unnamed-enum-OutRendered>' when no variable is declared
  (compiling source file '/scene.cpp')
  
C:\Users\ookam\Code\survival\postal-code\sprites.h(132,4): warning C4091: 'typedef ': ignored on left of 'CSprite::<unnamed-enum-PrivInserted>' when no variable is declared
  (compiling source file '/scene.cpp')
  
C:\Users\ookam\Code\survival\postal-code\thing.h(385,4): warning C4091: 'typedef ': ignored on left of 'CThing::<unnamed-enum-CHoodID>' when no variable is declared
  (compiling source file '/scene.cpp')
  
C:\Users\ookam\Code\survival\postal-code\scene.cpp(996,5): warning C4996: 'sprintf': This function or variable may be unsafe. Consider using sprintf_s instead. To disable deprecation, use _CRT_SECURE_NO_WARNINGS. See online help for details.
  (compiling source file '/scene.cpp')
  
C:\Users\ookam\Code\survival\postal-code\scene.cpp(1002,5): warning C4996: 'strcpy': This function or variable may be unsafe. Consider using strcpy_s instead. To disable deprecation, use _CRT_SECURE_NO_WARNINGS. See online help for details.
  (compiling source file '/scene.cpp')
  
C:\Users\ookam\Code\survival\postal-code\scene.cpp(1011,6): warning C4996: 'sprintf': This function or variable may be unsafe. Consider using sprintf_s instead. To disable deprecation, use _CRT_SECURE_NO_WARNINGS. See online help for details.
  (compiling source file '/scene.cpp')
  
C:\Users\ookam\Code\survival\postal-code\scene.cpp(1018,4): warning C4996: 'strcat': This function or variable may be unsafe. Consider using strcat_s instead. To disable deprecation, use _CRT_SECURE_NO_WARNINGS. See online help for details.
  (compiling source file '/scene.cpp')
  
C:\Users\ookam\Code\survival\postal-code\scene.cpp(1734,30): warning C4244: 'argument': conversion from 'double' to 'int16_t', possible loss of data
  (compiling source file '/scene.cpp')
  
C:\Users\ookam\Code\survival\postal-code\scene.cpp(1771,23): warning C4244: 'initializing': conversion from 'double' to 'int16_t', possible loss of data
  (compiling source file '/scene.cpp')
  
C:\Users\ookam\Code\survival\postal-code\scene.cpp(1782,41): warning C4244: 'argument': conversion from 'double' to 'float', possible loss of data
  (compiling source file '/scene.cpp')
  
C:\Users\ookam\Code\survival\postal-code\scene.cpp(1782,27): warning C4244: 'argument': conversion from 'double' to 'float', possible loss of data
  (compiling source file '/scene.cpp')
  
C:\Users\ookam\Code\survival\postal-code\scene.cpp(1784,37): warning C4244: 'argument': conversion from 'double' to 'float', possible loss of data
  (compiling source file '/scene.cpp')
  
C:\Users\ookam\Code\survival\postal-code\scene.cpp(1784,23): warning C4244: 'argument': conversion from 'double' to 'float', possible loss of data
  (compiling source file '/scene.cpp')
  
C:\Users\ookam\Code\survival\postal-code\scene.cpp(1796,23): warning C4244: 'argument': conversion from 'double' to 'float', possible loss of data
  (compiling source file '/scene.cpp')
  
C:\Users\ookam\Code\survival\postal-code\scene.cpp(1795,23): warning C4244: 'argument': conversion from 'double' to 'float', possible loss of data
  (compiling source file '/scene.cpp')
  
C:\Users\ookam\Code\survival\postal-code\scene.cpp(1802,23): warning C4244: 'argument': conversion from 'double' to 'float', possible loss of data
  (compiling source file '/scene.cpp')
  
C:\Users\ookam\Code\survival\postal-code\scene.cpp(1801,23): warning C4244: 'argument': conversion from 'double' to 'float', possible loss of data
  (compiling source file '/scene.cpp')
  
C:\Users\ookam\Code\survival\postal-code\scene.cpp(1800,23): warning C4244: 'argument': conversion from 'double' to 'float', possible loss of data
  (compiling source file '/scene.cpp')
  
C:\Users\ookam\Code\survival\postal-code\scene.cpp(1899,43): warning C4244: '-=': conversion from 'double' to 'float', possible loss of data
  (compiling source file '/scene.cpp')
  
C:\Users\ookam\Code\survival\postal-code\scene.cpp(1900,19): warning C4244: '=': conversion from 'double' to 'float', possible loss of data
  (compiling source file '/scene.cpp')
  
  score.cpp
C:\Users\ookam\Code\survival\postal-code\score.cpp(182,9): warning C4603: 'SCORE_CPP': macro is not defined or definition is different after precompiled header use
  (compiling source file '/score.cpp')
      C:\Users\ookam\Code\survival\postal-code\score.cpp(182,9):
      Add macro to precompiled header instead of defining here
      C:\Users\ookam\Code\survival\postal-code\score.cpp(188,1):
      use of precompiled header
  
C:\Users\ookam\Code\survival\postal-code\settings.h(41,4): warning C4091: 'typedef ': ignored on left of 'CSettings::<unnamed-enum-MemFileSize>' when no variable is declared
  (compiling source file '/score.cpp')
  
C:\Users\ookam\Code\survival\postal-code\WishPiX\Prefs\prefline.h(56,16): warning C4091: 'typedef ': ignored on left of 'RPrefsLine::ePrefsLineType' when no variable is declared
  (compiling source file '/score.cpp')
  
C:\Users\ookam\Code\survival\postal-code\WishPiX\Prefs\prefs.h(47,16): warning C4091: 'typedef ': ignored on left of 'RPrefs::ePrefs' when no variable is declared
  (compiling source file '/score.cpp')
  
C:\Users\ookam\Code\survival\postal-code\StockPile.h(94,4): warning C4091: 'typedef ': ignored on left of 'CStockPile::<unnamed-enum-Bullets>' when no variable is declared
  (compiling source file '/score.cpp')
  
C:\Users\ookam\Code\survival\postal-code\sprites.h(110,4): warning C4091: 'typedef ': ignored on left of 'CSprite::<unnamed-enum-InAlpha>' when no variable is declared
  (compiling source file '/score.cpp')
  
C:\Users\ookam\Code\survival\postal-code\sprites.h(126,4): warning C4091: 'typedef ': ignored on left of 'CSprite::<unnamed-enum-OutRendered>' when no variable is declared
  (compiling source file '/score.cpp')
  
C:\Users\ookam\Code\survival\postal-code\sprites.h(132,4): warning C4091: 'typedef ': ignored on left of 'CSprite::<unnamed-enum-PrivInserted>' when no variable is declared
  (compiling source file '/score.cpp')
  
C:\Users\ookam\Code\survival\postal-code\thing.h(385,4): warning C4091: 'typedef ': ignored on left of 'CThing::<unnamed-enum-CHoodID>' when no variable is declared
  (compiling source file '/score.cpp')
  
C:\Users\ookam\Code\survival\postal-code\realm.h(504,4): warning C4091: 'typedef ': ignored on left of 'CRealm::<unnamed-enum-Standard>' when no variable is declared
  (compiling source file '/score.cpp')
  
C:\Users\ookam\Code\survival\postal-code\net.h(90,3): warning C4091: 'typedef ': ignored on left of 'Net::<unnamed-enum-MaxNumIDs>' when no variable is declared
  (compiling source file '/score.cpp')
  
C:\Users\ookam\Code\survival\postal-code\weapon.h(95,2): warning C4091: 'typedef ': ignored on left of 'CWeapon::<unnamed-enum-State_Idle>' when no variable is declared
  (compiling source file '/score.cpp')
  
C:\Users\ookam\Code\survival\postal-code\character.h(460,32): warning C4244: 'argument': conversion from 'double' to 'int16_t', possible loss of data
  (compiling source file '/score.cpp')
  
C:\Users\ookam\Code\survival\postal-code\character.h(460,19): warning C4244: 'argument': conversion from 'double' to 'int16_t', possible loss of data
  (compiling source file '/score.cpp')
  
C:\Users\ookam\Code\survival\postal-code\netmsgr.h(177,4): warning C4091: 'typedef ': ignored on left of 'NetMsg::<unnamed-enum-NOTHING>' when no variable is declared
  (compiling source file '/score.cpp')
  
C:\Users\ookam\Code\survival\postal-code\netmsgr.h(218,4): warning C4091: 'typedef ': ignored on left of 'NetMsg::<unnamed-enum-TooManyPlayers>' when no variable is declared
  (compiling source file '/score.cpp')
  
C:\Users\ookam\Code\survival\postal-code\netmsgr.h(226,4): warning C4091: 'typedef ': ignored on left of 'NetMsg::<unnamed-enum-UserAbortedGame>' when no variable is declared
  (compiling source file '/score.cpp')
  
C:\Users\ookam\Code\survival\postal-code\netmsgr.h(1267,4): warning C4091: 'typedef ': ignored on left of 'CNetMsgr::<unnamed-enum-MagicNum>' when no variable is declared
  (compiling source file '/score.cpp')
  
C:\Users\ookam\Code\survival\postal-code\score.cpp(274,2): warning C4996: 'sprintf': This function or variable may be unsafe. Consider using sprintf_s instead. To disable deprecation, use _CRT_SECURE_NO_WARNINGS. See online help for details.
  (compiling source file '/score.cpp')
  
C:\Users\ookam\Code\survival\postal-code\score.cpp(308,2): warning C4996: 'sprintf': This function or variable may be unsafe. Consider using sprintf_s instead. To disable deprecation, use _CRT_SECURE_NO_WARNINGS. See online help for details.
  (compiling source file '/score.cpp')
  
C:\Users\ookam\Code\survival\postal-code\score.cpp(485,30): warning C4244: 'argument': conversion from 'int16_t' to 'Net::ID', possible loss of data
  (compiling source file '/score.cpp')
  
C:\Users\ookam\Code\survival\postal-code\score.cpp(518,30): warning C4244: 'argument': conversion from 'int16_t' to 'Net::ID', possible loss of data
  (compiling source file '/score.cpp')
  
C:\Users\ookam\Code\survival\postal-code\score.cpp(574,30): warning C4244: 'argument': conversion from 'int16_t' to 'Net::ID', possible loss of data
  (compiling source file '/score.cpp')
  
C:\Users\ookam\Code\survival\postal-code\score.cpp(1106,60): warning C4244: 'argument': conversion from 'int16_t' to 'Net::ID', possible loss of data
  (compiling source file '/score.cpp')
  
C:\Users\ookam\Code\survival\postal-code\score.cpp(920,5): warning C4996: 'sprintf': This function or variable may be unsafe. Consider using sprintf_s instead. To disable deprecation, use _CRT_SECURE_NO_WARNINGS. See online help for details.
  (compiling source file '/score.cpp')
  
C:\Users\ookam\Code\survival\postal-code\score.cpp(927,5): warning C4996: 'sprintf': This function or variable may be unsafe. Consider using sprintf_s instead. To disable deprecation, use _CRT_SECURE_NO_WARNINGS. See online help for details.
  (compiling source file '/score.cpp')
  
C:\Users\ookam\Code\survival\postal-code\score.cpp(943,5): warning C4996: 'sprintf': This function or variable may be unsafe. Consider using sprintf_s instead. To disable deprecation, use _CRT_SECURE_NO_WARNINGS. See online help for details.
  (compiling source file '/score.cpp')
  
C:\Users\ookam\Code\survival\postal-code\score.cpp(959,5): warning C4996: 'sprintf': This function or variable may be unsafe. Consider using sprintf_s instead. To disable deprecation, use _CRT_SECURE_NO_WARNINGS. See online help for details.
  (compiling source file '/score.cpp')
  
C:\Users\ookam\Code\survival\postal-code\score.cpp(975,5): warning C4996: 'sprintf': This function or variable may be unsafe. Consider using sprintf_s instead. To disable deprecation, use _CRT_SECURE_NO_WARNINGS. See online help for details.
  (compiling source file '/score.cpp')
  
C:\Users\ookam\Code\survival\postal-code\score.cpp(991,5): warning C4996: 'sprintf': This function or variable may be unsafe. Consider using sprintf_s instead. To disable deprecation, use _CRT_SECURE_NO_WARNINGS. See online help for details.
  (compiling source file '/score.cpp')
  
C:\Users\ookam\Code\survival\postal-code\score.cpp(1007,5): warning C4996: 'sprintf': This function or variable may be unsafe. Consider using sprintf_s instead. To disable deprecation, use _CRT_SECURE_NO_WARNINGS. See online help for details.
  (compiling source file '/score.cpp')
  
C:\Users\ookam\Code\survival\postal-code\score.cpp(1035,5): warning C4996: 'sprintf': This function or variable may be unsafe. Consider using sprintf_s instead. To disable deprecation, use _CRT_SECURE_NO_WARNINGS. See online help for details.
  (compiling source file '/score.cpp')
  
C:\Users\ookam\Code\survival\postal-code\score.cpp(1040,6): warning C4996: 'strcpy': This function or variable may be unsafe. Consider using strcpy_s instead. To disable deprecation, use _CRT_SECURE_NO_WARNINGS. See online help for details.
  (compiling source file '/score.cpp')
  
C:\Users\ookam\Code\survival\postal-code\score.cpp(1044,5): warning C4996: 'sprintf': This function or variable may be unsafe. Consider using sprintf_s instead. To disable deprecation, use _CRT_SECURE_NO_WARNINGS. See online help for details.
  (compiling source file '/score.cpp')
  
C:\Users\ookam\Code\survival\postal-code\score.cpp(1106,6): warning C4996: 'strncpy': This function or variable may be unsafe. Consider using strncpy_s instead. To disable deprecation, use _CRT_SECURE_NO_WARNINGS. See online help for details.
  (compiling source file '/score.cpp')
  
C:\Users\ookam\Code\survival\postal-code\score.cpp(1160,5): warning C4996: 'strcpy': This function or variable may be unsafe. Consider using strcpy_s instead. To disable deprecation, use _CRT_SECURE_NO_WARNINGS. See online help for details.
  (compiling source file '/score.cpp')
  
C:\Users\ookam\Code\survival\postal-code\score.cpp(1295,9): warning C4996: 'strcpy': This function or variable may be unsafe. Consider using strcpy_s instead. To disable deprecation, use _CRT_SECURE_NO_WARNINGS. See online help for details.
  (compiling source file '/score.cpp')
  
C:\Users\ookam\Code\survival\postal-code\score.cpp(1424,8): warning C4996: 'sprintf': This function or variable may be unsafe. Consider using sprintf_s instead. To disable deprecation, use _CRT_SECURE_NO_WARNINGS. See online help for details.
  (compiling source file '/score.cpp')
  
C:\Users\ookam\Code\survival\postal-code\score.cpp(1426,8): warning C4996: 'sprintf': This function or variable may be unsafe. Consider using sprintf_s instead. To disable deprecation, use _CRT_SECURE_NO_WARNINGS. See online help for details.
  (compiling source file '/score.cpp')
  
C:\Users\ookam\Code\survival\postal-code\score.cpp(888,12): warning C4101: 'pguiRoot': unreferenced local variable
  (compiling source file '/score.cpp')
  
  smash.cpp
C:\Users\ookam\Code\survival\postal-code\settings.h(41,4): warning C4091: 'typedef ': ignored on left of 'CSettings::<unnamed-enum-MemFileSize>' when no variable is declared
  (compiling source file '/smash.cpp')
  
C:\Users\ookam\Code\survival\postal-code\WishPiX\Prefs\prefline.h(56,16): warning C4091: 'typedef ': ignored on left of 'RPrefsLine::ePrefsLineType' when no variable is declared
  (compiling source file '/smash.cpp')
  
C:\Users\ookam\Code\survival\postal-code\WishPiX\Prefs\prefs.h(47,16): warning C4091: 'typedef ': ignored on left of 'RPrefs::ePrefs' when no variable is declared
  (compiling source file '/smash.cpp')
  
C:\Users\ookam\Code\survival\postal-code\StockPile.h(94,4): warning C4091: 'typedef ': ignored on left of 'CStockPile::<unnamed-enum-Bullets>' when no variable is declared
  (compiling source file '/smash.cpp')
  
C:\Users\ookam\Code\survival\postal-code\sprites.h(110,4): warning C4091: 'typedef ': ignored on left of 'CSprite::<unnamed-enum-InAlpha>' when no variable is declared
  (compiling source file '/smash.cpp')
  
C:\Users\ookam\Code\survival\postal-code\sprites.h(126,4): warning C4091: 'typedef ': ignored on left of 'CSprite::<unnamed-enum-OutRendered>' when no variable is declared
  (compiling source file '/smash.cpp')
  
C:\Users\ookam\Code\survival\postal-code\sprites.h(132,4): warning C4091: 'typedef ': ignored on left of 'CSprite::<unnamed-enum-PrivInserted>' when no variable is declared
  (compiling source file '/smash.cpp')
  
C:\Users\ookam\Code\survival\postal-code\thing.h(385,4): warning C4091: 'typedef ': ignored on left of 'CThing::<unnamed-enum-CHoodID>' when no variable is declared
  (compiling source file '/smash.cpp')
  
C:\Users\ookam\Code\survival\postal-code\realm.h(504,4): warning C4091: 'typedef ': ignored on left of 'CRealm::<unnamed-enum-Standard>' when no variable is declared
  (compiling source file '/smash.cpp')
  
C:\Users\ookam\Code\survival\postal-code\smash.cpp(875,14): warning C4996: 'fopen': This function or variable may be unsafe. Consider using fopen_s instead. To disable deprecation, use _CRT_SECURE_NO_WARNINGS. See online help for details.
  (compiling source file '/smash.cpp')
  
  socket.cpp
C:\Users\ookam\Code\survival\postal-code\socket.cpp(706,3): warning C4996: 'strcpy': This function or variable may be unsafe. Consider using strcpy_s instead. To disable deprecation, use _CRT_SECURE_NO_WARNINGS. See online help for details.
  (compiling source file '/socket.cpp')
  
  StockPile.cpp
C:\Users\ookam\Code\survival\postal-code\StockPile.h(94,4): warning C4091: 'typedef ': ignored on left of 'CStockPile::<unnamed-enum-Bullets>' when no variable is declared
  (compiling source file '/StockPile.cpp')
  
C:\Users\ookam\Code\survival\postal-code\settings.h(41,4): warning C4091: 'typedef ': ignored on left of 'CSettings::<unnamed-enum-MemFileSize>' when no variable is declared
  (compiling source file '/StockPile.cpp')
  
C:\Users\ookam\Code\survival\postal-code\WishPiX\Prefs\prefline.h(56,16): warning C4091: 'typedef ': ignored on left of 'RPrefsLine::ePrefsLineType' when no variable is declared
  (compiling source file '/StockPile.cpp')
  
C:\Users\ookam\Code\survival\postal-code\WishPiX\Prefs\prefs.h(47,16): warning C4091: 'typedef ': ignored on left of 'RPrefs::ePrefs' when no variable is declared
  (compiling source file '/StockPile.cpp')
  
C:\Users\ookam\Code\survival\postal-code\sprites.h(110,4): warning C4091: 'typedef ': ignored on left of 'CSprite::<unnamed-enum-InAlpha>' when no variable is declared
  (compiling source file '/StockPile.cpp')
  
C:\Users\ookam\Code\survival\postal-code\sprites.h(126,4): warning C4091: 'typedef ': ignored on left of 'CSprite::<unnamed-enum-OutRendered>' when no variable is declared
  (compiling source file '/StockPile.cpp')
  
C:\Users\ookam\Code\survival\postal-code\sprites.h(132,4): warning C4091: 'typedef ': ignored on left of 'CSprite::<unnamed-enum-PrivInserted>' when no variable is declared
  (compiling source file '/StockPile.cpp')
  
C:\Users\ookam\Code\survival\postal-code\thing.h(385,4): warning C4091: 'typedef ': ignored on left of 'CThing::<unnamed-enum-CHoodID>' when no variable is declared
  (compiling source file '/StockPile.cpp')
  
C:\Users\ookam\Code\survival\postal-code\realm.h(504,4): warning C4091: 'typedef ': ignored on left of 'CRealm::<unnamed-enum-Standard>' when no variable is declared
  (compiling source file '/StockPile.cpp')
  
C:\Users\ookam\Code\survival\postal-code\weapon.h(95,2): warning C4091: 'typedef ': ignored on left of 'CWeapon::<unnamed-enum-State_Idle>' when no variable is declared
  (compiling source file '/StockPile.cpp')
  
C:\Users\ookam\Code\survival\postal-code\character.h(460,32): warning C4244: 'argument': conversion from 'double' to 'int16_t', possible loss of data
  (compiling source file '/StockPile.cpp')
  
C:\Users\ookam\Code\survival\postal-code\character.h(460,19): warning C4244: 'argument': conversion from 'double' to 'int16_t', possible loss of data
  (compiling source file '/StockPile.cpp')
  
  TexEdit.cpp
C:\Users\ookam\Code\survival\postal-code\settings.h(41,4): warning C4091: 'typedef ': ignored on left of 'CSettings::<unnamed-enum-MemFileSize>' when no variable is declared
  (compiling source file '/TexEdit.cpp')
  
C:\Users\ookam\Code\survival\postal-code\WishPiX\Prefs\prefline.h(56,16): warning C4091: 'typedef ': ignored on left of 'RPrefsLine::ePrefsLineType' when no variable is declared
  (compiling source file '/TexEdit.cpp')
  
C:\Users\ookam\Code\survival\postal-code\WishPiX\Prefs\prefs.h(47,16): warning C4091: 'typedef ': ignored on left of 'RPrefs::ePrefs' when no variable is declared
  (compiling source file '/TexEdit.cpp')
  
C:\Users\ookam\Code\survival\postal-code\StockPile.h(94,4): warning C4091: 'typedef ': ignored on left of 'CStockPile::<unnamed-enum-Bullets>' when no variable is declared
  (compiling source file '/TexEdit.cpp')
  
C:\Users\ookam\Code\survival\postal-code\sprites.h(110,4): warning C4091: 'typedef ': ignored on left of 'CSprite::<unnamed-enum-InAlpha>' when no variable is declared
  (compiling source file '/TexEdit.cpp')
  
C:\Users\ookam\Code\survival\postal-code\sprites.h(126,4): warning C4091: 'typedef ': ignored on left of 'CSprite::<unnamed-enum-OutRendered>' when no variable is declared
  (compiling source file '/TexEdit.cpp')
  
C:\Users\ookam\Code\survival\postal-code\sprites.h(132,4): warning C4091: 'typedef ': ignored on left of 'CSprite::<unnamed-enum-PrivInserted>' when no variable is declared
  (compiling source file '/TexEdit.cpp')
  
C:\Users\ookam\Code\survival\postal-code\thing.h(385,4): warning C4091: 'typedef ': ignored on left of 'CThing::<unnamed-enum-CHoodID>' when no variable is declared
  (compiling source file '/TexEdit.cpp')
  
C:\Users\ookam\Code\survival\postal-code\TexEdit.cpp(504,3): warning C4996: 'vsprintf': This function or variable may be unsafe. Consider using vsprintf_s instead. To disable deprecation, use _CRT_SECURE_NO_WARNINGS. See online help for details.
  (compiling source file '/TexEdit.cpp')
  
C:\Users\ookam\Code\survival\postal-code\TexEdit.cpp(894,46): warning C4244: 'argument': conversion from 'const float' to 'int16_t', possible loss of data
  (compiling source file '/TexEdit.cpp')
  
C:\Users\ookam\Code\survival\postal-code\TexEdit.cpp(894,40): warning C4244: 'argument': conversion from 'const float' to 'int16_t', possible loss of data
  (compiling source file '/TexEdit.cpp')
  
C:\Users\ookam\Code\survival\postal-code\TexEdit.cpp(894,34): warning C4244: 'argument': conversion from 'const float' to 'int16_t', possible loss of data
  (compiling source file '/TexEdit.cpp')
  
C:\Users\ookam\Code\survival\postal-code\TexEdit.cpp(894,28): warning C4244: 'argument': conversion from 'const float' to 'int16_t', possible loss of data
  (compiling source file '/TexEdit.cpp')
  
C:\Users\ookam\Code\survival\postal-code\TexEdit.cpp(895,46): warning C4244: 'argument': conversion from 'const float' to 'int16_t', possible loss of data
  (compiling source file '/TexEdit.cpp')
  
C:\Users\ookam\Code\survival\postal-code\TexEdit.cpp(895,40): warning C4244: 'argument': conversion from 'const float' to 'int16_t', possible loss of data
  (compiling source file '/TexEdit.cpp')
  
C:\Users\ookam\Code\survival\postal-code\TexEdit.cpp(895,34): warning C4244: 'argument': conversion from 'const float' to 'int16_t', possible loss of data
  (compiling source file '/TexEdit.cpp')
  
C:\Users\ookam\Code\survival\postal-code\TexEdit.cpp(895,28): warning C4244: 'argument': conversion from 'const float' to 'int16_t', possible loss of data
  (compiling source file '/TexEdit.cpp')
  
C:\Users\ookam\Code\survival\postal-code\TexEdit.cpp(896,46): warning C4244: 'argument': conversion from 'const float' to 'int16_t', possible loss of data
  (compiling source file '/TexEdit.cpp')
  
C:\Users\ookam\Code\survival\postal-code\TexEdit.cpp(896,40): warning C4244: 'argument': conversion from 'const float' to 'int16_t', possible loss of data
  (compiling source file '/TexEdit.cpp')
  
C:\Users\ookam\Code\survival\postal-code\TexEdit.cpp(896,34): warning C4244: 'argument': conversion from 'const float' to 'int16_t', possible loss of data
  (compiling source file '/TexEdit.cpp')
  
C:\Users\ookam\Code\survival\postal-code\TexEdit.cpp(896,28): warning C4244: 'argument': conversion from 'const float' to 'int16_t', possible loss of data
  (compiling source file '/TexEdit.cpp')
  
C:\Users\ookam\Code\survival\postal-code\TexEdit.cpp(940,21): warning C4244: '+=': conversion from 'double' to 'float', possible loss of data
  (compiling source file '/TexEdit.cpp')
  
C:\Users\ookam\Code\survival\postal-code\TexEdit.cpp(941,21): warning C4244: '+=': conversion from 'double' to 'float', possible loss of data
  (compiling source file '/TexEdit.cpp')
  
C:\Users\ookam\Code\survival\postal-code\TexEdit.cpp(946,26): warning C4244: '+=': conversion from 'double' to 'float', possible loss of data
  (compiling source file '/TexEdit.cpp')
  
C:\Users\ookam\Code\survival\postal-code\TexEdit.cpp(955,37): warning C4244: 'argument': conversion from 'double' to 'int16_t', possible loss of data
  (compiling source file '/TexEdit.cpp')
  
C:\Users\ookam\Code\survival\postal-code\TexEdit.cpp(956,38): warning C4244: 'argument': conversion from 'double' to 'int16_t', possible loss of data
  (compiling source file '/TexEdit.cpp')
  
C:\Users\ookam\Code\survival\postal-code\TexEdit.cpp(1268,3): warning C4996: 'vsprintf': This function or variable may be unsafe. Consider using vsprintf_s instead. To disable deprecation, use _CRT_SECURE_NO_WARNINGS. See online help for details.
  (compiling source file '/TexEdit.cpp')
  
C:\Users\ookam\Code\survival\postal-code\TexEdit.cpp(1381,15): warning C4244: 'initializing': conversion from 'int' to 'float', possible loss of data
  (compiling source file '/TexEdit.cpp')
  
C:\Users\ookam\Code\survival\postal-code\TexEdit.cpp(1384,36): warning C4244: '=': conversion from 'float' to 'int16_t', possible loss of data
  (compiling source file '/TexEdit.cpp')
  
C:\Users\ookam\Code\survival\postal-code\TexEdit.cpp(1400,16): warning C4244: 'initializing': conversion from 'double' to 'float', possible loss of data
  (compiling source file '/TexEdit.cpp')
  
  toolbar.cpp
C:\Users\ookam\Code\survival\postal-code\settings.h(41,4): warning C4091: 'typedef ': ignored on left of 'CSettings::<unnamed-enum-MemFileSize>' when no variable is declared
  (compiling source file '/toolbar.cpp')
  
C:\Users\ookam\Code\survival\postal-code\WishPiX\Prefs\prefline.h(56,16): warning C4091: 'typedef ': ignored on left of 'RPrefsLine::ePrefsLineType' when no variable is declared
  (compiling source file '/toolbar.cpp')
  
C:\Users\ookam\Code\survival\postal-code\WishPiX\Prefs\prefs.h(47,16): warning C4091: 'typedef ': ignored on left of 'RPrefs::ePrefs' when no variable is declared
  (compiling source file '/toolbar.cpp')
  
C:\Users\ookam\Code\survival\postal-code\StockPile.h(94,4): warning C4091: 'typedef ': ignored on left of 'CStockPile::<unnamed-enum-Bullets>' when no variable is declared
  (compiling source file '/toolbar.cpp')
  
C:\Users\ookam\Code\survival\postal-code\sprites.h(110,4): warning C4091: 'typedef ': ignored on left of 'CSprite::<unnamed-enum-InAlpha>' when no variable is declared
  (compiling source file '/toolbar.cpp')
  
C:\Users\ookam\Code\survival\postal-code\sprites.h(126,4): warning C4091: 'typedef ': ignored on left of 'CSprite::<unnamed-enum-OutRendered>' when no variable is declared
  (compiling source file '/toolbar.cpp')
  
C:\Users\ookam\Code\survival\postal-code\sprites.h(132,4): warning C4091: 'typedef ': ignored on left of 'CSprite::<unnamed-enum-PrivInserted>' when no variable is declared
  (compiling source file '/toolbar.cpp')
  
C:\Users\ookam\Code\survival\postal-code\thing.h(385,4): warning C4091: 'typedef ': ignored on left of 'CThing::<unnamed-enum-CHoodID>' when no variable is declared
  (compiling source file '/toolbar.cpp')
  
C:\Users\ookam\Code\survival\postal-code\realm.h(504,4): warning C4091: 'typedef ': ignored on left of 'CRealm::<unnamed-enum-Standard>' when no variable is declared
  (compiling source file '/toolbar.cpp')
  
C:\Users\ookam\Code\survival\postal-code\weapon.h(95,2): warning C4091: 'typedef ': ignored on left of 'CWeapon::<unnamed-enum-State_Idle>' when no variable is declared
  (compiling source file '/toolbar.cpp')
  
C:\Users\ookam\Code\survival\postal-code\character.h(460,32): warning C4244: 'argument': conversion from 'double' to 'int16_t', possible loss of data
  (compiling source file '/toolbar.cpp')
  
C:\Users\ookam\Code\survival\postal-code\character.h(460,19): warning C4244: 'argument': conversion from 'double' to 'int16_t', possible loss of data
  (compiling source file '/toolbar.cpp')
  
  TriggerRegions.cpp
C:\Users\ookam\Code\survival\postal-code\settings.h(41,4): warning C4091: 'typedef ': ignored on left of 'CSettings::<unnamed-enum-MemFileSize>' when no variable is declared
  (compiling source file '/TriggerRegions.cpp')
  
C:\Users\ookam\Code\survival\postal-code\WishPiX\Prefs\prefline.h(56,16): warning C4091: 'typedef ': ignored on left of 'RPrefsLine::ePrefsLineType' when no variable is declared
  (compiling source file '/TriggerRegions.cpp')
  
C:\Users\ookam\Code\survival\postal-code\WishPiX\Prefs\prefs.h(47,16): warning C4091: 'typedef ': ignored on left of 'RPrefs::ePrefs' when no variable is declared
  (compiling source file '/TriggerRegions.cpp')
  
C:\Users\ookam\Code\survival\postal-code\StockPile.h(94,4): warning C4091: 'typedef ': ignored on left of 'CStockPile::<unnamed-enum-Bullets>' when no variable is declared
  (compiling source file '/TriggerRegions.cpp')
  
C:\Users\ookam\Code\survival\postal-code\sprites.h(110,4): warning C4091: 'typedef ': ignored on left of 'CSprite::<unnamed-enum-InAlpha>' when no variable is declared
  (compiling source file '/TriggerRegions.cpp')
  
C:\Users\ookam\Code\survival\postal-code\sprites.h(126,4): warning C4091: 'typedef ': ignored on left of 'CSprite::<unnamed-enum-OutRendered>' when no variable is declared
  (compiling source file '/TriggerRegions.cpp')
  
C:\Users\ookam\Code\survival\postal-code\sprites.h(132,4): warning C4091: 'typedef ': ignored on left of 'CSprite::<unnamed-enum-PrivInserted>' when no variable is declared
  (compiling source file '/TriggerRegions.cpp')
  
C:\Users\ookam\Code\survival\postal-code\thing.h(385,4): warning C4091: 'typedef ': ignored on left of 'CThing::<unnamed-enum-CHoodID>' when no variable is declared
  (compiling source file '/TriggerRegions.cpp')
  
C:\Users\ookam\Code\survival\postal-code\realm.h(504,4): warning C4091: 'typedef ': ignored on left of 'CRealm::<unnamed-enum-Standard>' when no variable is declared
  (compiling source file '/TriggerRegions.cpp')
  
  update.cpp
C:\Users\ookam\Code\survival\postal-code\update.cpp(34,9): warning C4603: 'UPDATE_CPP': macro is not defined or definition is different after precompiled header use
  (compiling source file '/update.cpp')
      C:\Users\ookam\Code\survival\postal-code\update.cpp(34,9):
      Add macro to precompiled header instead of defining here
      C:\Users\ookam\Code\survival\postal-code\update.cpp(36,1):
      use of precompiled header
  
  Generating Code...
  gameedit.cpp
C:\Users\ookam\Code\survival\postal-code\RSPiX\Src\BLUE\unix\UnixSystem.h(247,5): warning C4996: '_snprintf': This function or variable may be unsafe. Consider using _snprintf_s instead. To disable deprecation, use _CRT_SECURE_NO_WARNINGS. See online help for details.
  (compiling source file 'gameedit.cpp')
  
C:\Users\ookam\Code\survival\postal-code\RSPiX\Src\BLUE\unix\UnixSystem.h(253,5): warning C4996: '_snprintf': This function or variable may be unsafe. Consider using _snprintf_s instead. To disable deprecation, use _CRT_SECURE_NO_WARNINGS. See online help for details.
  (compiling source file 'gameedit.cpp')
  
C:\Users\ookam\Code\survival\postal-code\RSPiX\Src\BLUE\unix\UnixSystem.h(259,5): warning C4996: '_snprintf': This function or variable may be unsafe. Consider using _snprintf_s instead. To disable deprecation, use _CRT_SECURE_NO_WARNINGS. See online help for details.
  (compiling source file 'gameedit.cpp')
  
C:\Users\ookam\Code\survival\postal-code\RSPiX\Src\ORANGE\QuickMath\QuickMath.h(192,12): warning C4244: '=': conversion from 'S64' to 'S32', possible loss of data
  (compiling source file 'gameedit.cpp')
  
C:\Users\ookam\Code\survival\postal-code\RSPiX\Src\ORANGE\QuickMath\QuickMath.h(193,12): warning C4244: '=': conversion from 'S64' to 'S32', possible loss of data
  (compiling source file 'gameedit.cpp')
  
C:\Users\ookam\Code\survival\postal-code\RSPiX\Src\ORANGE\QuickMath\VectorMath.h(86,2): warning C5208: unnamed class used in typedef name cannot declare members other than non-static data members, member enumerations, or member classes
  (compiling source file 'gameedit.cpp')
  
C:\Users\ookam\Code\survival\postal-code\RSPiX\Src\ORANGE\QuickMath\VectorMath.h(136,9): warning C4244: 'initializing': conversion from 'double' to 'float', possible loss of data
  (compiling source file 'gameedit.cpp')
  
C:\Users\ookam\Code\survival\postal-code\RSPiX\Src\ORANGE\Meter\meter.h(192,4): warning C4996: 'strcpy': This function or variable may be unsafe. Consider using strcpy_s instead. To disable deprecation, use _CRT_SECURE_NO_WARNINGS. See online help for details.
  (compiling source file 'gameedit.cpp')
  
C:\Users\ookam\Code\survival\postal-code\RSPiX\Src\ORANGE\RString\rstring.h(408,16): warning C4996: 'sprintf': This function or variable may be unsafe. Consider using sprintf_s instead. To disable deprecation, use _CRT_SECURE_NO_WARNINGS. See online help for details.
  (compiling source file 'gameedit.cpp')
  
C:\Users\ookam\Code\survival\postal-code\RSPiX\Src\ORANGE\RString\rstring.h(416,16): warning C4996: 'sprintf': This function or variable may be unsafe. Consider using sprintf_s instead. To disable deprecation, use _CRT_SECURE_NO_WARNINGS. See online help for details.
  (compiling source file 'gameedit.cpp')
  
C:\Users\ookam\Code\survival\postal-code\RSPiX\Src\ORANGE\RString\rstring.h(424,16): warning C4996: 'sprintf': This function or variable may be unsafe. Consider using sprintf_s instead. To disable deprecation, use _CRT_SECURE_NO_WARNINGS. See online help for details.
  (compiling source file 'gameedit.cpp')
  
C:\Users\ookam\Code\survival\postal-code\RSPiX\Src\ORANGE\RString\rstring.h(432,16): warning C4996: 'sprintf': This function or variable may be unsafe. Consider using sprintf_s instead. To disable deprecation, use _CRT_SECURE_NO_WARNINGS. See online help for details.
  (compiling source file 'gameedit.cpp')
  
C:\Users\ookam\Code\survival\postal-code\RSPiX\Src\ORANGE\RString\rstring.h(499,17): warning C4996: 'sprintf': This function or variable may be unsafe. Consider using sprintf_s instead. To disable deprecation, use _CRT_SECURE_NO_WARNINGS. See online help for details.
  (compiling source file 'gameedit.cpp')
  
C:\Users\ookam\Code\survival\postal-code\RSPiX\Src\ORANGE\RString\rstring.h(507,17): warning C4996: 'sprintf': This function or variable may be unsafe. Consider using sprintf_s instead. To disable deprecation, use _CRT_SECURE_NO_WARNINGS. See online help for details.
  (compiling source file 'gameedit.cpp')
  
C:\Users\ookam\Code\survival\postal-code\RSPiX\Src\ORANGE\RString\rstring.h(515,17): warning C4996: 'sprintf': This function or variable may be unsafe. Consider using sprintf_s instead. To disable deprecation, use _CRT_SECURE_NO_WARNINGS. See online help for details.
  (compiling source file 'gameedit.cpp')
  
C:\Users\ookam\Code\survival\postal-code\RSPiX\Src\ORANGE\RString\rstring.h(523,17): warning C4996: 'sprintf': This function or variable may be unsafe. Consider using sprintf_s instead. To disable deprecation, use _CRT_SECURE_NO_WARNINGS. See online help for details.
  (compiling source file 'gameedit.cpp')
  
C:\Users\ookam\Code\survival\postal-code\settings.h(41,4): warning C4091: 'typedef ': ignored on left of 'CSettings::<unnamed-enum-MemFileSize>' when no variable is declared
  (compiling source file 'gameedit.cpp')
  
C:\Users\ookam\Code\survival\postal-code\WishPiX\Prefs\prefline.h(56,16): warning C4091: 'typedef ': ignored on left of 'RPrefsLine::ePrefsLineType' when no variable is declared
  (compiling source file 'gameedit.cpp')
  
C:\Users\ookam\Code\survival\postal-code\WishPiX\Prefs\prefs.h(47,16): warning C4091: 'typedef ': ignored on left of 'RPrefs::ePrefs' when no variable is declared
  (compiling source file 'gameedit.cpp')
  
C:\Users\ookam\Code\survival\postal-code\StockPile.h(94,4): warning C4091: 'typedef ': ignored on left of 'CStockPile::<unnamed-enum-Bullets>' when no variable is declared
  (compiling source file 'gameedit.cpp')
  
C:\Users\ookam\Code\survival\postal-code\sprites.h(110,4): warning C4091: 'typedef ': ignored on left of 'CSprite::<unnamed-enum-InAlpha>' when no variable is declared
  (compiling source file 'gameedit.cpp')
  
C:\Users\ookam\Code\survival\postal-code\sprites.h(126,4): warning C4091: 'typedef ': ignored on left of 'CSprite::<unnamed-enum-OutRendered>' when no variable is declared
  (compiling source file 'gameedit.cpp')
  
C:\Users\ookam\Code\survival\postal-code\sprites.h(132,4): warning C4091: 'typedef ': ignored on left of 'CSprite::<unnamed-enum-PrivInserted>' when no variable is declared
  (compiling source file 'gameedit.cpp')
  
C:\Users\ookam\Code\survival\postal-code\thing.h(385,4): warning C4091: 'typedef ': ignored on left of 'CThing::<unnamed-enum-CHoodID>' when no variable is declared
  (compiling source file 'gameedit.cpp')
  
C:\Users\ookam\Code\survival\postal-code\realm.h(504,4): warning C4091: 'typedef ': ignored on left of 'CRealm::<unnamed-enum-Standard>' when no variable is declared
  (compiling source file 'gameedit.cpp')
  
C:\Users\ookam\Code\survival\postal-code\bouy.h(404,5): warning C4996: 'sprintf': This function or variable may be unsafe. Consider using sprintf_s instead. To disable deprecation, use _CRT_SECURE_NO_WARNINGS. See online help for details.
  (compiling source file 'gameedit.cpp')
  
C:\Users\ookam\Code\survival\postal-code\grip.h(157,32): warning C4244: 'argument': conversion from 'double' to 'int16_t', possible loss of data
  (compiling source file 'gameedit.cpp')
  
C:\Users\ookam\Code\survival\postal-code\grip.h(157,28): warning C4244: 'argument': conversion from 'double' to 'int16_t', possible loss of data
  (compiling source file 'gameedit.cpp')
  
C:\Users\ookam\Code\survival\postal-code\weapon.h(95,2): warning C4091: 'typedef ': ignored on left of 'CWeapon::<unnamed-enum-State_Idle>' when no variable is declared
  (compiling source file 'gameedit.cpp')
  
C:\Users\ookam\Code\survival\postal-code\character.h(460,32): warning C4244: 'argument': conversion from 'double' to 'int16_t', possible loss of data
  (compiling source file 'gameedit.cpp')
  
C:\Users\ookam\Code\survival\postal-code\character.h(460,19): warning C4244: 'argument': conversion from 'double' to 'int16_t', possible loss of data
  (compiling source file 'gameedit.cpp')
  
C:\Users\ookam\Code\survival\postal-code\net.h(90,3): warning C4091: 'typedef ': ignored on left of 'Net::<unnamed-enum-MaxNumIDs>' when no variable is declared
  (compiling source file 'gameedit.cpp')
  
C:\Users\ookam\Code\survival\postal-code\netmsgr.h(177,4): warning C4091: 'typedef ': ignored on left of 'NetMsg::<unnamed-enum-NOTHING>' when no variable is declared
  (compiling source file 'gameedit.cpp')
  
C:\Users\ookam\Code\survival\postal-code\netmsgr.h(218,4): warning C4091: 'typedef ': ignored on left of 'NetMsg::<unnamed-enum-TooManyPlayers>' when no variable is declared
  (compiling source file 'gameedit.cpp')
  
C:\Users\ookam\Code\survival\postal-code\netmsgr.h(226,4): warning C4091: 'typedef ': ignored on left of 'NetMsg::<unnamed-enum-UserAbortedGame>' when no variable is declared
  (compiling source file 'gameedit.cpp')
  
C:\Users\ookam\Code\survival\postal-code\netmsgr.h(1267,4): warning C4091: 'typedef ': ignored on left of 'CNetMsgr::<unnamed-enum-MagicNum>' when no variable is declared
  (compiling source file 'gameedit.cpp')
  
C:\Users\ookam\Code\survival\postal-code\gameedit.cpp(1659,2): warning C4996: 'strcpy': This function or variable may be unsafe. Consider using strcpy_s instead. To disable deprecation, use _CRT_SECURE_NO_WARNINGS. See online help for details.
C:\Users\ookam\Code\survival\postal-code\gameedit.cpp(2944,44): warning C4244: 'argument': conversion from 'double' to 'int32_t', possible loss of data
C:\Users\ookam\Code\survival\postal-code\gameedit.cpp(2945,44): warning C4244: 'argument': conversion from 'double' to 'int32_t', possible loss of data
C:\Users\ookam\Code\survival\postal-code\gameedit.cpp(3679,3): warning C4996: 'strcpy': This function or variable may be unsafe. Consider using strcpy_s instead. To disable deprecation, use _CRT_SECURE_NO_WARNINGS. See online help for details.
C:\Users\ookam\Code\survival\postal-code\gameedit.cpp(3721,4): warning C4996: 'strcpy': This function or variable may be unsafe. Consider using strcpy_s instead. To disable deprecation, use _CRT_SECURE_NO_WARNINGS. See online help for details.
C:\Users\ookam\Code\survival\postal-code\gameedit.cpp(4116,5): warning C4996: 'strcpy': This function or variable may be unsafe. Consider using strcpy_s instead. To disable deprecation, use _CRT_SECURE_NO_WARNINGS. See online help for details.
C:\Users\ookam\Code\survival\postal-code\gameedit.cpp(5556,30): warning C4244: 'argument': conversion from 'double' to 'int16_t', possible loss of data
C:\Users\ookam\Code\survival\postal-code\gameedit.cpp(5555,30): warning C4244: 'argument': conversion from 'double' to 'int16_t', possible loss of data
C:\Users\ookam\Code\survival\postal-code\gameedit.cpp(5554,30): warning C4244: 'argument': conversion from 'double' to 'int16_t', possible loss of data
C:\Users\ookam\Code\survival\postal-code\gameedit.cpp(5553,36): warning C4244: 'argument': conversion from 'double' to 'int16_t', possible loss of data
C:\Users\ookam\Code\survival\postal-code\gameedit.cpp(5644,22): warning C4244: 'argument': conversion from 'double' to 'int16_t', possible loss of data
C:\Users\ookam\Code\survival\postal-code\gameedit.cpp(5642,22): warning C4244: 'argument': conversion from 'double' to 'int16_t', possible loss of data
C:\Users\ookam\Code\survival\postal-code\gameedit.cpp(5654,22): warning C4244: 'argument': conversion from 'double' to 'int16_t', possible loss of data
C:\Users\ookam\Code\survival\postal-code\gameedit.cpp(5652,22): warning C4244: 'argument': conversion from 'double' to 'int16_t', possible loss of data
C:\Users\ookam\Code\survival\postal-code\gameedit.cpp(5676,22): warning C4244: 'argument': conversion from 'double' to 'int16_t', possible loss of data
C:\Users\ookam\Code\survival\postal-code\gameedit.cpp(5674,22): warning C4244: 'argument': conversion from 'double' to 'int16_t', possible loss of data
C:\Users\ookam\Code\survival\postal-code\gameedit.cpp(5856,27): warning C4244: 'argument': conversion from 'double' to 'int16_t', possible loss of data
C:\Users\ookam\Code\survival\postal-code\gameedit.cpp(5855,27): warning C4244: 'argument': conversion from 'double' to 'int16_t', possible loss of data
C:\Users\ookam\Code\survival\postal-code\gameedit.cpp(5854,31): warning C4244: 'argument': conversion from 'double' to 'int16_t', possible loss of data
C:\Users\ookam\Code\survival\postal-code\gameedit.cpp(5853,37): warning C4244: 'argument': conversion from 'double' to 'int16_t', possible loss of data
C:\Users\ookam\Code\survival\postal-code\gameedit.cpp(5954,4): warning C4996: 'sprintf': This function or variable may be unsafe. Consider using sprintf_s instead. To disable deprecation, use _CRT_SECURE_NO_WARNINGS. See online help for details.
C:\Users\ookam\Code\survival\postal-code\gameedit.cpp(6375,17): warning C4267: 'initializing': conversion from 'size_t' to 'int16_t', possible loss of data
C:\Users\ookam\Code\survival\postal-code\gameedit.cpp(6380,19): warning C4267: '=': conversion from 'size_t' to 'int16_t', possible loss of data
C:\Users\ookam\Code\survival\postal-code\gameedit.cpp(6392,18): warning C4267: '=': conversion from 'size_t' to 'int16_t', possible loss of data
C:\Users\ookam\Code\survival\postal-code\gameedit.cpp(6395,2): warning C4996: 'strncpy': This function or variable may be unsafe. Consider using strncpy_s instead. To disable deprecation, use _CRT_SECURE_NO_WARNINGS. See online help for details.
C:\Users\ookam\Code\survival\postal-code\gameedit.cpp(6397,2): warning C4996: 'strcat': This function or variable may be unsafe. Consider using strcat_s instead. To disable deprecation, use _CRT_SECURE_NO_WARNINGS. See online help for details.
C:\Users\ookam\Code\survival\postal-code\gameedit.cpp(6637,16): warning C4244: 'argument': conversion from 'double' to 'int16_t', possible loss of data
C:\Users\ookam\Code\survival\postal-code\gameedit.cpp(6635,16): warning C4244: 'argument': conversion from 'double' to 'int16_t', possible loss of data
C:\Users\ookam\Code\survival\postal-code\gameedit.cpp(6860,2): warning C4996: 'sprintf': This function or variable may be unsafe. Consider using sprintf_s instead. To disable deprecation, use _CRT_SECURE_NO_WARNINGS. See online help for details.
C:\Users\ookam\Code\survival\postal-code\gameedit.cpp(6911,2): warning C4996: 'sprintf': This function or variable may be unsafe. Consider using sprintf_s instead. To disable deprecation, use _CRT_SECURE_NO_WARNINGS. See online help for details.
C:\Users\ookam\Code\survival\postal-code\gameedit.cpp(7179,5): warning C4244: 'argument': conversion from 'double' to 'int16_t', possible loss of data
C:\Users\ookam\Code\survival\postal-code\gameedit.cpp(7178,5): warning C4244: 'argument': conversion from 'double' to 'int16_t', possible loss of data
C:\Users\ookam\Code\survival\postal-code\gameedit.cpp(7473,3): warning C4996: 'strcpy': This function or variable may be unsafe. Consider using strcpy_s instead. To disable deprecation, use _CRT_SECURE_NO_WARNINGS. See online help for details.
C:\Users\ookam\Code\survival\postal-code\gameedit.cpp(7477,3): warning C4996: 'strcpy': This function or variable may be unsafe. Consider using strcpy_s instead. To disable deprecation, use _CRT_SECURE_NO_WARNINGS. See online help for details.
C:\Users\ookam\Code\survival\postal-code\gameedit.cpp(7499,2): warning C4996: 'sprintf': This function or variable may be unsafe. Consider using sprintf_s instead. To disable deprecation, use _CRT_SECURE_NO_WARNINGS. See online help for details.
C:\Users\ookam\Code\survival\postal-code\gameedit.cpp(7650,3): warning C4996: 'sprintf': This function or variable may be unsafe. Consider using sprintf_s instead. To disable deprecation, use _CRT_SECURE_NO_WARNINGS. See online help for details.
C:\Users\ookam\Code\survival\postal-code\gameedit.cpp(7654,3): warning C4996: 'strcpy': This function or variable may be unsafe. Consider using strcpy_s instead. To disable deprecation, use _CRT_SECURE_NO_WARNINGS. See online help for details.
C:\Users\ookam\Code\survival\postal-code\gameedit.cpp(7703,5): warning C4996: 'sprintf': This function or variable may be unsafe. Consider using sprintf_s instead. To disable deprecation, use _CRT_SECURE_NO_WARNINGS. See online help for details.
  MenuTrans.cpp
C:\Users\ookam\Code\survival\postal-code\RSPiX\Src\BLUE\unix\UnixSystem.h(247,5): warning C4996: '_snprintf': This function or variable may be unsafe. Consider using _snprintf_s instead. To disable deprecation, use _CRT_SECURE_NO_WARNINGS. See online help for details.
  (compiling source file 'MenuTrans.cpp')
  
C:\Users\ookam\Code\survival\postal-code\RSPiX\Src\BLUE\unix\UnixSystem.h(253,5): warning C4996: '_snprintf': This function or variable may be unsafe. Consider using _snprintf_s instead. To disable deprecation, use _CRT_SECURE_NO_WARNINGS. See online help for details.
  (compiling source file 'MenuTrans.cpp')
  
C:\Users\ookam\Code\survival\postal-code\RSPiX\Src\BLUE\unix\UnixSystem.h(259,5): warning C4996: '_snprintf': This function or variable may be unsafe. Consider using _snprintf_s instead. To disable deprecation, use _CRT_SECURE_NO_WARNINGS. See online help for details.
  (compiling source file 'MenuTrans.cpp')
  
C:\Users\ookam\Code\survival\postal-code\RSPiX\Src\ORANGE\QuickMath\QuickMath.h(192,12): warning C4244: '=': conversion from 'S64' to 'S32', possible loss of data
  (compiling source file 'MenuTrans.cpp')
  
C:\Users\ookam\Code\survival\postal-code\RSPiX\Src\ORANGE\QuickMath\QuickMath.h(193,12): warning C4244: '=': conversion from 'S64' to 'S32', possible loss of data
  (compiling source file 'MenuTrans.cpp')
  
C:\Users\ookam\Code\survival\postal-code\RSPiX\Src\ORANGE\QuickMath\VectorMath.h(86,2): warning C5208: unnamed class used in typedef name cannot declare members other than non-static data members, member enumerations, or member classes
  (compiling source file 'MenuTrans.cpp')
  
C:\Users\ookam\Code\survival\postal-code\RSPiX\Src\ORANGE\QuickMath\VectorMath.h(136,9): warning C4244: 'initializing': conversion from 'double' to 'float', possible loss of data
  (compiling source file 'MenuTrans.cpp')
  
C:\Users\ookam\Code\survival\postal-code\RSPiX\Src\ORANGE\Meter\meter.h(192,4): warning C4996: 'strcpy': This function or variable may be unsafe. Consider using strcpy_s instead. To disable deprecation, use _CRT_SECURE_NO_WARNINGS. See online help for details.
  (compiling source file 'MenuTrans.cpp')
  
C:\Users\ookam\Code\survival\postal-code\RSPiX\Src\ORANGE\RString\rstring.h(408,16): warning C4996: 'sprintf': This function or variable may be unsafe. Consider using sprintf_s instead. To disable deprecation, use _CRT_SECURE_NO_WARNINGS. See online help for details.
  (compiling source file 'MenuTrans.cpp')
  
C:\Users\ookam\Code\survival\postal-code\RSPiX\Src\ORANGE\RString\rstring.h(416,16): warning C4996: 'sprintf': This function or variable may be unsafe. Consider using sprintf_s instead. To disable deprecation, use _CRT_SECURE_NO_WARNINGS. See online help for details.
  (compiling source file 'MenuTrans.cpp')
  
C:\Users\ookam\Code\survival\postal-code\RSPiX\Src\ORANGE\RString\rstring.h(424,16): warning C4996: 'sprintf': This function or variable may be unsafe. Consider using sprintf_s instead. To disable deprecation, use _CRT_SECURE_NO_WARNINGS. See online help for details.
  (compiling source file 'MenuTrans.cpp')
  
C:\Users\ookam\Code\survival\postal-code\RSPiX\Src\ORANGE\RString\rstring.h(432,16): warning C4996: 'sprintf': This function or variable may be unsafe. Consider using sprintf_s instead. To disable deprecation, use _CRT_SECURE_NO_WARNINGS. See online help for details.
  (compiling source file 'MenuTrans.cpp')
  
C:\Users\ookam\Code\survival\postal-code\RSPiX\Src\ORANGE\RString\rstring.h(499,17): warning C4996: 'sprintf': This function or variable may be unsafe. Consider using sprintf_s instead. To disable deprecation, use _CRT_SECURE_NO_WARNINGS. See online help for details.
  (compiling source file 'MenuTrans.cpp')
  
C:\Users\ookam\Code\survival\postal-code\RSPiX\Src\ORANGE\RString\rstring.h(507,17): warning C4996: 'sprintf': This function or variable may be unsafe. Consider using sprintf_s instead. To disable deprecation, use _CRT_SECURE_NO_WARNINGS. See online help for details.
  (compiling source file 'MenuTrans.cpp')
  
C:\Users\ookam\Code\survival\postal-code\RSPiX\Src\ORANGE\RString\rstring.h(515,17): warning C4996: 'sprintf': This function or variable may be unsafe. Consider using sprintf_s instead. To disable deprecation, use _CRT_SECURE_NO_WARNINGS. See online help for details.
  (compiling source file 'MenuTrans.cpp')
  
C:\Users\ookam\Code\survival\postal-code\RSPiX\Src\ORANGE\RString\rstring.h(523,17): warning C4996: 'sprintf': This function or variable may be unsafe. Consider using sprintf_s instead. To disable deprecation, use _CRT_SECURE_NO_WARNINGS. See online help for details.
  (compiling source file 'MenuTrans.cpp')
  
C:\Users\ookam\Code\survival\postal-code\settings.h(41,4): warning C4091: 'typedef ': ignored on left of 'CSettings::<unnamed-enum-MemFileSize>' when no variable is declared
  (compiling source file 'MenuTrans.cpp')
  
C:\Users\ookam\Code\survival\postal-code\WishPiX\Prefs\prefline.h(56,16): warning C4091: 'typedef ': ignored on left of 'RPrefsLine::ePrefsLineType' when no variable is declared
  (compiling source file 'MenuTrans.cpp')
  
C:\Users\ookam\Code\survival\postal-code\WishPiX\Prefs\prefs.h(47,16): warning C4091: 'typedef ': ignored on left of 'RPrefs::ePrefs' when no variable is declared
  (compiling source file 'MenuTrans.cpp')
  
C:\Users\ookam\Code\survival\postal-code\StockPile.h(94,4): warning C4091: 'typedef ': ignored on left of 'CStockPile::<unnamed-enum-Bullets>' when no variable is declared
  (compiling source file 'MenuTrans.cpp')
  
C:\Users\ookam\Code\survival\postal-code\MenuTrans.cpp(288,16): warning C4244: '=': conversion from 'int16_t' to 'uint8_t', possible loss of data
C:\Users\ookam\Code\survival\postal-code\MenuTrans.cpp(297,16): warning C4244: '=': conversion from 'int16_t' to 'uint8_t', possible loss of data
C:\Users\ookam\Code\survival\postal-code\MenuTrans.cpp(327,16): warning C4244: '=': conversion from 'int16_t' to 'uint8_t', possible loss of data
C:\Users\ookam\Code\survival\postal-code\MenuTrans.cpp(328,23): warning C4244: '=': conversion from 'int16_t' to 'uint8_t', possible loss of data
C:\Users\ookam\Code\survival\postal-code\MenuTrans.cpp(342,19): warning C4244: '=': conversion from 'int16_t' to 'uint8_t', possible loss of data
C:\Users\ookam\Code\survival\postal-code\MenuTrans.cpp(343,26): warning C4244: '=': conversion from 'int16_t' to 'uint8_t', possible loss of data
C:\Users\ookam\Code\survival\postal-code\MenuTrans.cpp(390,16): warning C4244: '=': conversion from 'int16_t' to 'uint8_t', possible loss of data
C:\Users\ookam\Code\survival\postal-code\MenuTrans.cpp(391,23): warning C4244: '=': conversion from 'int16_t' to 'uint8_t', possible loss of data
C:\Users\ookam\Code\survival\postal-code\MenuTrans.cpp(407,17): warning C4244: '=': conversion from 'int16_t' to 'uint8_t', possible loss of data
C:\Users\ookam\Code\survival\postal-code\MenuTrans.cpp(408,24): warning C4244: '=': conversion from 'int16_t' to 'uint8_t', possible loss of data
  settings.cpp
C:\Users\ookam\Code\survival\postal-code\RSPiX\Src\BLUE\unix\UnixSystem.h(247,5): warning C4996: '_snprintf': This function or variable may be unsafe. Consider using _snprintf_s instead. To disable deprecation, use _CRT_SECURE_NO_WARNINGS. See online help for details.
  (compiling source file 'settings.cpp')
  
C:\Users\ookam\Code\survival\postal-code\RSPiX\Src\BLUE\unix\UnixSystem.h(253,5): warning C4996: '_snprintf': This function or variable may be unsafe. Consider using _snprintf_s instead. To disable deprecation, use _CRT_SECURE_NO_WARNINGS. See online help for details.
  (compiling source file 'settings.cpp')
  
C:\Users\ookam\Code\survival\postal-code\RSPiX\Src\BLUE\unix\UnixSystem.h(259,5): warning C4996: '_snprintf': This function or variable may be unsafe. Consider using _snprintf_s instead. To disable deprecation, use _CRT_SECURE_NO_WARNINGS. See online help for details.
  (compiling source file 'settings.cpp')
  
C:\Users\ookam\Code\survival\postal-code\RSPiX\Src\ORANGE\QuickMath\QuickMath.h(192,12): warning C4244: '=': conversion from 'S64' to 'S32', possible loss of data
  (compiling source file 'settings.cpp')
  
C:\Users\ookam\Code\survival\postal-code\RSPiX\Src\ORANGE\QuickMath\QuickMath.h(193,12): warning C4244: '=': conversion from 'S64' to 'S32', possible loss of data
  (compiling source file 'settings.cpp')
  
C:\Users\ookam\Code\survival\postal-code\RSPiX\Src\ORANGE\QuickMath\VectorMath.h(86,2): warning C5208: unnamed class used in typedef name cannot declare members other than non-static data members, member enumerations, or member classes
  (compiling source file 'settings.cpp')
  
C:\Users\ookam\Code\survival\postal-code\RSPiX\Src\ORANGE\QuickMath\VectorMath.h(136,9): warning C4244: 'initializing': conversion from 'double' to 'float', possible loss of data
  (compiling source file 'settings.cpp')
  
C:\Users\ookam\Code\survival\postal-code\RSPiX\Src\ORANGE\Meter\meter.h(192,4): warning C4996: 'strcpy': This function or variable may be unsafe. Consider using strcpy_s instead. To disable deprecation, use _CRT_SECURE_NO_WARNINGS. See online help for details.
  (compiling source file 'settings.cpp')
  
C:\Users\ookam\Code\survival\postal-code\RSPiX\Src\ORANGE\RString\rstring.h(408,16): warning C4996: 'sprintf': This function or variable may be unsafe. Consider using sprintf_s instead. To disable deprecation, use _CRT_SECURE_NO_WARNINGS. See online help for details.
  (compiling source file 'settings.cpp')
  
C:\Users\ookam\Code\survival\postal-code\RSPiX\Src\ORANGE\RString\rstring.h(416,16): warning C4996: 'sprintf': This function or variable may be unsafe. Consider using sprintf_s instead. To disable deprecation, use _CRT_SECURE_NO_WARNINGS. See online help for details.
  (compiling source file 'settings.cpp')
  
C:\Users\ookam\Code\survival\postal-code\RSPiX\Src\ORANGE\RString\rstring.h(424,16): warning C4996: 'sprintf': This function or variable may be unsafe. Consider using sprintf_s instead. To disable deprecation, use _CRT_SECURE_NO_WARNINGS. See online help for details.
  (compiling source file 'settings.cpp')
  
C:\Users\ookam\Code\survival\postal-code\RSPiX\Src\ORANGE\RString\rstring.h(432,16): warning C4996: 'sprintf': This function or variable may be unsafe. Consider using sprintf_s instead. To disable deprecation, use _CRT_SECURE_NO_WARNINGS. See online help for details.
  (compiling source file 'settings.cpp')
  
C:\Users\ookam\Code\survival\postal-code\RSPiX\Src\ORANGE\RString\rstring.h(499,17): warning C4996: 'sprintf': This function or variable may be unsafe. Consider using sprintf_s instead. To disable deprecation, use _CRT_SECURE_NO_WARNINGS. See online help for details.
  (compiling source file 'settings.cpp')
  
C:\Users\ookam\Code\survival\postal-code\RSPiX\Src\ORANGE\RString\rstring.h(507,17): warning C4996: 'sprintf': This function or variable may be unsafe. Consider using sprintf_s instead. To disable deprecation, use _CRT_SECURE_NO_WARNINGS. See online help for details.
  (compiling source file 'settings.cpp')
  
C:\Users\ookam\Code\survival\postal-code\RSPiX\Src\ORANGE\RString\rstring.h(515,17): warning C4996: 'sprintf': This function or variable may be unsafe. Consider using sprintf_s instead. To disable deprecation, use _CRT_SECURE_NO_WARNINGS. See online help for details.
  (compiling source file 'settings.cpp')
  
C:\Users\ookam\Code\survival\postal-code\RSPiX\Src\ORANGE\RString\rstring.h(523,17): warning C4996: 'sprintf': This function or variable may be unsafe. Consider using sprintf_s instead. To disable deprecation, use _CRT_SECURE_NO_WARNINGS. See online help for details.
  (compiling source file 'settings.cpp')
  
C:\Users\ookam\Code\survival\postal-code\WishPiX\Prefs\prefline.h(56,16): warning C4091: 'typedef ': ignored on left of 'RPrefsLine::ePrefsLineType' when no variable is declared
  (compiling source file 'settings.cpp')
  
C:\Users\ookam\Code\survival\postal-code\WishPiX\Prefs\prefs.h(47,16): warning C4091: 'typedef ': ignored on left of 'RPrefs::ePrefs' when no variable is declared
  (compiling source file 'settings.cpp')
  
C:\Users\ookam\Code\survival\postal-code\settings.h(41,4): warning C4091: 'typedef ': ignored on left of 'CSettings::<unnamed-enum-MemFileSize>' when no variable is declared
  (compiling source file 'settings.cpp')
  
  yatime.cpp
C:\Users\ookam\Code\survival\postal-code\RSPiX\Src\Blue\unix\UnixSystem.h(247,5): warning C4996: '_snprintf': This function or variable may be unsafe. Consider using _snprintf_s instead. To disable deprecation, use _CRT_SECURE_NO_WARNINGS. See online help for details.
  (compiling source file 'yatime.cpp')
  
C:\Users\ookam\Code\survival\postal-code\RSPiX\Src\Blue\unix\UnixSystem.h(253,5): warning C4996: '_snprintf': This function or variable may be unsafe. Consider using _snprintf_s instead. To disable deprecation, use _CRT_SECURE_NO_WARNINGS. See online help for details.
  (compiling source file 'yatime.cpp')
  
C:\Users\ookam\Code\survival\postal-code\RSPiX\Src\Blue\unix\UnixSystem.h(259,5): warning C4996: '_snprintf': This function or variable may be unsafe. Consider using _snprintf_s instead. To disable deprecation, use _CRT_SECURE_NO_WARNINGS. See online help for details.
  (compiling source file 'yatime.cpp')
  
  Generating Code...
  Postal Common.vcxproj -> C:\Users\ookam\Code\survival\postal-code\Build\Postal Common\Debug\Postal Common.lib
